6.7s 1 0.00s - Debugger warning: It seems that frozen modules are being used, which may
6.7s 2 0.00s - make the debugger miss breakpoints. Please pass -Xfrozen_modules=off
6.7s 3 0.00s - to python to disable frozen modules.
6.7s 4 0.00s - Note: Debugging will proceed. Set PYDEVD_DISABLE_FILE_VALIDATION=1 to disable this validation.
7.3s 5 0.00s - Debugger warning: It seems that frozen modules are being used, which may
7.3s 6 0.00s - make the debugger miss breakpoints. Please pass -Xfrozen_modules=off
7.3s 7 0.00s - to python to disable frozen modules.
7.3s 8 0.00s - Note: Debugging will proceed. Set PYDEVD_DISABLE_FILE_VALIDATION=1 to disable this validation.
15.7s 9 Device: cuda
15.8s 10 CFG validated: all 42 required keys present.
15.8s 11 N_SEEDS=5, SEEDS=[42, 43, 44, 45, 46]
15.8s 12 RUN_MULTISEED=True  RUN_KFOLD=True  kfold_n_splits=5  early_stop_metric='dice'
15.9s 13 Loaded demographics for 20 patients. Columns: ['patient_id', 'sex', 'days_between_studies', 'patient_age_at_first_study', 'ms_type']
15.9s 14 
15.9s 15 sex distribution:
15.9s 16 sex
15.9s 17 F    15
15.9s 18 M     5
15.9s 19 Name: count, dtype: int64
15.9s 20 
15.9s 21 ms_type distribution:
15.9s 22 ms_type
15.9s 23 RR    14
15.9s 24 SP     1
15.9s 25 Name: count, dtype: int64
15.9s 26 
15.9s 27 days_between_studies: mean=326.8, std=175.1, range=[81, 723]
15.9s 28 patient_age_at_first_study: mean=34.1, std=11.2, range=[19, 50]
16.4s 29 Found 20 patients under /kaggle/input/datasets/farahmo/longitudinal-mri-data/Longitudinal MR_data
16.4s 30 [split] stratification by 'ms_type' not viable (missing labels: True, class sizes: {'RR': np.int64(14), nan: np.int64(5), 'SP': np.int64(1)}) -- falling back to plain random split.
16.4s 31 [split] plain random split (no demographics-based stratification).
16.4s 32 patients -> train 14 / val 3 / test 3  (patient-level split, no patient appears in more than one of these lists)
139.4s 33 [SliceCache] loaded + precomputed 14 patient(s), 613 usable slice(s).
167.5s 34 [SliceCache] loaded + precomputed 3 patient(s), 122 usable slice(s).
192.9s 35 [SliceCache] loaded + precomputed 3 patient(s), 126 usable slice(s).
192.9s 36 slices -> train 613 / val 122 / test 126
193.1s 37 input : torch.Size([2, 3, 64, 64])  curvature output: torch.Size([2, 3, 64, 64])  finite: True
193.3s 38 Running SCL (lambda, alpha) grid search on training data...
194.4s 39 lambda=0.20  alpha=0.02  ->  lesion-discrimination AUC = 0.3945  (n=8/8 usable batches)
194.7s 40 lambda=0.20  alpha=0.05  ->  lesion-discrimination AUC = 0.3974  (n=8/8 usable batches)
195.0s 41 lambda=0.20  alpha=0.10  ->  lesion-discrimination AUC = 0.3936  (n=8/8 usable batches)
195.2s 42 lambda=0.20  alpha=0.20  ->  lesion-discrimination AUC = 0.3785  (n=8/8 usable batches)
195.5s 43 lambda=0.40  alpha=0.02  ->  lesion-discrimination AUC = 0.3642  (n=8/8 usable batches)
195.8s 44 lambda=0.40  alpha=0.05  ->  lesion-discrimination AUC = 0.3846  (n=8/8 usable batches)
196.1s 45 lambda=0.40  alpha=0.10  ->  lesion-discrimination AUC = 0.3933  (n=8/8 usable batches)
196.4s 46 lambda=0.40  alpha=0.20  ->  lesion-discrimination AUC = 0.3875  (n=8/8 usable batches)
196.7s 47 lambda=0.60  alpha=0.02  ->  lesion-discrimination AUC = 0.3604  (n=8/8 usable batches)
197.0s 48 lambda=0.60  alpha=0.05  ->  lesion-discrimination AUC = 0.3976  (n=8/8 usable batches)
197.3s 49 lambda=0.60  alpha=0.10  ->  lesion-discrimination AUC = 0.3943  (n=8/8 usable batches)
197.6s 50 lambda=0.60  alpha=0.20  ->  lesion-discrimination AUC = 0.3875  (n=8/8 usable batches)
197.9s 51 lambda=0.80  alpha=0.02  ->  lesion-discrimination AUC = 0.3987  (n=8/8 usable batches)
198.1s 52 lambda=0.80  alpha=0.05  ->  lesion-discrimination AUC = 0.4045  (n=8/8 usable batches)
198.4s 53 lambda=0.80  alpha=0.10  ->  lesion-discrimination AUC = 0.3985  (n=8/8 usable batches)
198.6s 54 lambda=0.80  alpha=0.20  ->  lesion-discrimination AUC = 0.3637  (n=8/8 usable batches)
198.6s 55 
198.6s 56 Selected on this dataset: lambda* = 0.8, alpha* = 0.05  (AUC = 0.4045)
199.1s 57 Baseline                 : 1,604,708 params
199.1s 58 SCL-Latent (primary)     : 1,637,604 params
199.6s 59 Estimated BCE pos_weight from training data: 100.00
199.6s 60 
199.6s 61 Training Baseline World Model (no SCL)...
204.9s 62 /tmp/ipykernel_23/1756534611.py:49: FutureWarning: `torch.cuda.amp.GradScaler(args...)` is deprecated. Please use `torch.amp.GradScaler('cuda', args...)` instead.
204.9s 63 scaler = torch.cuda.amp.GradScaler(enabled=use_amp)
204.9s 64 
204.9s 65 /tmp/ipykernel_23/1756534611.py:49: FutureWarning: `torch.cuda.amp.GradScaler(args...)` is deprecated. Please use `torch.amp.GradScaler('cuda', args...)` instead.
204.9s 66 scaler = torch.cuda.amp.GradScaler(enabled=use_amp)
209.6s 67 [Baseline] epoch 01/30  train_loss=1.3012  val_loss=1.3119  val_dice=0.0126  lr=3.00e-04 *
211.3s 68 [Baseline] epoch 02/30  train_loss=1.1637  val_loss=1.2115  val_dice=0.0111  lr=2.99e-04
213.0s 69 [Baseline] epoch 03/30  train_loss=1.1519  val_loss=1.2184  val_dice=0.0123  lr=2.97e-04
214.6s 70 [Baseline] epoch 04/30  train_loss=1.1482  val_loss=1.1872  val_dice=0.0117  lr=2.93e-04
216.3s 71 [Baseline] epoch 05/30  train_loss=1.1501  val_loss=1.2302  val_dice=0.0135  lr=2.87e-04 *
218.0s 72 [Baseline] epoch 06/30  train_loss=1.1467  val_loss=1.2136  val_dice=0.0124  lr=2.80e-04
219.7s 73 [Baseline] epoch 07/30  train_loss=1.1403  val_loss=1.1951  val_dice=0.0132  lr=2.72e-04
221.4s 74 [Baseline] epoch 08/30  train_loss=1.1401  val_loss=1.2024  val_dice=0.0137  lr=2.62e-04 *
223.0s 75 [Baseline] epoch 09/30  train_loss=1.1373  val_loss=1.1866  val_dice=0.0129  lr=2.51e-04
224.8s 76 [Baseline] epoch 10/30  train_loss=1.1360  val_loss=1.1822  val_dice=0.0143  lr=2.39e-04 *
226.5s 77 [Baseline] epoch 11/30  train_loss=1.1371  val_loss=1.1932  val_dice=0.0147  lr=2.26e-04 *
228.2s 78 [Baseline] epoch 12/30  train_loss=1.1328  val_loss=1.1885  val_dice=0.0144  lr=2.12e-04
229.9s 79 [Baseline] epoch 13/30  train_loss=1.1313  val_loss=1.1933  val_dice=0.0154  lr=1.97e-04 *
231.6s 80 [Baseline] epoch 14/30  train_loss=1.1285  val_loss=1.1792  val_dice=0.0151  lr=1.82e-04
233.3s 81 [Baseline] epoch 15/30  train_loss=1.1262  val_loss=1.1869  val_dice=0.0137  lr=1.67e-04
235.0s 82 [Baseline] epoch 16/30  train_loss=1.1264  val_loss=1.2024  val_dice=0.0160  lr=1.51e-04 *
236.7s 83 [Baseline] epoch 17/30  train_loss=1.1229  val_loss=1.1910  val_dice=0.0154  lr=1.36e-04
238.4s 84 [Baseline] epoch 18/30  train_loss=1.1218  val_loss=1.1903  val_dice=0.0167  lr=1.21e-04 *
240.1s 85 [Baseline] epoch 19/30  train_loss=1.1183  val_loss=1.1841  val_dice=0.0159  lr=1.06e-04
241.9s 86 [Baseline] epoch 20/30  train_loss=1.1186  val_loss=1.1844  val_dice=0.0158  lr=9.11e-05
243.6s 87 [Baseline] epoch 21/30  train_loss=1.1151  val_loss=1.1943  val_dice=0.0174  lr=7.73e-05 *
245.3s 88 [Baseline] epoch 22/30  train_loss=1.1131  val_loss=1.1955  val_dice=0.0177  lr=6.42e-05 *
247.1s 89 [Baseline] epoch 23/30  train_loss=1.1129  val_loss=1.1914  val_dice=0.0175  lr=5.21e-05
248.8s 90 [Baseline] epoch 24/30  train_loss=1.1102  val_loss=1.1922  val_dice=0.0174  lr=4.11e-05
250.5s 91 [Baseline] epoch 25/30  train_loss=1.1091  val_loss=1.2004  val_dice=0.0177  lr=3.14e-05 *
252.3s 92 [Baseline] epoch 26/30  train_loss=1.1090  val_loss=1.1866  val_dice=0.0172  lr=2.29e-05
254.0s 93 [Baseline] epoch 27/30  train_loss=1.1077  val_loss=1.1878  val_dice=0.0175  lr=1.58e-05
255.7s 94 [Baseline] epoch 28/30  train_loss=1.1068  val_loss=1.1903  val_dice=0.0178  lr=1.03e-05 *
257.4s 95 [Baseline] epoch 29/30  train_loss=1.1083  val_loss=1.1863  val_dice=0.0175  lr=6.25e-06
259.2s 96 [Baseline] epoch 30/30  train_loss=1.1071  val_loss=1.1882  val_dice=0.0174  lr=3.81e-06
259.2s 97 
259.2s 98 Training SCL-World Model (latent geometric regulariser, tuned lambda*/alpha*)...
264.3s 99 [SCL-Latent] epoch 01/30  train_loss=1.3332  val_loss=1.2974  val_dice=0.0122  lr=3.00e-04 *
267.7s 100 [SCL-Latent] epoch 02/30  train_loss=1.1775  val_loss=1.2002  val_dice=0.0116  lr=2.99e-04
271.2s 101 [SCL-Latent] epoch 03/30  train_loss=1.1603  val_loss=1.2727  val_dice=0.0117  lr=2.97e-04
274.6s 102 [SCL-Latent] epoch 04/30  train_loss=1.1570  val_loss=1.2763  val_dice=0.0113  lr=2.93e-04
278.1s 103 [SCL-Latent] epoch 05/30  train_loss=1.1540  val_loss=1.2301  val_dice=0.0122  lr=2.87e-04 *
281.6s 104 [SCL-Latent] epoch 06/30  train_loss=1.1536  val_loss=1.2176  val_dice=0.0132  lr=2.80e-04 *
285.1s 105 [SCL-Latent] epoch 07/30  train_loss=1.1500  val_loss=1.2237  val_dice=0.0128  lr=2.72e-04
288.8s 106 [SCL-Latent] epoch 08/30  train_loss=1.1465  val_loss=1.2116  val_dice=0.0137  lr=2.62e-04 *
292.4s 107 [SCL-Latent] epoch 09/30  train_loss=1.1409  val_loss=1.2076  val_dice=0.0132  lr=2.51e-04
296.0s 108 [SCL-Latent] epoch 10/30  train_loss=1.1400  val_loss=1.2298  val_dice=0.0136  lr=2.39e-04
299.6s 109 [SCL-Latent] epoch 11/30  train_loss=1.1381  val_loss=1.1850  val_dice=0.0135  lr=2.26e-04
303.3s 110 [SCL-Latent] epoch 12/30  train_loss=1.1387  val_loss=1.2069  val_dice=0.0144  lr=2.12e-04 *
306.9s 111 [SCL-Latent] epoch 13/30  train_loss=1.1359  val_loss=1.1772  val_dice=0.0147  lr=1.97e-04 *
310.5s 112 [SCL-Latent] epoch 14/30  train_loss=1.1345  val_loss=1.2046  val_dice=0.0142  lr=1.82e-04
314.1s 113 [SCL-Latent] epoch 15/30  train_loss=1.1286  val_loss=1.2003  val_dice=0.0159  lr=1.67e-04 *
317.7s 114 [SCL-Latent] epoch 16/30  train_loss=1.1255  val_loss=1.1986  val_dice=0.0162  lr=1.51e-04 *
321.4s 115 [SCL-Latent] epoch 17/30  train_loss=1.1212  val_loss=1.1836  val_dice=0.0166  lr=1.36e-04 *
325.0s 116 [SCL-Latent] epoch 18/30  train_loss=1.1200  val_loss=1.1786  val_dice=0.0168  lr=1.21e-04 *
328.6s 117 [SCL-Latent] epoch 19/30  train_loss=1.1179  val_loss=1.1897  val_dice=0.0174  lr=1.06e-04 *
332.2s 118 [SCL-Latent] epoch 20/30  train_loss=1.1176  val_loss=1.2022  val_dice=0.0175  lr=9.11e-05 *
335.9s 119 [SCL-Latent] epoch 21/30  train_loss=1.1170  val_loss=1.1893  val_dice=0.0187  lr=7.73e-05 *
339.7s 120 [SCL-Latent] epoch 22/30  train_loss=1.1131  val_loss=1.1882  val_dice=0.0182  lr=6.42e-05
343.3s 121 [SCL-Latent] epoch 23/30  train_loss=1.1081  val_loss=1.1917  val_dice=0.0191  lr=5.21e-05 *
347.0s 122 [SCL-Latent] epoch 24/30  train_loss=1.1082  val_loss=1.1948  val_dice=0.0193  lr=4.11e-05 *
350.6s 123 [SCL-Latent] epoch 25/30  train_loss=1.1046  val_loss=1.1908  val_dice=0.0199  lr=3.14e-05 *
354.2s 124 [SCL-Latent] epoch 26/30  train_loss=1.1027  val_loss=1.1965  val_dice=0.0199  lr=2.29e-05 *
357.8s 125 [SCL-Latent] epoch 27/30  train_loss=1.1027  val_loss=1.1967  val_dice=0.0204  lr=1.58e-05 *
361.5s 126 [SCL-Latent] epoch 28/30  train_loss=1.1007  val_loss=1.2046  val_dice=0.0204  lr=1.03e-05 *
365.1s 127 [SCL-Latent] epoch 29/30  train_loss=1.0989  val_loss=1.2012  val_dice=0.0205  lr=6.25e-06 *
368.5s 128 [SCL-Latent] epoch 30/30  train_loss=1.0983  val_loss=1.2043  val_dice=0.0207  lr=3.81e-06 *
371.8s 129 Patient-weighted (PRIMARY, n=3 test patients):
371.8s 130 n_patients  psnr_mean  psnr_std  ssim_mean  ssim_std  \
371.8s 131 model
371.8s 132 Baseline (no SCL)            3  26.770195  1.926339   0.876434  0.017272
371.8s 133 SCL-World (latent)           3  26.819748  1.895692   0.876650  0.017942
371.8s 134 
371.8s 135 dice_mean  dice_std
371.8s 136 model
371.8s 137 Baseline (no SCL)    0.264147  0.135132
371.8s 138 SCL-World (latent)   0.286100  0.167887
371.8s 139 
371.8s 140 Slice-weighted (descriptive only -- do not use for significance testing):
371.8s 141 psnr_mean  psnr_std  ssim_mean  ssim_std  dice_mean  \
371.8s 142 model
371.8s 143 Baseline (no SCL)   26.831486  3.875313   0.876975  0.049623   0.268824
371.8s 144 SCL-World (latent)  26.879110  3.965044   0.877218  0.040151   0.291890
371.8s 145 
371.8s 146 dice_std
371.8s 147 model
371.8s 148 Baseline (no SCL)   0.420538
371.8s 149 SCL-World (latent)  0.425801
372.0s 150 Training SCL-Input ablation...
372.1s 151 /tmp/ipykernel_23/1756534611.py:49: FutureWarning: `torch.cuda.amp.GradScaler(args...)` is deprecated. Please use `torch.amp.GradScaler('cuda', args...)` instead.
372.1s 152 scaler = torch.cuda.amp.GradScaler(enabled=use_amp)
372.1s 153 
372.1s 154 /tmp/ipykernel_23/1756534611.py:49: FutureWarning: `torch.cuda.amp.GradScaler(args...)` is deprecated. Please use `torch.amp.GradScaler('cuda', args...)` instead.
372.1s 155 scaler = torch.cuda.amp.GradScaler(enabled=use_amp)
375.6s 156 [SCL-Input] epoch 01/30  train_loss=1.2731  val_loss=1.4512  val_dice=0.0093  lr=3.00e-04 *
379.0s 157 [SCL-Input] epoch 02/30  train_loss=1.1652  val_loss=1.2396  val_dice=0.0116  lr=2.99e-04 *
382.4s 158 [SCL-Input] epoch 03/30  train_loss=1.1613  val_loss=1.2459  val_dice=0.0123  lr=2.97e-04 *
385.8s 159 [SCL-Input] epoch 04/30  train_loss=1.1586  val_loss=1.2246  val_dice=0.0126  lr=2.93e-04 *
389.2s 160 [SCL-Input] epoch 05/30  train_loss=1.1563  val_loss=1.2112  val_dice=0.0110  lr=2.87e-04
392.6s 161 [SCL-Input] epoch 06/30  train_loss=1.1516  val_loss=1.2336  val_dice=0.0127  lr=2.80e-04 *
396.0s 162 [SCL-Input] epoch 07/30  train_loss=1.1482  val_loss=1.2491  val_dice=0.0132  lr=2.72e-04 *
399.5s 163 [SCL-Input] epoch 08/30  train_loss=1.1464  val_loss=1.2036  val_dice=0.0131  lr=2.62e-04
403.0s 164 [SCL-Input] epoch 09/30  train_loss=1.1450  val_loss=1.2174  val_dice=0.0139  lr=2.51e-04 *
406.3s 165 [SCL-Input] epoch 10/30  train_loss=1.1419  val_loss=1.1924  val_dice=0.0138  lr=2.39e-04
409.8s 166 [SCL-Input] epoch 11/30  train_loss=1.1388  val_loss=1.2222  val_dice=0.0134  lr=2.26e-04
413.3s 167 [SCL-Input] epoch 12/30  train_loss=1.1386  val_loss=1.2127  val_dice=0.0140  lr=2.12e-04 *
416.7s 168 [SCL-Input] epoch 13/30  train_loss=1.1356  val_loss=1.1861  val_dice=0.0134  lr=1.97e-04
420.2s 169 [SCL-Input] epoch 14/30  train_loss=1.1367  val_loss=1.1920  val_dice=0.0133  lr=1.82e-04
423.6s 170 [SCL-Input] epoch 15/30  train_loss=1.1348  val_loss=1.1995  val_dice=0.0149  lr=1.67e-04 *
427.0s 171 [SCL-Input] epoch 16/30  train_loss=1.1320  val_loss=1.1914  val_dice=0.0156  lr=1.51e-04 *
430.4s 172 [SCL-Input] epoch 17/30  train_loss=1.1327  val_loss=1.1921  val_dice=0.0158  lr=1.36e-04 *
433.8s 173 [SCL-Input] epoch 18/30  train_loss=1.1306  val_loss=1.2070  val_dice=0.0150  lr=1.21e-04
437.2s 174 [SCL-Input] epoch 19/30  train_loss=1.1279  val_loss=1.1840  val_dice=0.0155  lr=1.06e-04
440.6s 175 [SCL-Input] epoch 20/30  train_loss=1.1256  val_loss=1.1910  val_dice=0.0150  lr=9.11e-05
444.0s 176 [SCL-Input] epoch 21/30  train_loss=1.1229  val_loss=1.2025  val_dice=0.0164  lr=7.73e-05 *
447.4s 177 [SCL-Input] epoch 22/30  train_loss=1.1248  val_loss=1.1837  val_dice=0.0147  lr=6.42e-05
450.7s 178 [SCL-Input] epoch 23/30  train_loss=1.1237  val_loss=1.2064  val_dice=0.0163  lr=5.21e-05
454.1s 179 [SCL-Input] epoch 24/30  train_loss=1.1173  val_loss=1.1879  val_dice=0.0166  lr=4.11e-05 *
457.5s 180 [SCL-Input] epoch 25/30  train_loss=1.1184  val_loss=1.1936  val_dice=0.0160  lr=3.14e-05
460.9s 181 [SCL-Input] epoch 26/30  train_loss=1.1140  val_loss=1.1966  val_dice=0.0170  lr=2.29e-05 *
464.3s 182 [SCL-Input] epoch 27/30  train_loss=1.1168  val_loss=1.1949  val_dice=0.0170  lr=1.58e-05 *
467.7s 183 [SCL-Input] epoch 28/30  train_loss=1.1139  val_loss=1.1968  val_dice=0.0172  lr=1.03e-05 *
471.1s 184 [SCL-Input] epoch 29/30  train_loss=1.1148  val_loss=1.1951  val_dice=0.0173  lr=6.25e-06 *
474.5s 185 [SCL-Input] epoch 30/30  train_loss=1.1153  val_loss=1.1948  val_dice=0.0173  lr=3.81e-06
474.5s 186 
474.5s 187 Training CurvatureDynamics ablation...
478.6s 188 [CurvatureDynamics] epoch 01/30  train_loss=1.2681  val_loss=1.3491  val_dice=0.0103  lr=3.00e-04 *
482.7s 189 [CurvatureDynamics] epoch 02/30  train_loss=1.1678  val_loss=1.2094  val_dice=0.0102  lr=2.99e-04
486.8s 190 [CurvatureDynamics] epoch 03/30  train_loss=1.1575  val_loss=1.2115  val_dice=0.0119  lr=2.97e-04 *
490.8s 191 [CurvatureDynamics] epoch 04/30  train_loss=1.1519  val_loss=1.2067  val_dice=0.0126  lr=2.93e-04 *
494.9s 192 [CurvatureDynamics] epoch 05/30  train_loss=1.1479  val_loss=1.2143  val_dice=0.0122  lr=2.87e-04
498.9s 193 [CurvatureDynamics] epoch 06/30  train_loss=1.1450  val_loss=1.1887  val_dice=0.0133  lr=2.80e-04 *
503.0s 194 [CurvatureDynamics] epoch 07/30  train_loss=1.1397  val_loss=1.1926  val_dice=0.0152  lr=2.72e-04 *
507.0s 195 [CurvatureDynamics] epoch 08/30  train_loss=1.1432  val_loss=1.1958  val_dice=0.0132  lr=2.62e-04
511.0s 196 [CurvatureDynamics] epoch 09/30  train_loss=1.1392  val_loss=1.1962  val_dice=0.0141  lr=2.51e-04
515.0s 197 [CurvatureDynamics] epoch 10/30  train_loss=1.1368  val_loss=1.1773  val_dice=0.0154  lr=2.39e-04 *
519.0s 198 [CurvatureDynamics] epoch 11/30  train_loss=1.1323  val_loss=1.2022  val_dice=0.0141  lr=2.26e-04
523.1s 199 [CurvatureDynamics] epoch 12/30  train_loss=1.1309  val_loss=1.1806  val_dice=0.0152  lr=2.12e-04
527.2s 200 [CurvatureDynamics] epoch 13/30  train_loss=1.1298  val_loss=1.1805  val_dice=0.0150  lr=1.97e-04
531.2s 201 [CurvatureDynamics] epoch 14/30  train_loss=1.1270  val_loss=1.1841  val_dice=0.0146  lr=1.82e-04
535.2s 202 [CurvatureDynamics] epoch 15/30  train_loss=1.1240  val_loss=1.2077  val_dice=0.0164  lr=1.67e-04 *
539.2s 203 [CurvatureDynamics] epoch 16/30  train_loss=1.1239  val_loss=1.1872  val_dice=0.0186  lr=1.51e-04 *
543.2s 204 [CurvatureDynamics] epoch 17/30  train_loss=1.1217  val_loss=1.2066  val_dice=0.0165  lr=1.36e-04
547.2s 205 [CurvatureDynamics] epoch 18/30  train_loss=1.1234  val_loss=1.1807  val_dice=0.0177  lr=1.21e-04
551.2s 206 [CurvatureDynamics] epoch 19/30  train_loss=1.1167  val_loss=1.1786  val_dice=0.0177  lr=1.06e-04
555.2s 207 [CurvatureDynamics] epoch 20/30  train_loss=1.1168  val_loss=1.1809  val_dice=0.0187  lr=9.11e-05 *
559.3s 208 [CurvatureDynamics] epoch 21/30  train_loss=1.1129  val_loss=1.1745  val_dice=0.0179  lr=7.73e-05
563.3s 209 [CurvatureDynamics] epoch 22/30  train_loss=1.1131  val_loss=1.1893  val_dice=0.0189  lr=6.42e-05 *
567.3s 210 [CurvatureDynamics] epoch 23/30  train_loss=1.1126  val_loss=1.1768  val_dice=0.0185  lr=5.21e-05
571.4s 211 [CurvatureDynamics] epoch 24/30  train_loss=1.1090  val_loss=1.1761  val_dice=0.0192  lr=4.11e-05 *
575.5s 212 [CurvatureDynamics] epoch 25/30  train_loss=1.1057  val_loss=1.1813  val_dice=0.0198  lr=3.14e-05 *
579.5s 213 [CurvatureDynamics] epoch 26/30  train_loss=1.1053  val_loss=1.1797  val_dice=0.0198  lr=2.29e-05 *
583.5s 214 [CurvatureDynamics] epoch 27/30  train_loss=1.1047  val_loss=1.1788  val_dice=0.0206  lr=1.58e-05 *
587.5s 215 [CurvatureDynamics] epoch 28/30  train_loss=1.1032  val_loss=1.1820  val_dice=0.0206  lr=1.03e-05
591.6s 216 [CurvatureDynamics] epoch 29/30  train_loss=1.1021  val_loss=1.1839  val_dice=0.0206  lr=6.25e-06 *
595.6s 217 [CurvatureDynamics] epoch 30/30  train_loss=1.1008  val_loss=1.1813  val_dice=0.0206  lr=3.81e-06
595.6s 218 
595.6s 219 Training learnable-SCL variant...
599.3s 220 [SCL-Learnable] epoch 01/30  train_loss=1.2839  val_loss=1.3264  val_dice=0.0114  lr=3.00e-04 *
603.0s 221 [SCL-Learnable] epoch 02/30  train_loss=1.1656  val_loss=1.2915  val_dice=0.0107  lr=2.99e-04
606.6s 222 [SCL-Learnable] epoch 03/30  train_loss=1.1607  val_loss=1.2010  val_dice=0.0121  lr=2.97e-04 *
610.3s 223 [SCL-Learnable] epoch 04/30  train_loss=1.1531  val_loss=1.2759  val_dice=0.0117  lr=2.93e-04
614.0s 224 [SCL-Learnable] epoch 05/30  train_loss=1.1533  val_loss=1.2071  val_dice=0.0124  lr=2.87e-04 *
617.7s 225 [SCL-Learnable] epoch 06/30  train_loss=1.1493  val_loss=1.2362  val_dice=0.0125  lr=2.80e-04 *
621.4s 226 [SCL-Learnable] epoch 07/30  train_loss=1.1434  val_loss=1.2225  val_dice=0.0127  lr=2.72e-04 *
625.0s 227 [SCL-Learnable] epoch 08/30  train_loss=1.1433  val_loss=1.1949  val_dice=0.0127  lr=2.62e-04 *
628.6s 228 [SCL-Learnable] epoch 09/30  train_loss=1.1448  val_loss=1.2302  val_dice=0.0132  lr=2.51e-04 *
632.3s 229 [SCL-Learnable] epoch 10/30  train_loss=1.1401  val_loss=1.2039  val_dice=0.0130  lr=2.39e-04
635.9s 230 [SCL-Learnable] epoch 11/30  train_loss=1.1372  val_loss=1.2037  val_dice=0.0141  lr=2.26e-04 *
639.6s 231 [SCL-Learnable] epoch 12/30  train_loss=1.1389  val_loss=1.2137  val_dice=0.0133  lr=2.12e-04
643.2s 232 [SCL-Learnable] epoch 13/30  train_loss=1.1325  val_loss=1.1987  val_dice=0.0137  lr=1.97e-04
646.9s 233 [SCL-Learnable] epoch 14/30  train_loss=1.1334  val_loss=1.1872  val_dice=0.0128  lr=1.82e-04
650.5s 234 [SCL-Learnable] epoch 15/30  train_loss=1.1324  val_loss=1.2026  val_dice=0.0140  lr=1.67e-04
654.2s 235 [SCL-Learnable] epoch 16/30  train_loss=1.1284  val_loss=1.2074  val_dice=0.0140  lr=1.51e-04
657.9s 236 [SCL-Learnable] epoch 17/30  train_loss=1.1285  val_loss=1.2014  val_dice=0.0146  lr=1.36e-04 *
661.5s 237 [SCL-Learnable] epoch 18/30  train_loss=1.1245  val_loss=1.2064  val_dice=0.0153  lr=1.21e-04 *
665.1s 238 [SCL-Learnable] epoch 19/30  train_loss=1.1228  val_loss=1.2061  val_dice=0.0146  lr=1.06e-04
668.8s 239 [SCL-Learnable] epoch 20/30  train_loss=1.1160  val_loss=1.2041  val_dice=0.0147  lr=9.11e-05
672.4s 240 [SCL-Learnable] epoch 21/30  train_loss=1.1156  val_loss=1.2131  val_dice=0.0160  lr=7.73e-05 *
676.1s 241 [SCL-Learnable] epoch 22/30  train_loss=1.1156  val_loss=1.1941  val_dice=0.0149  lr=6.42e-05
679.8s 242 [SCL-Learnable] epoch 23/30  train_loss=1.1113  val_loss=1.2140  val_dice=0.0153  lr=5.21e-05
683.5s 243 [SCL-Learnable] epoch 24/30  train_loss=1.1094  val_loss=1.2166  val_dice=0.0150  lr=4.11e-05
687.2s 244 [SCL-Learnable] epoch 25/30  train_loss=1.1050  val_loss=1.2308  val_dice=0.0155  lr=3.14e-05
690.9s 245 [SCL-Learnable] epoch 26/30  train_loss=1.1044  val_loss=1.2300  val_dice=0.0160  lr=2.29e-05
694.5s 246 [SCL-Learnable] epoch 27/30  train_loss=1.1002  val_loss=1.2356  val_dice=0.0160  lr=1.58e-05
694.5s 247 [SCL-Learnable] early stopping at epoch 27 (no improvement in val dice for 6 epochs; best was epoch 21)
694.5s 248 
694.5s 249 Learned (lambda, alpha) after training: (0.8279, 0.0531)  [started from (0.8, 0.05)]
696.4s 250 psnr_mean  ssim_mean  dice_mean
696.4s 251 model
696.4s 252 Baseline (no SCL)   26.770195   0.876434   0.264147
696.4s 253 SCL-World (latent)  26.819748   0.876650   0.286100
696.4s 254 SCL-Input           25.914844   0.853900   0.275803
696.4s 255 CurvatureDynamics   27.144676   0.872033   0.296100
696.4s 256 SCL-Learnable       26.096841   0.690469   0.236847
696.8s 257 SCL-energy correlation (predicted vs. true study2): r=0.653, MAE=0.0109
699.1s 258 PATIENT-LEVEL test (valid for inference; n = 3 test patients):
699.1s 259 [caution] only 3 test patients -- any test here has very low power; a non-significant p-value is NOT evidence of no effect at this n.
699.1s 260 PSNR   (n=3 patients): mean(SCL - Baseline) = +0.0496   95% CI [-0.0229, +0.0986]   Wilcoxon p = 0.5
699.3s 261 SSIM   (n=3 patients): mean(SCL - Baseline) = +0.0002   95% CI [-0.0008, +0.0009]   Wilcoxon p = 0.75
699.3s 262 Dice   (n=3 patients): mean(SCL - Baseline) = +0.0220   95% CI [-0.0018, +0.0683]   Wilcoxon p = 1
699.3s 263 
699.3s 264 With Holm-Bonferroni correction across the 3 metrics:
699.3s 265 n  mean_diff     ci_lo     ci_hi  wilcoxon_p  wilcoxon_p_holm  \
699.3s 266 metric
699.3s 267 PSNR    3   0.049553 -0.022913  0.098648        0.50              1.0
699.3s 268 SSIM    3   0.000216 -0.000761  0.000918        0.75              1.0
699.3s 269 Dice    3   0.021953 -0.001792  0.068295        1.00              1.0
699.3s 270 
699.3s 271 significant_after_correction
699.3s 272 metric
699.3s 273 PSNR                           False
699.3s 274 SSIM                           False
699.3s 275 Dice                           False
699.3s 276 
699.3s 277 --- Descriptive-only slice-level pairing (NOT for significance claims) ---
700.5s 278 n slice-level pairs: PSNR/SSIM=378, Dice=126
700.5s 279 psnr: slice-level mean diff = +0.0476 (descriptive only; do not compute a p-value on this -- see caution above)
700.5s 280 ssim: slice-level mean diff = +0.0002 (descriptive only; do not compute a p-value on this -- see caution above)
700.5s 281 dice: slice-level mean diff = +0.0231 (descriptive only; do not compute a p-value on this -- see caution above)
700.7s 282 Training time-aware SCL-World variant (demo)...
705.3s 283 [TimeAware] epoch 01/30  train_loss=1.3345
709.9s 284 [TimeAware] epoch 02/30  train_loss=1.1715
714.5s 285 [TimeAware] epoch 03/30  train_loss=1.1598
719.1s 286 [TimeAware] epoch 04/30  train_loss=1.1530
723.7s 287 [TimeAware] epoch 05/30  train_loss=1.1512
728.3s 288 [TimeAware] epoch 06/30  train_loss=1.1467
732.9s 289 [TimeAware] epoch 07/30  train_loss=1.1481
737.5s 290 [TimeAware] epoch 08/30  train_loss=1.1495
742.1s 291 [TimeAware] epoch 09/30  train_loss=1.1464
746.7s 292 [TimeAware] epoch 10/30  train_loss=1.1419
751.3s 293 [TimeAware] epoch 11/30  train_loss=1.1392
755.9s 294 [TimeAware] epoch 12/30  train_loss=1.1410
760.5s 295 [TimeAware] epoch 13/30  train_loss=1.1413
765.0s 296 [TimeAware] epoch 14/30  train_loss=1.1350
769.6s 297 [TimeAware] epoch 15/30  train_loss=1.1319
774.1s 298 [TimeAware] epoch 16/30  train_loss=1.1362
778.7s 299 [TimeAware] epoch 17/30  train_loss=1.1257
783.3s 300 [TimeAware] epoch 18/30  train_loss=1.1278
787.9s 301 [TimeAware] epoch 19/30  train_loss=1.1308
792.4s 302 [TimeAware] epoch 20/30  train_loss=1.1238
797.0s 303 [TimeAware] epoch 21/30  train_loss=1.1230
801.6s 304 [TimeAware] epoch 22/30  train_loss=1.1217
806.1s 305 [TimeAware] epoch 23/30  train_loss=1.1179
810.7s 306 [TimeAware] epoch 24/30  train_loss=1.1184
815.3s 307 [TimeAware] epoch 25/30  train_loss=1.1148
819.9s 308 [TimeAware] epoch 26/30  train_loss=1.1117
824.5s 309 [TimeAware] epoch 27/30  train_loss=1.1092
829.1s 310 [TimeAware] epoch 28/30  train_loss=1.1114
833.7s 311 [TimeAware] epoch 29/30  train_loss=1.1073
838.2s 312 [TimeAware] epoch 30/30  train_loss=1.1100
838.4s 313 SCL-World (time-aware): PSNR = 27.72 dB
839.1s 314 n_patients  volume_mae_voxels  volume_corr
839.1s 315 model
839.1s 316 Baseline (no SCL)            3       12418.853302    -0.122428
839.1s 317 SCL-World (latent)           3        7896.853302     0.112758
839.3s 318 
839.3s 319 Per-patient |volume error| difference (SCL - Baseline): -4522.00 voxels, 95% CI [-11175.00, -713.00]
839.3s 320 (negative mean/CI => SCL-World's volume estimates are closer to ground truth)
840.5s 321 
840.5s 322 ========== seed 42 ==========
841.0s 323 lambda=0.20  alpha=0.02  ->  lesion-discrimination AUC = 0.3945  (n=8/8 usable batches)
841.4s 324 lambda=0.20  alpha=0.05  ->  lesion-discrimination AUC = 0.4025  (n=8/8 usable batches)
841.8s 325 lambda=0.20  alpha=0.10  ->  lesion-discrimination AUC = 0.3612  (n=8/8 usable batches)
842.2s 326 lambda=0.20  alpha=0.20  ->  lesion-discrimination AUC = 0.3656  (n=8/8 usable batches)
842.6s 327 lambda=0.40  alpha=0.02  ->  lesion-discrimination AUC = 0.3801  (n=8/8 usable batches)
843.0s 328 lambda=0.40  alpha=0.05  ->  lesion-discrimination AUC = 0.3605  (n=8/8 usable batches)
843.4s 329 lambda=0.40  alpha=0.10  ->  lesion-discrimination AUC = 0.3716  (n=8/8 usable batches)
843.8s 330 lambda=0.40  alpha=0.20  ->  lesion-discrimination AUC = 0.3783  (n=8/8 usable batches)
844.2s 331 lambda=0.60  alpha=0.02  ->  lesion-discrimination AUC = 0.3592  (n=8/8 usable batches)
844.7s 332 lambda=0.60  alpha=0.05  ->  lesion-discrimination AUC = 0.4190  (n=8/8 usable batches)
845.1s 333 lambda=0.60  alpha=0.10  ->  lesion-discrimination AUC = 0.3771  (n=8/8 usable batches)
845.5s 334 lambda=0.60  alpha=0.20  ->  lesion-discrimination AUC = 0.4147  (n=8/8 usable batches)
846.0s 335 lambda=0.80  alpha=0.02  ->  lesion-discrimination AUC = 0.3886  (n=8/8 usable batches)
846.4s 336 lambda=0.80  alpha=0.05  ->  lesion-discrimination AUC = 0.4279  (n=8/8 usable batches)
846.8s 337 lambda=0.80  alpha=0.10  ->  lesion-discrimination AUC = 0.4001  (n=8/8 usable batches)
847.3s 338 lambda=0.80  alpha=0.20  ->  lesion-discrimination AUC = 0.4172  (n=8/8 usable batches)
847.3s 339 [seed 42] selected lambda*=0.8, alpha*=0.05
847.7s 340 /tmp/ipykernel_23/1756534611.py:49: FutureWarning: `torch.cuda.amp.GradScaler(args...)` is deprecated. Please use `torch.amp.GradScaler('cuda', args...)` instead.
847.7s 341 scaler = torch.cuda.amp.GradScaler(enabled=use_amp)
847.7s 342 
847.7s 343 /tmp/ipykernel_23/1756534611.py:49: FutureWarning: `torch.cuda.amp.GradScaler(args...)` is deprecated. Please use `torch.amp.GradScaler('cuda', args...)` instead.
847.7s 344 scaler = torch.cuda.amp.GradScaler(enabled=use_amp)
849.7s 345 [seed42-Baseline] epoch 01/30  train_loss=1.2796  val_loss=1.5079  val_dice=0.0097  lr=3.00e-04 *
851.7s 346 [seed42-Baseline] epoch 02/30  train_loss=1.1568  val_loss=1.2057  val_dice=0.0121  lr=2.99e-04 *
853.7s 347 [seed42-Baseline] epoch 03/30  train_loss=1.1499  val_loss=1.1919  val_dice=0.0122  lr=2.97e-04 *
855.6s 348 [seed42-Baseline] epoch 04/30  train_loss=1.1457  val_loss=1.2215  val_dice=0.0138  lr=2.93e-04 *
857.6s 349 [seed42-Baseline] epoch 05/30  train_loss=1.1427  val_loss=1.2010  val_dice=0.0125  lr=2.87e-04
859.6s 350 [seed42-Baseline] epoch 06/30  train_loss=1.1399  val_loss=1.2039  val_dice=0.0124  lr=2.80e-04
861.6s 351 [seed42-Baseline] epoch 07/30  train_loss=1.1410  val_loss=1.2114  val_dice=0.0136  lr=2.72e-04
863.6s 352 [seed42-Baseline] epoch 08/30  train_loss=1.1399  val_loss=1.2055  val_dice=0.0135  lr=2.62e-04
865.6s 353 [seed42-Baseline] epoch 09/30  train_loss=1.1364  val_loss=1.1987  val_dice=0.0130  lr=2.51e-04
867.6s 354 [seed42-Baseline] epoch 10/30  train_loss=1.1385  val_loss=1.1920  val_dice=0.0141  lr=2.39e-04 *
869.6s 355 [seed42-Baseline] epoch 11/30  train_loss=1.1345  val_loss=1.1833  val_dice=0.0138  lr=2.26e-04
871.6s 356 [seed42-Baseline] epoch 12/30  train_loss=1.1307  val_loss=1.1892  val_dice=0.0139  lr=2.12e-04
873.6s 357 [seed42-Baseline] epoch 13/30  train_loss=1.1311  val_loss=1.1752  val_dice=0.0140  lr=1.97e-04
875.6s 358 [seed42-Baseline] epoch 14/30  train_loss=1.1264  val_loss=1.1902  val_dice=0.0149  lr=1.82e-04 *
877.6s 359 [seed42-Baseline] epoch 15/30  train_loss=1.1269  val_loss=1.1838  val_dice=0.0150  lr=1.67e-04 *
879.6s 360 [seed42-Baseline] epoch 16/30  train_loss=1.1243  val_loss=1.1979  val_dice=0.0156  lr=1.51e-04 *
881.6s 361 [seed42-Baseline] epoch 17/30  train_loss=1.1200  val_loss=1.1836  val_dice=0.0162  lr=1.36e-04 *
883.6s 362 [seed42-Baseline] epoch 18/30  train_loss=1.1188  val_loss=1.2012  val_dice=0.0171  lr=1.21e-04 *
885.6s 363 [seed42-Baseline] epoch 19/30  train_loss=1.1163  val_loss=1.1952  val_dice=0.0174  lr=1.06e-04 *
887.6s 364 [seed42-Baseline] epoch 20/30  train_loss=1.1142  val_loss=1.1962  val_dice=0.0184  lr=9.11e-05 *
889.6s 365 [seed42-Baseline] epoch 21/30  train_loss=1.1117  val_loss=1.1759  val_dice=0.0180  lr=7.73e-05
891.6s 366 [seed42-Baseline] epoch 22/30  train_loss=1.1115  val_loss=1.1802  val_dice=0.0180  lr=6.42e-05
893.6s 367 [seed42-Baseline] epoch 23/30  train_loss=1.1076  val_loss=1.1778  val_dice=0.0192  lr=5.21e-05 *
895.6s 368 [seed42-Baseline] epoch 24/30  train_loss=1.1072  val_loss=1.1797  val_dice=0.0184  lr=4.11e-05
897.5s 369 [seed42-Baseline] epoch 25/30  train_loss=1.1053  val_loss=1.1775  val_dice=0.0188  lr=3.14e-05
899.5s 370 [seed42-Baseline] epoch 26/30  train_loss=1.1071  val_loss=1.1792  val_dice=0.0195  lr=2.29e-05 *
901.5s 371 [seed42-Baseline] epoch 27/30  train_loss=1.1068  val_loss=1.1813  val_dice=0.0196  lr=1.58e-05 *
903.5s 372 [seed42-Baseline] epoch 28/30  train_loss=1.1042  val_loss=1.1744  val_dice=0.0193  lr=1.03e-05
905.4s 373 [seed42-Baseline] epoch 29/30  train_loss=1.1013  val_loss=1.1820  val_dice=0.0196  lr=6.25e-06 *
907.4s 374 [seed42-Baseline] epoch 30/30  train_loss=1.1015  val_loss=1.1814  val_dice=0.0197  lr=3.81e-06 *
911.3s 375 [seed42-SCL] epoch 01/30  train_loss=1.3231  val_loss=1.2835  val_dice=0.0120  lr=3.00e-04 *
915.0s 376 [seed42-SCL] epoch 02/30  train_loss=1.1699  val_loss=1.2796  val_dice=0.0111  lr=2.99e-04
918.7s 377 [seed42-SCL] epoch 03/30  train_loss=1.1568  val_loss=1.2126  val_dice=0.0114  lr=2.97e-04
922.5s 378 [seed42-SCL] epoch 04/30  train_loss=1.1566  val_loss=1.2125  val_dice=0.0123  lr=2.93e-04 *
926.3s 379 [seed42-SCL] epoch 05/30  train_loss=1.1482  val_loss=1.2438  val_dice=0.0118  lr=2.87e-04
930.1s 380 [seed42-SCL] epoch 06/30  train_loss=1.1507  val_loss=1.2028  val_dice=0.0125  lr=2.80e-04 *
934.0s 381 [seed42-SCL] epoch 07/30  train_loss=1.1426  val_loss=1.2136  val_dice=0.0127  lr=2.72e-04 *
937.7s 382 [seed42-SCL] epoch 08/30  train_loss=1.1408  val_loss=1.1910  val_dice=0.0128  lr=2.62e-04 *
941.5s 383 [seed42-SCL] epoch 09/30  train_loss=1.1413  val_loss=1.2196  val_dice=0.0130  lr=2.51e-04 *
945.4s 384 [seed42-SCL] epoch 10/30  train_loss=1.1393  val_loss=1.1892  val_dice=0.0135  lr=2.39e-04 *
949.3s 385 [seed42-SCL] epoch 11/30  train_loss=1.1373  val_loss=1.2172  val_dice=0.0145  lr=2.26e-04 *
953.1s 386 [seed42-SCL] epoch 12/30  train_loss=1.1338  val_loss=1.2062  val_dice=0.0140  lr=2.12e-04
956.9s 387 [seed42-SCL] epoch 13/30  train_loss=1.1364  val_loss=1.2135  val_dice=0.0139  lr=1.97e-04
960.6s 388 [seed42-SCL] epoch 14/30  train_loss=1.1322  val_loss=1.1932  val_dice=0.0145  lr=1.82e-04 *
964.5s 389 [seed42-SCL] epoch 15/30  train_loss=1.1310  val_loss=1.2241  val_dice=0.0141  lr=1.67e-04
968.3s 390 [seed42-SCL] epoch 16/30  train_loss=1.1272  val_loss=1.2034  val_dice=0.0141  lr=1.51e-04
972.1s 391 [seed42-SCL] epoch 17/30  train_loss=1.1241  val_loss=1.2029  val_dice=0.0153  lr=1.36e-04 *
975.9s 392 [seed42-SCL] epoch 18/30  train_loss=1.1226  val_loss=1.1921  val_dice=0.0156  lr=1.21e-04 *
979.6s 393 [seed42-SCL] epoch 19/30  train_loss=1.1216  val_loss=1.2094  val_dice=0.0148  lr=1.06e-04
983.4s 394 [seed42-SCL] epoch 20/30  train_loss=1.1196  val_loss=1.1890  val_dice=0.0151  lr=9.11e-05
987.2s 395 [seed42-SCL] epoch 21/30  train_loss=1.1193  val_loss=1.2109  val_dice=0.0153  lr=7.73e-05
991.2s 396 [seed42-SCL] epoch 22/30  train_loss=1.1151  val_loss=1.2049  val_dice=0.0165  lr=6.42e-05 *
994.9s 397 [seed42-SCL] epoch 23/30  train_loss=1.1119  val_loss=1.2162  val_dice=0.0160  lr=5.21e-05
998.6s 398 [seed42-SCL] epoch 24/30  train_loss=1.1105  val_loss=1.1956  val_dice=0.0160  lr=4.11e-05
1002.4s 399 [seed42-SCL] epoch 25/30  train_loss=1.1091  val_loss=1.2074  val_dice=0.0166  lr=3.14e-05 *
1006.2s 400 [seed42-SCL] epoch 26/30  train_loss=1.1062  val_loss=1.1957  val_dice=0.0170  lr=2.29e-05 *
1010.1s 401 [seed42-SCL] epoch 27/30  train_loss=1.1049  val_loss=1.2050  val_dice=0.0172  lr=1.58e-05 *
1014.1s 402 [seed42-SCL] epoch 28/30  train_loss=1.1052  val_loss=1.2058  val_dice=0.0173  lr=1.03e-05 *
1017.7s 403 [seed42-SCL] epoch 29/30  train_loss=1.1033  val_loss=1.2073  val_dice=0.0173  lr=6.25e-06
1021.8s 404 [seed42-SCL] epoch 30/30  train_loss=1.1024  val_loss=1.2056  val_dice=0.0173  lr=3.81e-06
1023.0s 405 
1023.0s 406 ========== seed 43 ==========
1023.4s 407 lambda=0.20  alpha=0.02  ->  lesion-discrimination AUC = 0.3559  (n=8/8 usable batches)
1023.9s 408 lambda=0.20  alpha=0.05  ->  lesion-discrimination AUC = 0.3888  (n=8/8 usable batches)
1024.3s 409 lambda=0.20  alpha=0.10  ->  lesion-discrimination AUC = 0.3863  (n=8/8 usable batches)
1024.7s 410 lambda=0.20  alpha=0.20  ->  lesion-discrimination AUC = 0.3971  (n=8/8 usable batches)
1025.2s 411 lambda=0.40  alpha=0.02  ->  lesion-discrimination AUC = 0.3977  (n=8/8 usable batches)
1025.6s 412 lambda=0.40  alpha=0.05  ->  lesion-discrimination AUC = 0.3901  (n=8/8 usable batches)
1026.0s 413 lambda=0.40  alpha=0.10  ->  lesion-discrimination AUC = 0.3677  (n=8/8 usable batches)
1026.4s 414 lambda=0.40  alpha=0.20  ->  lesion-discrimination AUC = 0.3974  (n=8/8 usable batches)
1026.9s 415 lambda=0.60  alpha=0.02  ->  lesion-discrimination AUC = 0.3971  (n=8/8 usable batches)
1027.3s 416 lambda=0.60  alpha=0.05  ->  lesion-discrimination AUC = 0.3973  (n=8/8 usable batches)
1027.7s 417 lambda=0.60  alpha=0.10  ->  lesion-discrimination AUC = 0.3802  (n=8/8 usable batches)
1028.1s 418 lambda=0.60  alpha=0.20  ->  lesion-discrimination AUC = 0.3502  (n=8/8 usable batches)
1028.6s 419 lambda=0.80  alpha=0.02  ->  lesion-discrimination AUC = 0.3982  (n=8/8 usable batches)
1029.0s 420 lambda=0.80  alpha=0.05  ->  lesion-discrimination AUC = 0.3888  (n=8/8 usable batches)
1029.5s 421 lambda=0.80  alpha=0.10  ->  lesion-discrimination AUC = 0.3672  (n=8/8 usable batches)
1030.0s 422 lambda=0.80  alpha=0.20  ->  lesion-discrimination AUC = 0.4021  (n=8/8 usable batches)
1030.0s 423 [seed 43] selected lambda*=0.8, alpha*=0.2
1030.5s 424 /tmp/ipykernel_23/1756534611.py:49: FutureWarning: `torch.cuda.amp.GradScaler(args...)` is deprecated. Please use `torch.amp.GradScaler('cuda', args...)` instead.
1030.5s 425 scaler = torch.cuda.amp.GradScaler(enabled=use_amp)
1030.5s 426 
1030.5s 427 /tmp/ipykernel_23/1756534611.py:49: FutureWarning: `torch.cuda.amp.GradScaler(args...)` is deprecated. Please use `torch.amp.GradScaler('cuda', args...)` instead.
1030.5s 428 scaler = torch.cuda.amp.GradScaler(enabled=use_amp)
1032.5s 429 [seed43-Baseline] epoch 01/30  train_loss=1.2676  val_loss=1.3886  val_dice=0.0116  lr=3.00e-04 *
1034.4s 430 [seed43-Baseline] epoch 02/30  train_loss=1.1617  val_loss=1.2017  val_dice=0.0119  lr=2.99e-04 *
1036.4s 431 [seed43-Baseline] epoch 03/30  train_loss=1.1565  val_loss=1.1932  val_dice=0.0109  lr=2.97e-04
1038.3s 432 [seed43-Baseline] epoch 04/30  train_loss=1.1503  val_loss=1.1989  val_dice=0.0117  lr=2.93e-04
1040.3s 433 [seed43-Baseline] epoch 05/30  train_loss=1.1452  val_loss=1.1929  val_dice=0.0127  lr=2.87e-04 *
1042.3s 434 [seed43-Baseline] epoch 06/30  train_loss=1.1425  val_loss=1.2114  val_dice=0.0126  lr=2.80e-04
1044.3s 435 [seed43-Baseline] epoch 07/30  train_loss=1.1377  val_loss=1.2030  val_dice=0.0136  lr=2.72e-04 *
1046.3s 436 [seed43-Baseline] epoch 08/30  train_loss=1.1387  val_loss=1.1851  val_dice=0.0133  lr=2.62e-04
1048.3s 437 [seed43-Baseline] epoch 09/30  train_loss=1.1376  val_loss=1.1875  val_dice=0.0135  lr=2.51e-04
1050.3s 438 [seed43-Baseline] epoch 10/30  train_loss=1.1352  val_loss=1.1871  val_dice=0.0133  lr=2.39e-04
1052.3s 439 [seed43-Baseline] epoch 11/30  train_loss=1.1370  val_loss=1.1978  val_dice=0.0139  lr=2.26e-04 *
1054.3s 440 [seed43-Baseline] epoch 12/30  train_loss=1.1364  val_loss=1.1870  val_dice=0.0144  lr=2.12e-04 *
1056.3s 441 [seed43-Baseline] epoch 13/30  train_loss=1.1333  val_loss=1.1873  val_dice=0.0135  lr=1.97e-04
1058.3s 442 [seed43-Baseline] epoch 14/30  train_loss=1.1337  val_loss=1.1938  val_dice=0.0150  lr=1.82e-04 *
1060.3s 443 [seed43-Baseline] epoch 15/30  train_loss=1.1283  val_loss=1.1853  val_dice=0.0156  lr=1.67e-04 *
1062.4s 444 [seed43-Baseline] epoch 16/30  train_loss=1.1278  val_loss=1.1792  val_dice=0.0146  lr=1.51e-04
1064.4s 445 [seed43-Baseline] epoch 17/30  train_loss=1.1256  val_loss=1.1799  val_dice=0.0144  lr=1.36e-04
1066.4s 446 [seed43-Baseline] epoch 18/30  train_loss=1.1245  val_loss=1.1776  val_dice=0.0147  lr=1.21e-04
1068.4s 447 [seed43-Baseline] epoch 19/30  train_loss=1.1206  val_loss=1.1926  val_dice=0.0148  lr=1.06e-04
1070.3s 448 [seed43-Baseline] epoch 20/30  train_loss=1.1232  val_loss=1.1827  val_dice=0.0153  lr=9.11e-05
1072.4s 449 [seed43-Baseline] epoch 21/30  train_loss=1.1220  val_loss=1.1829  val_dice=0.0160  lr=7.73e-05 *
1074.4s 450 [seed43-Baseline] epoch 22/30  train_loss=1.1205  val_loss=1.1778  val_dice=0.0167  lr=6.42e-05 *
1076.3s 451 [seed43-Baseline] epoch 23/30  train_loss=1.1172  val_loss=1.1797  val_dice=0.0157  lr=5.21e-05
1078.3s 452 [seed43-Baseline] epoch 24/30  train_loss=1.1157  val_loss=1.1913  val_dice=0.0165  lr=4.11e-05
1080.3s 453 [seed43-Baseline] epoch 25/30  train_loss=1.1145  val_loss=1.1945  val_dice=0.0163  lr=3.14e-05
1082.3s 454 [seed43-Baseline] epoch 26/30  train_loss=1.1136  val_loss=1.1757  val_dice=0.0166  lr=2.29e-05
1084.2s 455 [seed43-Baseline] epoch 27/30  train_loss=1.1128  val_loss=1.1838  val_dice=0.0165  lr=1.58e-05
1086.2s 456 [seed43-Baseline] epoch 28/30  train_loss=1.1111  val_loss=1.1835  val_dice=0.0168  lr=1.03e-05 *
1088.2s 457 [seed43-Baseline] epoch 29/30  train_loss=1.1100  val_loss=1.1826  val_dice=0.0167  lr=6.25e-06
1090.2s 458 [seed43-Baseline] epoch 30/30  train_loss=1.1112  val_loss=1.1848  val_dice=0.0168  lr=3.81e-06 *
1094.0s 459 [seed43-SCL] epoch 01/30  train_loss=1.3664  val_loss=1.3128  val_dice=0.0123  lr=3.00e-04 *
1097.9s 460 [seed43-SCL] epoch 02/30  train_loss=1.1852  val_loss=1.2288  val_dice=0.0115  lr=2.99e-04
1101.6s 461 [seed43-SCL] epoch 03/30  train_loss=1.1568  val_loss=1.2477  val_dice=0.0119  lr=2.97e-04
1105.5s 462 [seed43-SCL] epoch 04/30  train_loss=1.1504  val_loss=1.2328  val_dice=0.0124  lr=2.93e-04 *
1109.3s 463 [seed43-SCL] epoch 05/30  train_loss=1.1493  val_loss=1.2315  val_dice=0.0122  lr=2.87e-04
1113.1s 464 [seed43-SCL] epoch 06/30  train_loss=1.1470  val_loss=1.1958  val_dice=0.0124  lr=2.80e-04
1116.9s 465 [seed43-SCL] epoch 07/30  train_loss=1.1491  val_loss=1.2024  val_dice=0.0119  lr=2.72e-04
1120.7s 466 [seed43-SCL] epoch 08/30  train_loss=1.1412  val_loss=1.2071  val_dice=0.0134  lr=2.62e-04 *
1124.4s 467 [seed43-SCL] epoch 09/30  train_loss=1.1424  val_loss=1.2268  val_dice=0.0129  lr=2.51e-04
1128.1s 468 [seed43-SCL] epoch 10/30  train_loss=1.1375  val_loss=1.1989  val_dice=0.0130  lr=2.39e-04
1131.9s 469 [seed43-SCL] epoch 11/30  train_loss=1.1366  val_loss=1.2118  val_dice=0.0134  lr=2.26e-04
1135.6s 470 [seed43-SCL] epoch 12/30  train_loss=1.1345  val_loss=1.1887  val_dice=0.0131  lr=2.12e-04
1139.4s 471 [seed43-SCL] epoch 13/30  train_loss=1.1327  val_loss=1.2066  val_dice=0.0132  lr=1.97e-04
1143.2s 472 [seed43-SCL] epoch 14/30  train_loss=1.1291  val_loss=1.2002  val_dice=0.0147  lr=1.82e-04 *
1147.0s 473 [seed43-SCL] epoch 15/30  train_loss=1.1299  val_loss=1.1976  val_dice=0.0136  lr=1.67e-04
1150.9s 474 [seed43-SCL] epoch 16/30  train_loss=1.1266  val_loss=1.2060  val_dice=0.0154  lr=1.51e-04 *
1154.6s 475 [seed43-SCL] epoch 17/30  train_loss=1.1230  val_loss=1.1993  val_dice=0.0150  lr=1.36e-04
1158.4s 476 [seed43-SCL] epoch 18/30  train_loss=1.1212  val_loss=1.2067  val_dice=0.0161  lr=1.21e-04 *
1162.1s 477 [seed43-SCL] epoch 19/30  train_loss=1.1223  val_loss=1.1994  val_dice=0.0153  lr=1.06e-04
1165.8s 478 [seed43-SCL] epoch 20/30  train_loss=1.1166  val_loss=1.1990  val_dice=0.0164  lr=9.11e-05 *
1169.6s 479 [seed43-SCL] epoch 21/30  train_loss=1.1137  val_loss=1.2009  val_dice=0.0169  lr=7.73e-05 *
1173.5s 480 [seed43-SCL] epoch 22/30  train_loss=1.1147  val_loss=1.1988  val_dice=0.0163  lr=6.42e-05
1177.2s 481 [seed43-SCL] epoch 23/30  train_loss=1.1103  val_loss=1.2075  val_dice=0.0176  lr=5.21e-05 *
1181.1s 482 [seed43-SCL] epoch 24/30  train_loss=1.1108  val_loss=1.2048  val_dice=0.0171  lr=4.11e-05
1184.8s 483 [seed43-SCL] epoch 25/30  train_loss=1.1066  val_loss=1.2151  val_dice=0.0181  lr=3.14e-05 *
1188.6s 484 [seed43-SCL] epoch 26/30  train_loss=1.1064  val_loss=1.2009  val_dice=0.0175  lr=2.29e-05
1192.4s 485 [seed43-SCL] epoch 27/30  train_loss=1.1029  val_loss=1.2073  val_dice=0.0179  lr=1.58e-05
1196.2s 486 [seed43-SCL] epoch 28/30  train_loss=1.1046  val_loss=1.1987  val_dice=0.0177  lr=1.03e-05
1199.9s 487 [seed43-SCL] epoch 29/30  train_loss=1.1029  val_loss=1.2047  val_dice=0.0178  lr=6.25e-06
1204.0s 488 [seed43-SCL] epoch 30/30  train_loss=1.1031  val_loss=1.2062  val_dice=0.0178  lr=3.81e-06
1205.1s 489 
1205.1s 490 ========== seed 44 ==========
1205.6s 491 lambda=0.20  alpha=0.02  ->  lesion-discrimination AUC = 0.4046  (n=8/8 usable batches)
1206.0s 492 lambda=0.20  alpha=0.05  ->  lesion-discrimination AUC = 0.3873  (n=8/8 usable batches)
1206.4s 493 lambda=0.20  alpha=0.10  ->  lesion-discrimination AUC = 0.3559  (n=8/8 usable batches)
1206.8s 494 lambda=0.20  alpha=0.20  ->  lesion-discrimination AUC = 0.3567  (n=8/8 usable batches)
1207.2s 495 lambda=0.40  alpha=0.02  ->  lesion-discrimination AUC = 0.4084  (n=8/8 usable batches)
1207.7s 496 lambda=0.40  alpha=0.05  ->  lesion-discrimination AUC = 0.3831  (n=8/8 usable batches)
1208.1s 497 lambda=0.40  alpha=0.10  ->  lesion-discrimination AUC = 0.3606  (n=8/8 usable batches)
1208.5s 498 lambda=0.40  alpha=0.20  ->  lesion-discrimination AUC = 0.3931  (n=8/8 usable batches)
1208.9s 499 lambda=0.60  alpha=0.02  ->  lesion-discrimination AUC = 0.3758  (n=8/8 usable batches)
1209.4s 500 lambda=0.60  alpha=0.05  ->  lesion-discrimination AUC = 0.3807  (n=8/8 usable batches)
1209.8s 501 lambda=0.60  alpha=0.10  ->  lesion-discrimination AUC = 0.3628  (n=8/8 usable batches)
1210.2s 502 lambda=0.60  alpha=0.20  ->  lesion-discrimination AUC = 0.3649  (n=8/8 usable batches)
1210.7s 503 lambda=0.80  alpha=0.02  ->  lesion-discrimination AUC = 0.3941  (n=8/8 usable batches)
1211.1s 504 lambda=0.80  alpha=0.05  ->  lesion-discrimination AUC = 0.3798  (n=8/8 usable batches)
1211.5s 505 lambda=0.80  alpha=0.10  ->  lesion-discrimination AUC = 0.4018  (n=8/8 usable batches)
1212.0s 506 lambda=0.80  alpha=0.20  ->  lesion-discrimination AUC = 0.3525  (n=8/8 usable batches)
1212.0s 507 [seed 44] selected lambda*=0.4, alpha*=0.02
1212.5s 508 /tmp/ipykernel_23/1756534611.py:49: FutureWarning: `torch.cuda.amp.GradScaler(args...)` is deprecated. Please use `torch.amp.GradScaler('cuda', args...)` instead.
1212.5s 509 scaler = torch.cuda.amp.GradScaler(enabled=use_amp)
1212.5s 510 
1212.5s 511 /tmp/ipykernel_23/1756534611.py:49: FutureWarning: `torch.cuda.amp.GradScaler(args...)` is deprecated. Please use `torch.amp.GradScaler('cuda', args...)` instead.
1212.5s 512 scaler = torch.cuda.amp.GradScaler(enabled=use_amp)
1214.5s 513 [seed44-Baseline] epoch 01/30  train_loss=1.2682  val_loss=1.3496  val_dice=0.0121  lr=3.00e-04 *
1216.5s 514 [seed44-Baseline] epoch 02/30  train_loss=1.1586  val_loss=1.2033  val_dice=0.0112  lr=2.99e-04
1218.5s 515 [seed44-Baseline] epoch 03/30  train_loss=1.1515  val_loss=1.1999  val_dice=0.0120  lr=2.97e-04
1220.5s 516 [seed44-Baseline] epoch 04/30  train_loss=1.1516  val_loss=1.1993  val_dice=0.0122  lr=2.93e-04 *
1222.5s 517 [seed44-Baseline] epoch 05/30  train_loss=1.1457  val_loss=1.1957  val_dice=0.0126  lr=2.87e-04 *
1224.4s 518 [seed44-Baseline] epoch 06/30  train_loss=1.1435  val_loss=1.1900  val_dice=0.0121  lr=2.80e-04
1226.4s 519 [seed44-Baseline] epoch 07/30  train_loss=1.1429  val_loss=1.2009  val_dice=0.0133  lr=2.72e-04 *
1228.4s 520 [seed44-Baseline] epoch 08/30  train_loss=1.1401  val_loss=1.1969  val_dice=0.0132  lr=2.62e-04
1230.4s 521 [seed44-Baseline] epoch 09/30  train_loss=1.1374  val_loss=1.2486  val_dice=0.0143  lr=2.51e-04 *
1232.4s 522 [seed44-Baseline] epoch 10/30  train_loss=1.1387  val_loss=1.1964  val_dice=0.0139  lr=2.39e-04
1234.5s 523 [seed44-Baseline] epoch 11/30  train_loss=1.1374  val_loss=1.1856  val_dice=0.0143  lr=2.26e-04
1236.5s 524 [seed44-Baseline] epoch 12/30  train_loss=1.1373  val_loss=1.1885  val_dice=0.0141  lr=2.12e-04
1238.5s 525 [seed44-Baseline] epoch 13/30  train_loss=1.1322  val_loss=1.1813  val_dice=0.0128  lr=1.97e-04
1240.5s 526 [seed44-Baseline] epoch 14/30  train_loss=1.1312  val_loss=1.1796  val_dice=0.0150  lr=1.82e-04 *
1242.5s 527 [seed44-Baseline] epoch 15/30  train_loss=1.1324  val_loss=1.1920  val_dice=0.0151  lr=1.67e-04 *
1244.5s 528 [seed44-Baseline] epoch 16/30  train_loss=1.1294  val_loss=1.1843  val_dice=0.0146  lr=1.51e-04
1246.5s 529 [seed44-Baseline] epoch 17/30  train_loss=1.1264  val_loss=1.1801  val_dice=0.0152  lr=1.36e-04 *
1248.5s 530 [seed44-Baseline] epoch 18/30  train_loss=1.1217  val_loss=1.1761  val_dice=0.0146  lr=1.21e-04
1250.5s 531 [seed44-Baseline] epoch 19/30  train_loss=1.1242  val_loss=1.1722  val_dice=0.0141  lr=1.06e-04
1252.5s 532 [seed44-Baseline] epoch 20/30  train_loss=1.1207  val_loss=1.1847  val_dice=0.0157  lr=9.11e-05 *
1254.6s 533 [seed44-Baseline] epoch 21/30  train_loss=1.1219  val_loss=1.1853  val_dice=0.0162  lr=7.73e-05 *
1256.6s 534 [seed44-Baseline] epoch 22/30  train_loss=1.1211  val_loss=1.1985  val_dice=0.0155  lr=6.42e-05
1258.5s 535 [seed44-Baseline] epoch 23/30  train_loss=1.1154  val_loss=1.1955  val_dice=0.0177  lr=5.21e-05 *
1260.5s 536 [seed44-Baseline] epoch 24/30  train_loss=1.1162  val_loss=1.1881  val_dice=0.0167  lr=4.11e-05
1262.5s 537 [seed44-Baseline] epoch 25/30  train_loss=1.1128  val_loss=1.1828  val_dice=0.0173  lr=3.14e-05
1264.5s 538 [seed44-Baseline] epoch 26/30  train_loss=1.1114  val_loss=1.1899  val_dice=0.0161  lr=2.29e-05
1266.4s 539 [seed44-Baseline] epoch 27/30  train_loss=1.1127  val_loss=1.1830  val_dice=0.0174  lr=1.58e-05
1268.4s 540 [seed44-Baseline] epoch 28/30  train_loss=1.1093  val_loss=1.1868  val_dice=0.0173  lr=1.03e-05
1270.4s 541 [seed44-Baseline] epoch 29/30  train_loss=1.1105  val_loss=1.1856  val_dice=0.0174  lr=6.25e-06
1270.4s 542 [seed44-Baseline] early stopping at epoch 29 (no improvement in val dice for 6 epochs; best was epoch 23)
1274.2s 543 [seed44-SCL] epoch 01/30  train_loss=1.3063  val_loss=1.2573  val_dice=0.0120  lr=3.00e-04 *
1278.0s 544 [seed44-SCL] epoch 02/30  train_loss=1.1656  val_loss=1.2335  val_dice=0.0115  lr=2.99e-04
1281.7s 545 [seed44-SCL] epoch 03/30  train_loss=1.1574  val_loss=1.2172  val_dice=0.0114  lr=2.97e-04
1285.5s 546 [seed44-SCL] epoch 04/30  train_loss=1.1502  val_loss=1.2193  val_dice=0.0131  lr=2.93e-04 *
1289.2s 547 [seed44-SCL] epoch 05/30  train_loss=1.1444  val_loss=1.1875  val_dice=0.0126  lr=2.87e-04
1293.0s 548 [seed44-SCL] epoch 06/30  train_loss=1.1439  val_loss=1.2105  val_dice=0.0131  lr=2.80e-04 *
1296.8s 549 [seed44-SCL] epoch 07/30  train_loss=1.1433  val_loss=1.2142  val_dice=0.0120  lr=2.72e-04
1300.6s 550 [seed44-SCL] epoch 08/30  train_loss=1.1446  val_loss=1.2187  val_dice=0.0137  lr=2.62e-04 *
1304.5s 551 [seed44-SCL] epoch 09/30  train_loss=1.1416  val_loss=1.2079  val_dice=0.0132  lr=2.51e-04
1308.4s 552 [seed44-SCL] epoch 10/30  train_loss=1.1366  val_loss=1.2291  val_dice=0.0138  lr=2.39e-04 *
1312.2s 553 [seed44-SCL] epoch 11/30  train_loss=1.1412  val_loss=1.2128  val_dice=0.0138  lr=2.26e-04
1316.0s 554 [seed44-SCL] epoch 12/30  train_loss=1.1331  val_loss=1.1858  val_dice=0.0142  lr=2.12e-04 *
1319.7s 555 [seed44-SCL] epoch 13/30  train_loss=1.1310  val_loss=1.1831  val_dice=0.0133  lr=1.97e-04
1323.6s 556 [seed44-SCL] epoch 14/30  train_loss=1.1307  val_loss=1.2358  val_dice=0.0153  lr=1.82e-04 *
1327.4s 557 [seed44-SCL] epoch 15/30  train_loss=1.1266  val_loss=1.2102  val_dice=0.0163  lr=1.67e-04 *
1331.2s 558 [seed44-SCL] epoch 16/30  train_loss=1.1247  val_loss=1.2172  val_dice=0.0157  lr=1.51e-04
1334.9s 559 [seed44-SCL] epoch 17/30  train_loss=1.1224  val_loss=1.1718  val_dice=0.0157  lr=1.36e-04
1338.6s 560 [seed44-SCL] epoch 18/30  train_loss=1.1189  val_loss=1.1798  val_dice=0.0159  lr=1.21e-04
1342.3s 561 [seed44-SCL] epoch 19/30  train_loss=1.1158  val_loss=1.2208  val_dice=0.0165  lr=1.06e-04 *
1346.2s 562 [seed44-SCL] epoch 20/30  train_loss=1.1158  val_loss=1.1905  val_dice=0.0180  lr=9.11e-05 *
1350.0s 563 [seed44-SCL] epoch 21/30  train_loss=1.1119  val_loss=1.1877  val_dice=0.0189  lr=7.73e-05 *
1353.7s 564 [seed44-SCL] epoch 22/30  train_loss=1.1097  val_loss=1.1883  val_dice=0.0188  lr=6.42e-05
1357.6s 565 [seed44-SCL] epoch 23/30  train_loss=1.1069  val_loss=1.1877  val_dice=0.0187  lr=5.21e-05
1361.5s 566 [seed44-SCL] epoch 24/30  train_loss=1.1060  val_loss=1.1782  val_dice=0.0182  lr=4.11e-05
1365.2s 567 [seed44-SCL] epoch 25/30  train_loss=1.1048  val_loss=1.1918  val_dice=0.0191  lr=3.14e-05 *
1369.1s 568 [seed44-SCL] epoch 26/30  train_loss=1.1003  val_loss=1.2006  val_dice=0.0193  lr=2.29e-05 *
1373.0s 569 [seed44-SCL] epoch 27/30  train_loss=1.1013  val_loss=1.1902  val_dice=0.0196  lr=1.58e-05 *
1376.7s 570 [seed44-SCL] epoch 28/30  train_loss=1.1015  val_loss=1.1921  val_dice=0.0197  lr=1.03e-05 *
1380.4s 571 [seed44-SCL] epoch 29/30  train_loss=1.0985  val_loss=1.2026  val_dice=0.0204  lr=6.25e-06 *
1384.3s 572 [seed44-SCL] epoch 30/30  train_loss=1.0994  val_loss=1.1996  val_dice=0.0204  lr=3.81e-06 *
1385.5s 573 
1385.5s 574 ========== seed 45 ==========
1385.9s 575 lambda=0.20  alpha=0.02  ->  lesion-discrimination AUC = 0.3738  (n=8/8 usable batches)
1386.3s 576 lambda=0.20  alpha=0.05  ->  lesion-discrimination AUC = 0.4257  (n=8/8 usable batches)
1386.7s 577 lambda=0.20  alpha=0.10  ->  lesion-discrimination AUC = 0.3482  (n=8/8 usable batches)
1387.1s 578 lambda=0.20  alpha=0.20  ->  lesion-discrimination AUC = 0.3433  (n=8/8 usable batches)
1387.6s 579 lambda=0.40  alpha=0.02  ->  lesion-discrimination AUC = 0.4060  (n=8/8 usable batches)
1388.0s 580 lambda=0.40  alpha=0.05  ->  lesion-discrimination AUC = 0.3315  (n=8/8 usable batches)
1388.4s 581 lambda=0.40  alpha=0.10  ->  lesion-discrimination AUC = 0.3944  (n=8/8 usable batches)
1388.8s 582 lambda=0.40  alpha=0.20  ->  lesion-discrimination AUC = 0.3767  (n=8/8 usable batches)
1389.3s 583 lambda=0.60  alpha=0.02  ->  lesion-discrimination AUC = 0.3946  (n=8/8 usable batches)
1389.7s 584 lambda=0.60  alpha=0.05  ->  lesion-discrimination AUC = 0.3918  (n=8/8 usable batches)
1390.1s 585 lambda=0.60  alpha=0.10  ->  lesion-discrimination AUC = 0.4076  (n=8/8 usable batches)
1390.6s 586 lambda=0.60  alpha=0.20  ->  lesion-discrimination AUC = 0.3950  (n=8/8 usable batches)
1391.0s 587 lambda=0.80  alpha=0.02  ->  lesion-discrimination AUC = 0.3896  (n=8/8 usable batches)
1391.5s 588 lambda=0.80  alpha=0.05  ->  lesion-discrimination AUC = 0.3854  (n=8/8 usable batches)
1391.9s 589 lambda=0.80  alpha=0.10  ->  lesion-discrimination AUC = 0.3854  (n=8/8 usable batches)
1392.4s 590 lambda=0.80  alpha=0.20  ->  lesion-discrimination AUC = 0.3582  (n=8/8 usable batches)
1392.4s 591 [seed 45] selected lambda*=0.2, alpha*=0.05
1392.9s 592 /tmp/ipykernel_23/1756534611.py:49: FutureWarning: `torch.cuda.amp.GradScaler(args...)` is deprecated. Please use `torch.amp.GradScaler('cuda', args...)` instead.
1392.9s 593 scaler = torch.cuda.amp.GradScaler(enabled=use_amp)
1392.9s 594 
1392.9s 595 /tmp/ipykernel_23/1756534611.py:49: FutureWarning: `torch.cuda.amp.GradScaler(args...)` is deprecated. Please use `torch.amp.GradScaler('cuda', args...)` instead.
1392.9s 596 scaler = torch.cuda.amp.GradScaler(enabled=use_amp)
1394.9s 597 [seed45-Baseline] epoch 01/30  train_loss=1.2659  val_loss=1.2509  val_dice=0.0125  lr=3.00e-04 *
1396.9s 598 [seed45-Baseline] epoch 02/30  train_loss=1.1577  val_loss=1.2129  val_dice=0.0113  lr=2.99e-04
1398.8s 599 [seed45-Baseline] epoch 03/30  train_loss=1.1512  val_loss=1.2167  val_dice=0.0114  lr=2.97e-04
1400.8s 600 [seed45-Baseline] epoch 04/30  train_loss=1.1481  val_loss=1.1962  val_dice=0.0125  lr=2.93e-04
1402.7s 601 [seed45-Baseline] epoch 05/30  train_loss=1.1428  val_loss=1.2034  val_dice=0.0114  lr=2.87e-04
1404.7s 602 [seed45-Baseline] epoch 06/30  train_loss=1.1421  val_loss=1.1806  val_dice=0.0132  lr=2.80e-04 *
1406.7s 603 [seed45-Baseline] epoch 07/30  train_loss=1.1418  val_loss=1.2100  val_dice=0.0118  lr=2.72e-04
1408.6s 604 [seed45-Baseline] epoch 08/30  train_loss=1.1370  val_loss=1.1854  val_dice=0.0125  lr=2.62e-04
1410.7s 605 [seed45-Baseline] epoch 09/30  train_loss=1.1380  val_loss=1.1988  val_dice=0.0133  lr=2.51e-04 *
1412.7s 606 [seed45-Baseline] epoch 10/30  train_loss=1.1360  val_loss=1.1859  val_dice=0.0142  lr=2.39e-04 *
1414.7s 607 [seed45-Baseline] epoch 11/30  train_loss=1.1346  val_loss=1.1819  val_dice=0.0133  lr=2.26e-04
1416.7s 608 [seed45-Baseline] epoch 12/30  train_loss=1.1305  val_loss=1.1833  val_dice=0.0140  lr=2.12e-04
1418.6s 609 [seed45-Baseline] epoch 13/30  train_loss=1.1298  val_loss=1.2101  val_dice=0.0141  lr=1.97e-04
1420.7s 610 [seed45-Baseline] epoch 14/30  train_loss=1.1279  val_loss=1.1929  val_dice=0.0157  lr=1.82e-04 *
1422.7s 611 [seed45-Baseline] epoch 15/30  train_loss=1.1287  val_loss=1.1684  val_dice=0.0140  lr=1.67e-04
1424.7s 612 [seed45-Baseline] epoch 16/30  train_loss=1.1256  val_loss=1.1733  val_dice=0.0148  lr=1.51e-04
1426.7s 613 [seed45-Baseline] epoch 17/30  train_loss=1.1227  val_loss=1.1918  val_dice=0.0162  lr=1.36e-04 *
1428.7s 614 [seed45-Baseline] epoch 18/30  train_loss=1.1220  val_loss=1.1863  val_dice=0.0171  lr=1.21e-04 *
1430.7s 615 [seed45-Baseline] epoch 19/30  train_loss=1.1183  val_loss=1.1809  val_dice=0.0156  lr=1.06e-04
1432.7s 616 [seed45-Baseline] epoch 20/30  train_loss=1.1163  val_loss=1.1828  val_dice=0.0162  lr=9.11e-05
1434.7s 617 [seed45-Baseline] epoch 21/30  train_loss=1.1165  val_loss=1.1766  val_dice=0.0168  lr=7.73e-05
1436.6s 618 [seed45-Baseline] epoch 22/30  train_loss=1.1121  val_loss=1.1810  val_dice=0.0169  lr=6.42e-05
1438.6s 619 [seed45-Baseline] epoch 23/30  train_loss=1.1131  val_loss=1.1822  val_dice=0.0178  lr=5.21e-05 *
1440.6s 620 [seed45-Baseline] epoch 24/30  train_loss=1.1092  val_loss=1.1822  val_dice=0.0176  lr=4.11e-05
1442.6s 621 [seed45-Baseline] epoch 25/30  train_loss=1.1069  val_loss=1.1771  val_dice=0.0176  lr=3.14e-05
1444.6s 622 [seed45-Baseline] epoch 26/30  train_loss=1.1068  val_loss=1.1868  val_dice=0.0188  lr=2.29e-05 *
1446.5s 623 [seed45-Baseline] epoch 27/30  train_loss=1.1064  val_loss=1.1857  val_dice=0.0188  lr=1.58e-05
1448.5s 624 [seed45-Baseline] epoch 28/30  train_loss=1.1070  val_loss=1.1847  val_dice=0.0189  lr=1.03e-05 *
1450.5s 625 [seed45-Baseline] epoch 29/30  train_loss=1.1043  val_loss=1.1840  val_dice=0.0191  lr=6.25e-06 *
1452.5s 626 [seed45-Baseline] epoch 30/30  train_loss=1.1053  val_loss=1.1853  val_dice=0.0189  lr=3.81e-06
1456.3s 627 [seed45-SCL] epoch 01/30  train_loss=1.2662  val_loss=1.3105  val_dice=0.0110  lr=3.00e-04 *
1460.0s 628 [seed45-SCL] epoch 02/30  train_loss=1.1636  val_loss=1.2180  val_dice=0.0103  lr=2.99e-04
1463.7s 629 [seed45-SCL] epoch 03/30  train_loss=1.1560  val_loss=1.2061  val_dice=0.0120  lr=2.97e-04 *
1467.5s 630 [seed45-SCL] epoch 04/30  train_loss=1.1518  val_loss=1.2369  val_dice=0.0124  lr=2.93e-04 *
1471.3s 631 [seed45-SCL] epoch 05/30  train_loss=1.1469  val_loss=1.1987  val_dice=0.0125  lr=2.87e-04 *
1475.1s 632 [seed45-SCL] epoch 06/30  train_loss=1.1505  val_loss=1.1917  val_dice=0.0120  lr=2.80e-04
1479.0s 633 [seed45-SCL] epoch 07/30  train_loss=1.1429  val_loss=1.2140  val_dice=0.0125  lr=2.72e-04
1482.7s 634 [seed45-SCL] epoch 08/30  train_loss=1.1392  val_loss=1.2058  val_dice=0.0120  lr=2.62e-04
1486.5s 635 [seed45-SCL] epoch 09/30  train_loss=1.1390  val_loss=1.1893  val_dice=0.0142  lr=2.51e-04 *
1490.2s 636 [seed45-SCL] epoch 10/30  train_loss=1.1389  val_loss=1.1897  val_dice=0.0125  lr=2.39e-04
1493.9s 637 [seed45-SCL] epoch 11/30  train_loss=1.1366  val_loss=1.1986  val_dice=0.0140  lr=2.26e-04
1497.6s 638 [seed45-SCL] epoch 12/30  train_loss=1.1340  val_loss=1.2004  val_dice=0.0161  lr=2.12e-04 *
1501.4s 639 [seed45-SCL] epoch 13/30  train_loss=1.1299  val_loss=1.2243  val_dice=0.0151  lr=1.97e-04
1505.1s 640 [seed45-SCL] epoch 14/30  train_loss=1.1319  val_loss=1.1797  val_dice=0.0159  lr=1.82e-04
1508.8s 641 [seed45-SCL] epoch 15/30  train_loss=1.1276  val_loss=1.2062  val_dice=0.0160  lr=1.67e-04
1512.6s 642 [seed45-SCL] epoch 16/30  train_loss=1.1267  val_loss=1.1930  val_dice=0.0166  lr=1.51e-04 *
1516.3s 643 [seed45-SCL] epoch 17/30  train_loss=1.1223  val_loss=1.2019  val_dice=0.0171  lr=1.36e-04 *
1520.1s 644 [seed45-SCL] epoch 18/30  train_loss=1.1184  val_loss=1.1818  val_dice=0.0163  lr=1.21e-04
1523.9s 645 [seed45-SCL] epoch 19/30  train_loss=1.1171  val_loss=1.1841  val_dice=0.0171  lr=1.06e-04
1527.6s 646 [seed45-SCL] epoch 20/30  train_loss=1.1149  val_loss=1.1879  val_dice=0.0170  lr=9.11e-05
1531.4s 647 [seed45-SCL] epoch 21/30  train_loss=1.1118  val_loss=1.2229  val_dice=0.0177  lr=7.73e-05 *
1535.2s 648 [seed45-SCL] epoch 22/30  train_loss=1.1105  val_loss=1.2001  val_dice=0.0177  lr=6.42e-05 *
1538.9s 649 [seed45-SCL] epoch 23/30  train_loss=1.1068  val_loss=1.1885  val_dice=0.0175  lr=5.21e-05
1542.7s 650 [seed45-SCL] epoch 24/30  train_loss=1.1070  val_loss=1.1963  val_dice=0.0181  lr=4.11e-05 *
1546.5s 651 [seed45-SCL] epoch 25/30  train_loss=1.1043  val_loss=1.1874  val_dice=0.0189  lr=3.14e-05 *
1550.2s 652 [seed45-SCL] epoch 26/30  train_loss=1.1015  val_loss=1.2049  val_dice=0.0187  lr=2.29e-05
1554.0s 653 [seed45-SCL] epoch 27/30  train_loss=1.0997  val_loss=1.2122  val_dice=0.0186  lr=1.58e-05
1557.6s 654 [seed45-SCL] epoch 28/30  train_loss=1.1003  val_loss=1.2060  val_dice=0.0187  lr=1.03e-05
1561.3s 655 [seed45-SCL] epoch 29/30  train_loss=1.0983  val_loss=1.2147  val_dice=0.0188  lr=6.25e-06
1565.3s 656 [seed45-SCL] epoch 30/30  train_loss=1.0981  val_loss=1.2154  val_dice=0.0186  lr=3.81e-06
1566.4s 657 
1566.4s 658 ========== seed 46 ==========
1566.8s 659 lambda=0.20  alpha=0.02  ->  lesion-discrimination AUC = 0.3775  (n=8/8 usable batches)
1567.3s 660 lambda=0.20  alpha=0.05  ->  lesion-discrimination AUC = 0.3995  (n=8/8 usable batches)
1567.7s 661 lambda=0.20  alpha=0.10  ->  lesion-discrimination AUC = 0.3950  (n=8/8 usable batches)
1568.1s 662 lambda=0.20  alpha=0.20  ->  lesion-discrimination AUC = 0.3737  (n=8/8 usable batches)
1568.5s 663 lambda=0.40  alpha=0.02  ->  lesion-discrimination AUC = 0.3689  (n=8/8 usable batches)
1568.9s 664 lambda=0.40  alpha=0.05  ->  lesion-discrimination AUC = 0.3707  (n=8/8 usable batches)
1569.3s 665 lambda=0.40  alpha=0.10  ->  lesion-discrimination AUC = 0.3580  (n=8/8 usable batches)
1569.7s 666 lambda=0.40  alpha=0.20  ->  lesion-discrimination AUC = 0.3986  (n=8/8 usable batches)
1570.1s 667 lambda=0.60  alpha=0.02  ->  lesion-discrimination AUC = 0.3892  (n=8/8 usable batches)
1570.6s 668 lambda=0.60  alpha=0.05  ->  lesion-discrimination AUC = 0.4112  (n=8/8 usable batches)
1571.0s 669 lambda=0.60  alpha=0.10  ->  lesion-discrimination AUC = 0.3687  (n=8/8 usable batches)
1571.4s 670 lambda=0.60  alpha=0.20  ->  lesion-discrimination AUC = 0.3921  (n=8/8 usable batches)
1571.8s 671 lambda=0.80  alpha=0.02  ->  lesion-discrimination AUC = 0.4041  (n=8/8 usable batches)
1572.3s 672 lambda=0.80  alpha=0.05  ->  lesion-discrimination AUC = 0.3606  (n=8/8 usable batches)
1572.7s 673 lambda=0.80  alpha=0.10  ->  lesion-discrimination AUC = 0.3978  (n=8/8 usable batches)
1573.1s 674 lambda=0.80  alpha=0.20  ->  lesion-discrimination AUC = 0.3931  (n=8/8 usable batches)
1573.1s 675 [seed 46] selected lambda*=0.6, alpha*=0.05
1573.6s 676 /tmp/ipykernel_23/1756534611.py:49: FutureWarning: `torch.cuda.amp.GradScaler(args...)` is deprecated. Please use `torch.amp.GradScaler('cuda', args...)` instead.
1573.6s 677 scaler = torch.cuda.amp.GradScaler(enabled=use_amp)
1573.6s 678 
1573.6s 679 /tmp/ipykernel_23/1756534611.py:49: FutureWarning: `torch.cuda.amp.GradScaler(args...)` is deprecated. Please use `torch.amp.GradScaler('cuda', args...)` instead.
1573.6s 680 scaler = torch.cuda.amp.GradScaler(enabled=use_amp)
1575.6s 681 [seed46-Baseline] epoch 01/30  train_loss=1.3550  val_loss=1.5221  val_dice=0.0109  lr=3.00e-04 *
1577.5s 682 [seed46-Baseline] epoch 02/30  train_loss=1.1670  val_loss=1.2845  val_dice=0.0127  lr=2.99e-04 *
1579.5s 683 [seed46-Baseline] epoch 03/30  train_loss=1.1564  val_loss=1.2487  val_dice=0.0123  lr=2.97e-04
1581.4s 684 [seed46-Baseline] epoch 04/30  train_loss=1.1502  val_loss=1.2108  val_dice=0.0114  lr=2.93e-04
1583.4s 685 [seed46-Baseline] epoch 05/30  train_loss=1.1466  val_loss=1.1918  val_dice=0.0129  lr=2.87e-04 *
1585.4s 686 [seed46-Baseline] epoch 06/30  train_loss=1.1485  val_loss=1.1955  val_dice=0.0122  lr=2.80e-04
1587.3s 687 [seed46-Baseline] epoch 07/30  train_loss=1.1387  val_loss=1.2114  val_dice=0.0134  lr=2.72e-04 *
1589.3s 688 [seed46-Baseline] epoch 08/30  train_loss=1.1405  val_loss=1.2354  val_dice=0.0130  lr=2.62e-04
1591.3s 689 [seed46-Baseline] epoch 09/30  train_loss=1.1378  val_loss=1.1777  val_dice=0.0138  lr=2.51e-04 *
1593.3s 690 [seed46-Baseline] epoch 10/30  train_loss=1.1351  val_loss=1.1877  val_dice=0.0136  lr=2.39e-04
1595.3s 691 [seed46-Baseline] epoch 11/30  train_loss=1.1317  val_loss=1.1923  val_dice=0.0137  lr=2.26e-04
1597.3s 692 [seed46-Baseline] epoch 12/30  train_loss=1.1353  val_loss=1.1957  val_dice=0.0139  lr=2.12e-04 *
1599.3s 693 [seed46-Baseline] epoch 13/30  train_loss=1.1301  val_loss=1.2017  val_dice=0.0154  lr=1.97e-04 *
1601.3s 694 [seed46-Baseline] epoch 14/30  train_loss=1.1301  val_loss=1.1992  val_dice=0.0154  lr=1.82e-04 *
1603.3s 695 [seed46-Baseline] epoch 15/30  train_loss=1.1286  val_loss=1.2069  val_dice=0.0150  lr=1.67e-04
1605.3s 696 [seed46-Baseline] epoch 16/30  train_loss=1.1245  val_loss=1.1866  val_dice=0.0139  lr=1.51e-04
1607.3s 697 [seed46-Baseline] epoch 17/30  train_loss=1.1215  val_loss=1.1910  val_dice=0.0163  lr=1.36e-04 *
1609.3s 698 [seed46-Baseline] epoch 18/30  train_loss=1.1198  val_loss=1.1917  val_dice=0.0158  lr=1.21e-04
1611.3s 699 [seed46-Baseline] epoch 19/30  train_loss=1.1217  val_loss=1.1917  val_dice=0.0170  lr=1.06e-04 *
1613.3s 700 [seed46-Baseline] epoch 20/30  train_loss=1.1155  val_loss=1.1925  val_dice=0.0166  lr=9.11e-05
1615.3s 701 [seed46-Baseline] epoch 21/30  train_loss=1.1163  val_loss=1.2083  val_dice=0.0169  lr=7.73e-05
1617.3s 702 [seed46-Baseline] epoch 22/30  train_loss=1.1123  val_loss=1.1823  val_dice=0.0172  lr=6.42e-05 *
1619.3s 703 [seed46-Baseline] epoch 23/30  train_loss=1.1130  val_loss=1.1907  val_dice=0.0180  lr=5.21e-05 *
1621.2s 704 [seed46-Baseline] epoch 24/30  train_loss=1.1093  val_loss=1.1895  val_dice=0.0174  lr=4.11e-05
1623.2s 705 [seed46-Baseline] epoch 25/30  train_loss=1.1105  val_loss=1.1880  val_dice=0.0183  lr=3.14e-05 *
1625.2s 706 [seed46-Baseline] epoch 26/30  train_loss=1.1079  val_loss=1.1862  val_dice=0.0179  lr=2.29e-05
1627.2s 707 [seed46-Baseline] epoch 27/30  train_loss=1.1075  val_loss=1.1929  val_dice=0.0184  lr=1.58e-05 *
1629.1s 708 [seed46-Baseline] epoch 28/30  train_loss=1.1060  val_loss=1.1863  val_dice=0.0179  lr=1.03e-05
1631.1s 709 [seed46-Baseline] epoch 29/30  train_loss=1.1072  val_loss=1.1909  val_dice=0.0184  lr=6.25e-06 *
1633.1s 710 [seed46-Baseline] epoch 30/30  train_loss=1.1040  val_loss=1.1922  val_dice=0.0184  lr=3.81e-06 *
1637.0s 711 [seed46-SCL] epoch 01/30  train_loss=1.3031  val_loss=1.4684  val_dice=0.0104  lr=3.00e-04 *
1640.8s 712 [seed46-SCL] epoch 02/30  train_loss=1.1675  val_loss=1.2297  val_dice=0.0116  lr=2.99e-04 *
1644.7s 713 [seed46-SCL] epoch 03/30  train_loss=1.1578  val_loss=1.2134  val_dice=0.0109  lr=2.97e-04
1648.5s 714 [seed46-SCL] epoch 04/30  train_loss=1.1532  val_loss=1.2323  val_dice=0.0121  lr=2.93e-04 *
1652.1s 715 [seed46-SCL] epoch 05/30  train_loss=1.1507  val_loss=1.2142  val_dice=0.0118  lr=2.87e-04
1655.8s 716 [seed46-SCL] epoch 06/30  train_loss=1.1457  val_loss=1.2016  val_dice=0.0120  lr=2.80e-04
1659.5s 717 [seed46-SCL] epoch 07/30  train_loss=1.1449  val_loss=1.2156  val_dice=0.0125  lr=2.72e-04 *
1663.3s 718 [seed46-SCL] epoch 08/30  train_loss=1.1419  val_loss=1.1958  val_dice=0.0126  lr=2.62e-04 *
1667.1s 719 [seed46-SCL] epoch 09/30  train_loss=1.1435  val_loss=1.2315  val_dice=0.0131  lr=2.51e-04 *
1670.8s 720 [seed46-SCL] epoch 10/30  train_loss=1.1410  val_loss=1.1933  val_dice=0.0132  lr=2.39e-04 *
1674.5s 721 [seed46-SCL] epoch 11/30  train_loss=1.1357  val_loss=1.2264  val_dice=0.0129  lr=2.26e-04
1678.4s 722 [seed46-SCL] epoch 12/30  train_loss=1.1366  val_loss=1.1898  val_dice=0.0127  lr=2.12e-04
1682.1s 723 [seed46-SCL] epoch 13/30  train_loss=1.1354  val_loss=1.2009  val_dice=0.0121  lr=1.97e-04
1685.8s 724 [seed46-SCL] epoch 14/30  train_loss=1.1330  val_loss=1.1979  val_dice=0.0134  lr=1.82e-04 *
1689.6s 725 [seed46-SCL] epoch 15/30  train_loss=1.1328  val_loss=1.2063  val_dice=0.0139  lr=1.67e-04 *
1693.4s 726 [seed46-SCL] epoch 16/30  train_loss=1.1272  val_loss=1.2057  val_dice=0.0141  lr=1.51e-04 *
1697.1s 727 [seed46-SCL] epoch 17/30  train_loss=1.1235  val_loss=1.2070  val_dice=0.0148  lr=1.36e-04 *
1701.0s 728 [seed46-SCL] epoch 18/30  train_loss=1.1222  val_loss=1.1917  val_dice=0.0148  lr=1.21e-04
1704.7s 729 [seed46-SCL] epoch 19/30  train_loss=1.1226  val_loss=1.1950  val_dice=0.0152  lr=1.06e-04 *
1708.6s 730 [seed46-SCL] epoch 20/30  train_loss=1.1176  val_loss=1.2057  val_dice=0.0167  lr=9.11e-05 *
1712.5s 731 [seed46-SCL] epoch 21/30  train_loss=1.1164  val_loss=1.2122  val_dice=0.0165  lr=7.73e-05
1716.2s 732 [seed46-SCL] epoch 22/30  train_loss=1.1129  val_loss=1.1997  val_dice=0.0174  lr=6.42e-05 *
1719.9s 733 [seed46-SCL] epoch 23/30  train_loss=1.1104  val_loss=1.2034  val_dice=0.0172  lr=5.21e-05
1723.6s 734 [seed46-SCL] epoch 24/30  train_loss=1.1094  val_loss=1.2094  val_dice=0.0175  lr=4.11e-05 *
1727.4s 735 [seed46-SCL] epoch 25/30  train_loss=1.1065  val_loss=1.2184  val_dice=0.0179  lr=3.14e-05 *
1731.1s 736 [seed46-SCL] epoch 26/30  train_loss=1.1062  val_loss=1.1987  val_dice=0.0177  lr=2.29e-05
1734.9s 737 [seed46-SCL] epoch 27/30  train_loss=1.1051  val_loss=1.2104  val_dice=0.0179  lr=1.58e-05
1738.7s 738 [seed46-SCL] epoch 28/30  train_loss=1.1048  val_loss=1.2151  val_dice=0.0184  lr=1.03e-05 *
1742.5s 739 [seed46-SCL] epoch 29/30  train_loss=1.1019  val_loss=1.2097  val_dice=0.0184  lr=6.25e-06 *
1746.5s 740 [seed46-SCL] epoch 30/30  train_loss=1.1015  val_loss=1.2118  val_dice=0.0184  lr=3.81e-06 *
1747.7s 741 
1747.7s 742 Per-seed patient-weighted results:
1747.7s 743 model  seed  psnr_mean  ssim_mean  dice_mean
1747.7s 744 0   Baseline    42  27.019166   0.900167   0.270060
1747.7s 745 1  SCL-World    42  27.251827   0.865089   0.229829
1747.7s 746 2   Baseline    43  26.913935   0.897889   0.233369
1747.7s 747 3  SCL-World    43  26.866503   0.791484   0.267049
1747.7s 748 4   Baseline    44  26.981409   0.805254   0.283828
1747.7s 749 5  SCL-World    44  27.248075   0.884060   0.308043
1747.7s 750 6   Baseline    45  27.180608   0.857820   0.294601
1747.7s 751 7  SCL-World    45  27.248555   0.800308   0.211023
1747.7s 752 8   Baseline    46  26.664565   0.858061   0.290487
1747.7s 753 9  SCL-World    46  27.033514   0.814911   0.259305
1747.7s 754 
1747.7s 755 Across-seed summary (n=5 seeds, mean +/- std, patient-level PRIMARY metric):
1747.7s 756 psnr_mean           ssim_mean           dice_mean
1747.7s 757 mean       std      mean       std      mean       std
1747.7s 758 model
1747.7s 759 Baseline   26.951937  0.188219  0.863838  0.038668  0.274469  0.024790
1747.7s 760 SCL-World  27.129695  0.174341  0.831170  0.041048  0.255050  0.037232
1747.8s 761 
1747.8s 762 ========== [CurvatureDynamics] seed 42 ==========
1748.2s 763 lambda=0.20  alpha=0.02  ->  lesion-discrimination AUC = 0.3945  (n=8/8 usable batches)
1748.7s 764 lambda=0.20  alpha=0.05  ->  lesion-discrimination AUC = 0.4025  (n=8/8 usable batches)
1749.1s 765 lambda=0.20  alpha=0.10  ->  lesion-discrimination AUC = 0.3612  (n=8/8 usable batches)
1749.5s 766 lambda=0.20  alpha=0.20  ->  lesion-discrimination AUC = 0.3656  (n=8/8 usable batches)
1749.9s 767 lambda=0.40  alpha=0.02  ->  lesion-discrimination AUC = 0.3801  (n=8/8 usable batches)
1750.3s 768 lambda=0.40  alpha=0.05  ->  lesion-discrimination AUC = 0.3605  (n=8/8 usable batches)
1750.7s 769 lambda=0.40  alpha=0.10  ->  lesion-discrimination AUC = 0.3716  (n=8/8 usable batches)
1751.2s 770 lambda=0.40  alpha=0.20  ->  lesion-discrimination AUC = 0.3783  (n=8/8 usable batches)
1751.6s 771 lambda=0.60  alpha=0.02  ->  lesion-discrimination AUC = 0.3592  (n=8/8 usable batches)
1752.0s 772 lambda=0.60  alpha=0.05  ->  lesion-discrimination AUC = 0.4190  (n=8/8 usable batches)
1752.4s 773 lambda=0.60  alpha=0.10  ->  lesion-discrimination AUC = 0.3771  (n=8/8 usable batches)
1752.9s 774 lambda=0.60  alpha=0.20  ->  lesion-discrimination AUC = 0.4147  (n=8/8 usable batches)
1753.3s 775 lambda=0.80  alpha=0.02  ->  lesion-discrimination AUC = 0.3886  (n=8/8 usable batches)
1753.7s 776 lambda=0.80  alpha=0.05  ->  lesion-discrimination AUC = 0.4279  (n=8/8 usable batches)
1754.1s 777 lambda=0.80  alpha=0.10  ->  lesion-discrimination AUC = 0.4001  (n=8/8 usable batches)
1754.6s 778 lambda=0.80  alpha=0.20  ->  lesion-discrimination AUC = 0.4172  (n=8/8 usable batches)
1754.6s 779 [seed 42] selected lambda*=0.8, alpha*=0.05
1755.1s 780 /tmp/ipykernel_23/1756534611.py:49: FutureWarning: `torch.cuda.amp.GradScaler(args...)` is deprecated. Please use `torch.amp.GradScaler('cuda', args...)` instead.
1755.1s 781 scaler = torch.cuda.amp.GradScaler(enabled=use_amp)
1755.1s 782 
1755.1s 783 /tmp/ipykernel_23/1756534611.py:49: FutureWarning: `torch.cuda.amp.GradScaler(args...)` is deprecated. Please use `torch.amp.GradScaler('cuda', args...)` instead.
1755.1s 784 scaler = torch.cuda.amp.GradScaler(enabled=use_amp)
1759.3s 785 [seed42-CurvatureDynamics] epoch 01/30  train_loss=1.2854  val_loss=1.3007  val_dice=0.0111  lr=3.00e-04 *
1763.5s 786 [seed42-CurvatureDynamics] epoch 02/30  train_loss=1.1678  val_loss=1.2061  val_dice=0.0121  lr=2.99e-04 *
1767.7s 787 [seed42-CurvatureDynamics] epoch 03/30  train_loss=1.1543  val_loss=1.1950  val_dice=0.0125  lr=2.97e-04 *
1772.0s 788 [seed42-CurvatureDynamics] epoch 04/30  train_loss=1.1467  val_loss=1.2041  val_dice=0.0137  lr=2.93e-04 *
1776.3s 789 [seed42-CurvatureDynamics] epoch 05/30  train_loss=1.1436  val_loss=1.1944  val_dice=0.0129  lr=2.87e-04
1780.5s 790 [seed42-CurvatureDynamics] epoch 06/30  train_loss=1.1460  val_loss=1.2150  val_dice=0.0127  lr=2.80e-04
1784.8s 791 [seed42-CurvatureDynamics] epoch 07/30  train_loss=1.1452  val_loss=1.2009  val_dice=0.0142  lr=2.72e-04 *
1789.0s 792 [seed42-CurvatureDynamics] epoch 08/30  train_loss=1.1423  val_loss=1.2171  val_dice=0.0136  lr=2.62e-04
1793.2s 793 [seed42-CurvatureDynamics] epoch 09/30  train_loss=1.1407  val_loss=1.2156  val_dice=0.0130  lr=2.51e-04
1797.4s 794 [seed42-CurvatureDynamics] epoch 10/30  train_loss=1.1399  val_loss=1.1933  val_dice=0.0143  lr=2.39e-04 *
1801.5s 795 [seed42-CurvatureDynamics] epoch 11/30  train_loss=1.1355  val_loss=1.1797  val_dice=0.0142  lr=2.26e-04
1805.8s 796 [seed42-CurvatureDynamics] epoch 12/30  train_loss=1.1318  val_loss=1.1826  val_dice=0.0140  lr=2.12e-04
1810.0s 797 [seed42-CurvatureDynamics] epoch 13/30  train_loss=1.1330  val_loss=1.1775  val_dice=0.0144  lr=1.97e-04 *
1814.2s 798 [seed42-CurvatureDynamics] epoch 14/30  train_loss=1.1295  val_loss=1.1873  val_dice=0.0137  lr=1.82e-04
1818.3s 799 [seed42-CurvatureDynamics] epoch 15/30  train_loss=1.1304  val_loss=1.1999  val_dice=0.0159  lr=1.67e-04 *
1822.5s 800 [seed42-CurvatureDynamics] epoch 16/30  train_loss=1.1262  val_loss=1.1946  val_dice=0.0160  lr=1.51e-04 *
1826.7s 801 [seed42-CurvatureDynamics] epoch 17/30  train_loss=1.1235  val_loss=1.1774  val_dice=0.0157  lr=1.36e-04
1830.8s 802 [seed42-CurvatureDynamics] epoch 18/30  train_loss=1.1207  val_loss=1.1897  val_dice=0.0164  lr=1.21e-04 *
1835.1s 803 [seed42-CurvatureDynamics] epoch 19/30  train_loss=1.1185  val_loss=1.2334  val_dice=0.0170  lr=1.06e-04 *
1839.2s 804 [seed42-CurvatureDynamics] epoch 20/30  train_loss=1.1182  val_loss=1.1995  val_dice=0.0179  lr=9.11e-05 *
1843.5s 805 [seed42-CurvatureDynamics] epoch 21/30  train_loss=1.1134  val_loss=1.1925  val_dice=0.0183  lr=7.73e-05 *
1847.7s 806 [seed42-CurvatureDynamics] epoch 22/30  train_loss=1.1133  val_loss=1.1837  val_dice=0.0182  lr=6.42e-05
1851.9s 807 [seed42-CurvatureDynamics] epoch 23/30  train_loss=1.1100  val_loss=1.1876  val_dice=0.0186  lr=5.21e-05 *
1856.0s 808 [seed42-CurvatureDynamics] epoch 24/30  train_loss=1.1095  val_loss=1.1999  val_dice=0.0192  lr=4.11e-05 *
1860.2s 809 [seed42-CurvatureDynamics] epoch 25/30  train_loss=1.1089  val_loss=1.1803  val_dice=0.0177  lr=3.14e-05
1864.4s 810 [seed42-CurvatureDynamics] epoch 26/30  train_loss=1.1089  val_loss=1.1934  val_dice=0.0193  lr=2.29e-05 *
1868.6s 811 [seed42-CurvatureDynamics] epoch 27/30  train_loss=1.1063  val_loss=1.1936  val_dice=0.0194  lr=1.58e-05 *
1872.7s 812 [seed42-CurvatureDynamics] epoch 28/30  train_loss=1.1056  val_loss=1.1840  val_dice=0.0190  lr=1.03e-05
1877.0s 813 [seed42-CurvatureDynamics] epoch 29/30  train_loss=1.1026  val_loss=1.1967  val_dice=0.0195  lr=6.25e-06 *
1881.5s 814 [seed42-CurvatureDynamics] epoch 30/30  train_loss=1.1029  val_loss=1.1938  val_dice=0.0196  lr=3.81e-06 *
1882.1s 815 
1882.1s 816 ========== [CurvatureDynamics] seed 43 ==========
1882.5s 817 lambda=0.20  alpha=0.02  ->  lesion-discrimination AUC = 0.3559  (n=8/8 usable batches)
1882.9s 818 lambda=0.20  alpha=0.05  ->  lesion-discrimination AUC = 0.3888  (n=8/8 usable batches)
1883.3s 819 lambda=0.20  alpha=0.10  ->  lesion-discrimination AUC = 0.3863  (n=8/8 usable batches)
1883.7s 820 lambda=0.20  alpha=0.20  ->  lesion-discrimination AUC = 0.3971  (n=8/8 usable batches)
1884.1s 821 lambda=0.40  alpha=0.02  ->  lesion-discrimination AUC = 0.3977  (n=8/8 usable batches)
1884.5s 822 lambda=0.40  alpha=0.05  ->  lesion-discrimination AUC = 0.3901  (n=8/8 usable batches)
1885.0s 823 lambda=0.40  alpha=0.10  ->  lesion-discrimination AUC = 0.3677  (n=8/8 usable batches)
1885.4s 824 lambda=0.40  alpha=0.20  ->  lesion-discrimination AUC = 0.3974  (n=8/8 usable batches)
1885.8s 825 lambda=0.60  alpha=0.02  ->  lesion-discrimination AUC = 0.3971  (n=8/8 usable batches)
1886.3s 826 lambda=0.60  alpha=0.05  ->  lesion-discrimination AUC = 0.3973  (n=8/8 usable batches)
1886.7s 827 lambda=0.60  alpha=0.10  ->  lesion-discrimination AUC = 0.3802  (n=8/8 usable batches)
1887.1s 828 lambda=0.60  alpha=0.20  ->  lesion-discrimination AUC = 0.3502  (n=8/8 usable batches)
1887.6s 829 lambda=0.80  alpha=0.02  ->  lesion-discrimination AUC = 0.3982  (n=8/8 usable batches)
1888.0s 830 lambda=0.80  alpha=0.05  ->  lesion-discrimination AUC = 0.3888  (n=8/8 usable batches)
1888.5s 831 lambda=0.80  alpha=0.10  ->  lesion-discrimination AUC = 0.3672  (n=8/8 usable batches)
1888.9s 832 lambda=0.80  alpha=0.20  ->  lesion-discrimination AUC = 0.4021  (n=8/8 usable batches)
1888.9s 833 [seed 43] selected lambda*=0.8, alpha*=0.2
1889.4s 834 /tmp/ipykernel_23/1756534611.py:49: FutureWarning: `torch.cuda.amp.GradScaler(args...)` is deprecated. Please use `torch.amp.GradScaler('cuda', args...)` instead.
1889.4s 835 scaler = torch.cuda.amp.GradScaler(enabled=use_amp)
1889.4s 836 
1889.4s 837 /tmp/ipykernel_23/1756534611.py:49: FutureWarning: `torch.cuda.amp.GradScaler(args...)` is deprecated. Please use `torch.amp.GradScaler('cuda', args...)` instead.
1889.4s 838 scaler = torch.cuda.amp.GradScaler(enabled=use_amp)
1893.6s 839 [seed43-CurvatureDynamics] epoch 01/30  train_loss=1.2713  val_loss=1.6125  val_dice=0.0081  lr=3.00e-04 *
1897.8s 840 [seed43-CurvatureDynamics] epoch 02/30  train_loss=1.1582  val_loss=1.2084  val_dice=0.0128  lr=2.99e-04 *
1902.0s 841 [seed43-CurvatureDynamics] epoch 03/30  train_loss=1.1569  val_loss=1.2011  val_dice=0.0111  lr=2.97e-04
1906.2s 842 [seed43-CurvatureDynamics] epoch 04/30  train_loss=1.1529  val_loss=1.2085  val_dice=0.0114  lr=2.93e-04
1910.5s 843 [seed43-CurvatureDynamics] epoch 05/30  train_loss=1.1456  val_loss=1.1948  val_dice=0.0130  lr=2.87e-04 *
1914.8s 844 [seed43-CurvatureDynamics] epoch 06/30  train_loss=1.1442  val_loss=1.2149  val_dice=0.0126  lr=2.80e-04
1919.0s 845 [seed43-CurvatureDynamics] epoch 07/30  train_loss=1.1408  val_loss=1.1980  val_dice=0.0132  lr=2.72e-04 *
1923.3s 846 [seed43-CurvatureDynamics] epoch 08/30  train_loss=1.1396  val_loss=1.1935  val_dice=0.0130  lr=2.62e-04
1927.5s 847 [seed43-CurvatureDynamics] epoch 09/30  train_loss=1.1389  val_loss=1.1892  val_dice=0.0131  lr=2.51e-04
1931.7s 848 [seed43-CurvatureDynamics] epoch 10/30  train_loss=1.1378  val_loss=1.1857  val_dice=0.0128  lr=2.39e-04
1935.9s 849 [seed43-CurvatureDynamics] epoch 11/30  train_loss=1.1392  val_loss=1.2080  val_dice=0.0138  lr=2.26e-04 *
1940.0s 850 [seed43-CurvatureDynamics] epoch 12/30  train_loss=1.1363  val_loss=1.1863  val_dice=0.0143  lr=2.12e-04 *
1944.2s 851 [seed43-CurvatureDynamics] epoch 13/30  train_loss=1.1344  val_loss=1.1880  val_dice=0.0138  lr=1.97e-04
1948.4s 852 [seed43-CurvatureDynamics] epoch 14/30  train_loss=1.1319  val_loss=1.1858  val_dice=0.0140  lr=1.82e-04
1952.6s 853 [seed43-CurvatureDynamics] epoch 15/30  train_loss=1.1265  val_loss=1.1804  val_dice=0.0148  lr=1.67e-04 *
1956.8s 854 [seed43-CurvatureDynamics] epoch 16/30  train_loss=1.1271  val_loss=1.1881  val_dice=0.0150  lr=1.51e-04 *
1961.2s 855 [seed43-CurvatureDynamics] epoch 17/30  train_loss=1.1241  val_loss=1.1759  val_dice=0.0155  lr=1.36e-04 *
1965.3s 856 [seed43-CurvatureDynamics] epoch 18/30  train_loss=1.1209  val_loss=1.1841  val_dice=0.0152  lr=1.21e-04
1969.5s 857 [seed43-CurvatureDynamics] epoch 19/30  train_loss=1.1179  val_loss=1.1862  val_dice=0.0147  lr=1.06e-04
1973.6s 858 [seed43-CurvatureDynamics] epoch 20/30  train_loss=1.1182  val_loss=1.1802  val_dice=0.0161  lr=9.11e-05 *
1977.8s 859 [seed43-CurvatureDynamics] epoch 21/30  train_loss=1.1180  val_loss=1.1868  val_dice=0.0163  lr=7.73e-05 *
1982.1s 860 [seed43-CurvatureDynamics] epoch 22/30  train_loss=1.1147  val_loss=1.1977  val_dice=0.0173  lr=6.42e-05 *
1986.2s 861 [seed43-CurvatureDynamics] epoch 23/30  train_loss=1.1095  val_loss=1.1880  val_dice=0.0162  lr=5.21e-05
1990.4s 862 [seed43-CurvatureDynamics] epoch 24/30  train_loss=1.1075  val_loss=1.1995  val_dice=0.0170  lr=4.11e-05
1994.6s 863 [seed43-CurvatureDynamics] epoch 25/30  train_loss=1.1060  val_loss=1.2061  val_dice=0.0169  lr=3.14e-05
1998.8s 864 [seed43-CurvatureDynamics] epoch 26/30  train_loss=1.1052  val_loss=1.1921  val_dice=0.0175  lr=2.29e-05 *
2003.0s 865 [seed43-CurvatureDynamics] epoch 27/30  train_loss=1.1016  val_loss=1.2004  val_dice=0.0174  lr=1.58e-05
2007.2s 866 [seed43-CurvatureDynamics] epoch 28/30  train_loss=1.1037  val_loss=1.2026  val_dice=0.0178  lr=1.03e-05 *
2011.4s 867 [seed43-CurvatureDynamics] epoch 29/30  train_loss=1.0988  val_loss=1.2035  val_dice=0.0179  lr=6.25e-06 *
2015.9s 868 [seed43-CurvatureDynamics] epoch 30/30  train_loss=1.1006  val_loss=1.2065  val_dice=0.0179  lr=3.81e-06 *
2016.4s 869 
2016.4s 870 ========== [CurvatureDynamics] seed 44 ==========
2016.8s 871 lambda=0.20  alpha=0.02  ->  lesion-discrimination AUC = 0.4046  (n=8/8 usable batches)
2017.2s 872 lambda=0.20  alpha=0.05  ->  lesion-discrimination AUC = 0.3873  (n=8/8 usable batches)
2017.6s 873 lambda=0.20  alpha=0.10  ->  lesion-discrimination AUC = 0.3559  (n=8/8 usable batches)
2018.1s 874 lambda=0.20  alpha=0.20  ->  lesion-discrimination AUC = 0.3567  (n=8/8 usable batches)
2018.5s 875 lambda=0.40  alpha=0.02  ->  lesion-discrimination AUC = 0.4084  (n=8/8 usable batches)
2018.9s 876 lambda=0.40  alpha=0.05  ->  lesion-discrimination AUC = 0.3831  (n=8/8 usable batches)
2019.3s 877 lambda=0.40  alpha=0.10  ->  lesion-discrimination AUC = 0.3606  (n=8/8 usable batches)
2019.8s 878 lambda=0.40  alpha=0.20  ->  lesion-discrimination AUC = 0.3931  (n=8/8 usable batches)
2020.2s 879 lambda=0.60  alpha=0.02  ->  lesion-discrimination AUC = 0.3758  (n=8/8 usable batches)
2020.6s 880 lambda=0.60  alpha=0.05  ->  lesion-discrimination AUC = 0.3807  (n=8/8 usable batches)
2021.1s 881 lambda=0.60  alpha=0.10  ->  lesion-discrimination AUC = 0.3628  (n=8/8 usable batches)
2021.5s 882 lambda=0.60  alpha=0.20  ->  lesion-discrimination AUC = 0.3649  (n=8/8 usable batches)
2021.9s 883 lambda=0.80  alpha=0.02  ->  lesion-discrimination AUC = 0.3941  (n=8/8 usable batches)
2022.4s 884 lambda=0.80  alpha=0.05  ->  lesion-discrimination AUC = 0.3798  (n=8/8 usable batches)
2022.8s 885 lambda=0.80  alpha=0.10  ->  lesion-discrimination AUC = 0.4018  (n=8/8 usable batches)
2023.2s 886 lambda=0.80  alpha=0.20  ->  lesion-discrimination AUC = 0.3525  (n=8/8 usable batches)
2023.2s 887 [seed 44] selected lambda*=0.4, alpha*=0.02
2023.7s 888 /tmp/ipykernel_23/1756534611.py:49: FutureWarning: `torch.cuda.amp.GradScaler(args...)` is deprecated. Please use `torch.amp.GradScaler('cuda', args...)` instead.
2023.7s 889 scaler = torch.cuda.amp.GradScaler(enabled=use_amp)
2023.7s 890 
2023.7s 891 /tmp/ipykernel_23/1756534611.py:49: FutureWarning: `torch.cuda.amp.GradScaler(args...)` is deprecated. Please use `torch.amp.GradScaler('cuda', args...)` instead.
2023.7s 892 scaler = torch.cuda.amp.GradScaler(enabled=use_amp)
2028.0s 893 [seed44-CurvatureDynamics] epoch 01/30  train_loss=1.4381  val_loss=1.2952  val_dice=0.0116  lr=3.00e-04 *
2032.2s 894 [seed44-CurvatureDynamics] epoch 02/30  train_loss=1.2015  val_loss=1.2354  val_dice=0.0107  lr=2.99e-04
2036.4s 895 [seed44-CurvatureDynamics] epoch 03/30  train_loss=1.1630  val_loss=1.2115  val_dice=0.0118  lr=2.97e-04 *
2040.6s 896 [seed44-CurvatureDynamics] epoch 04/30  train_loss=1.1564  val_loss=1.2148  val_dice=0.0122  lr=2.93e-04 *
2045.0s 897 [seed44-CurvatureDynamics] epoch 05/30  train_loss=1.1473  val_loss=1.2021  val_dice=0.0119  lr=2.87e-04
2049.4s 898 [seed44-CurvatureDynamics] epoch 06/30  train_loss=1.1467  val_loss=1.1864  val_dice=0.0124  lr=2.80e-04 *
2053.6s 899 [seed44-CurvatureDynamics] epoch 07/30  train_loss=1.1462  val_loss=1.1922  val_dice=0.0136  lr=2.72e-04 *
2057.8s 900 [seed44-CurvatureDynamics] epoch 08/30  train_loss=1.1414  val_loss=1.2155  val_dice=0.0137  lr=2.62e-04 *
2062.1s 901 [seed44-CurvatureDynamics] epoch 09/30  train_loss=1.1388  val_loss=1.2179  val_dice=0.0141  lr=2.51e-04 *
2066.3s 902 [seed44-CurvatureDynamics] epoch 10/30  train_loss=1.1391  val_loss=1.1959  val_dice=0.0149  lr=2.39e-04 *
2070.5s 903 [seed44-CurvatureDynamics] epoch 11/30  train_loss=1.1372  val_loss=1.1844  val_dice=0.0138  lr=2.26e-04
2074.7s 904 [seed44-CurvatureDynamics] epoch 12/30  train_loss=1.1391  val_loss=1.2087  val_dice=0.0149  lr=2.12e-04 *
2079.0s 905 [seed44-CurvatureDynamics] epoch 13/30  train_loss=1.1324  val_loss=1.1794  val_dice=0.0138  lr=1.97e-04
2083.3s 906 [seed44-CurvatureDynamics] epoch 14/30  train_loss=1.1325  val_loss=1.1824  val_dice=0.0149  lr=1.82e-04 *
2087.4s 907 [seed44-CurvatureDynamics] epoch 15/30  train_loss=1.1315  val_loss=1.1779  val_dice=0.0158  lr=1.67e-04 *
2091.6s 908 [seed44-CurvatureDynamics] epoch 16/30  train_loss=1.1277  val_loss=1.1816  val_dice=0.0147  lr=1.51e-04
2095.8s 909 [seed44-CurvatureDynamics] epoch 17/30  train_loss=1.1247  val_loss=1.1811  val_dice=0.0152  lr=1.36e-04
2100.0s 910 [seed44-CurvatureDynamics] epoch 18/30  train_loss=1.1227  val_loss=1.1815  val_dice=0.0149  lr=1.21e-04
2104.2s 911 [seed44-CurvatureDynamics] epoch 19/30  train_loss=1.1244  val_loss=1.1704  val_dice=0.0144  lr=1.06e-04
2108.4s 912 [seed44-CurvatureDynamics] epoch 20/30  train_loss=1.1198  val_loss=1.1922  val_dice=0.0169  lr=9.11e-05 *
2112.6s 913 [seed44-CurvatureDynamics] epoch 21/30  train_loss=1.1188  val_loss=1.1880  val_dice=0.0177  lr=7.73e-05 *
2116.8s 914 [seed44-CurvatureDynamics] epoch 22/30  train_loss=1.1197  val_loss=1.1954  val_dice=0.0161  lr=6.42e-05
2121.0s 915 [seed44-CurvatureDynamics] epoch 23/30  train_loss=1.1141  val_loss=1.1937  val_dice=0.0179  lr=5.21e-05 *
2125.2s 916 [seed44-CurvatureDynamics] epoch 24/30  train_loss=1.1146  val_loss=1.1902  val_dice=0.0169  lr=4.11e-05
2129.4s 917 [seed44-CurvatureDynamics] epoch 25/30  train_loss=1.1119  val_loss=1.1927  val_dice=0.0172  lr=3.14e-05
2133.6s 918 [seed44-CurvatureDynamics] epoch 26/30  train_loss=1.1117  val_loss=1.1958  val_dice=0.0166  lr=2.29e-05
2137.9s 919 [seed44-CurvatureDynamics] epoch 27/30  train_loss=1.1118  val_loss=1.1941  val_dice=0.0177  lr=1.58e-05
2142.1s 920 [seed44-CurvatureDynamics] epoch 28/30  train_loss=1.1095  val_loss=1.1988  val_dice=0.0177  lr=1.03e-05
2146.5s 921 [seed44-CurvatureDynamics] epoch 29/30  train_loss=1.1106  val_loss=1.1934  val_dice=0.0177  lr=6.25e-06
2146.5s 922 [seed44-CurvatureDynamics] early stopping at epoch 29 (no improvement in val dice for 6 epochs; best was epoch 23)
2147.1s 923 
2147.1s 924 ========== [CurvatureDynamics] seed 45 ==========
2147.5s 925 lambda=0.20  alpha=0.02  ->  lesion-discrimination AUC = 0.3738  (n=8/8 usable batches)
2147.9s 926 lambda=0.20  alpha=0.05  ->  lesion-discrimination AUC = 0.4257  (n=8/8 usable batches)
2148.3s 927 lambda=0.20  alpha=0.10  ->  lesion-discrimination AUC = 0.3482  (n=8/8 usable batches)
2148.8s 928 lambda=0.20  alpha=0.20  ->  lesion-discrimination AUC = 0.3433  (n=8/8 usable batches)
2149.2s 929 lambda=0.40  alpha=0.02  ->  lesion-discrimination AUC = 0.4060  (n=8/8 usable batches)
2149.6s 930 lambda=0.40  alpha=0.05  ->  lesion-discrimination AUC = 0.3315  (n=8/8 usable batches)
2150.0s 931 lambda=0.40  alpha=0.10  ->  lesion-discrimination AUC = 0.3944  (n=8/8 usable batches)
2150.4s 932 lambda=0.40  alpha=0.20  ->  lesion-discrimination AUC = 0.3767  (n=8/8 usable batches)
2150.9s 933 lambda=0.60  alpha=0.02  ->  lesion-discrimination AUC = 0.3946  (n=8/8 usable batches)
2151.3s 934 lambda=0.60  alpha=0.05  ->  lesion-discrimination AUC = 0.3918  (n=8/8 usable batches)
2151.8s 935 lambda=0.60  alpha=0.10  ->  lesion-discrimination AUC = 0.4076  (n=8/8 usable batches)
2152.2s 936 lambda=0.60  alpha=0.20  ->  lesion-discrimination AUC = 0.3950  (n=8/8 usable batches)
2152.7s 937 lambda=0.80  alpha=0.02  ->  lesion-discrimination AUC = 0.3896  (n=8/8 usable batches)
2153.1s 938 lambda=0.80  alpha=0.05  ->  lesion-discrimination AUC = 0.3854  (n=8/8 usable batches)
2153.5s 939 lambda=0.80  alpha=0.10  ->  lesion-discrimination AUC = 0.3854  (n=8/8 usable batches)
2154.0s 940 lambda=0.80  alpha=0.20  ->  lesion-discrimination AUC = 0.3582  (n=8/8 usable batches)
2154.0s 941 [seed 45] selected lambda*=0.2, alpha*=0.05
2154.5s 942 /tmp/ipykernel_23/1756534611.py:49: FutureWarning: `torch.cuda.amp.GradScaler(args...)` is deprecated. Please use `torch.amp.GradScaler('cuda', args...)` instead.
2154.5s 943 scaler = torch.cuda.amp.GradScaler(enabled=use_amp)
2154.5s 944 
2154.5s 945 /tmp/ipykernel_23/1756534611.py:49: FutureWarning: `torch.cuda.amp.GradScaler(args...)` is deprecated. Please use `torch.amp.GradScaler('cuda', args...)` instead.
2154.5s 946 scaler = torch.cuda.amp.GradScaler(enabled=use_amp)
2158.7s 947 [seed45-CurvatureDynamics] epoch 01/30  train_loss=1.3228  val_loss=1.2844  val_dice=0.0124  lr=3.00e-04 *
2162.9s 948 [seed45-CurvatureDynamics] epoch 02/30  train_loss=1.1759  val_loss=1.2129  val_dice=0.0122  lr=2.99e-04
2167.2s 949 [seed45-CurvatureDynamics] epoch 03/30  train_loss=1.1598  val_loss=1.2209  val_dice=0.0115  lr=2.97e-04
2171.5s 950 [seed45-CurvatureDynamics] epoch 04/30  train_loss=1.1531  val_loss=1.2386  val_dice=0.0121  lr=2.93e-04
2175.8s 951 [seed45-CurvatureDynamics] epoch 05/30  train_loss=1.1470  val_loss=1.1978  val_dice=0.0117  lr=2.87e-04
2180.1s 952 [seed45-CurvatureDynamics] epoch 06/30  train_loss=1.1479  val_loss=1.1901  val_dice=0.0133  lr=2.80e-04 *
2184.3s 953 [seed45-CurvatureDynamics] epoch 07/30  train_loss=1.1463  val_loss=1.2238  val_dice=0.0125  lr=2.72e-04
2188.5s 954 [seed45-CurvatureDynamics] epoch 08/30  train_loss=1.1399  val_loss=1.1780  val_dice=0.0132  lr=2.62e-04
2192.8s 955 [seed45-CurvatureDynamics] epoch 09/30  train_loss=1.1413  val_loss=1.1951  val_dice=0.0135  lr=2.51e-04 *
2197.0s 956 [seed45-CurvatureDynamics] epoch 10/30  train_loss=1.1387  val_loss=1.1834  val_dice=0.0134  lr=2.39e-04
2201.2s 957 [seed45-CurvatureDynamics] epoch 11/30  train_loss=1.1372  val_loss=1.1778  val_dice=0.0139  lr=2.26e-04 *
2205.5s 958 [seed45-CurvatureDynamics] epoch 12/30  train_loss=1.1340  val_loss=1.2028  val_dice=0.0148  lr=2.12e-04 *
2209.6s 959 [seed45-CurvatureDynamics] epoch 13/30  train_loss=1.1346  val_loss=1.2140  val_dice=0.0154  lr=1.97e-04 *
2213.9s 960 [seed45-CurvatureDynamics] epoch 14/30  train_loss=1.1309  val_loss=1.1870  val_dice=0.0157  lr=1.82e-04 *
2218.0s 961 [seed45-CurvatureDynamics] epoch 15/30  train_loss=1.1311  val_loss=1.1727  val_dice=0.0144  lr=1.67e-04
2222.2s 962 [seed45-CurvatureDynamics] epoch 16/30  train_loss=1.1274  val_loss=1.1730  val_dice=0.0147  lr=1.51e-04
2226.4s 963 [seed45-CurvatureDynamics] epoch 17/30  train_loss=1.1256  val_loss=1.1945  val_dice=0.0149  lr=1.36e-04
2230.6s 964 [seed45-CurvatureDynamics] epoch 18/30  train_loss=1.1226  val_loss=1.1776  val_dice=0.0164  lr=1.21e-04 *
2234.8s 965 [seed45-CurvatureDynamics] epoch 19/30  train_loss=1.1213  val_loss=1.1900  val_dice=0.0159  lr=1.06e-04
2239.0s 966 [seed45-CurvatureDynamics] epoch 20/30  train_loss=1.1184  val_loss=1.1915  val_dice=0.0172  lr=9.11e-05 *
2243.2s 967 [seed45-CurvatureDynamics] epoch 21/30  train_loss=1.1182  val_loss=1.1808  val_dice=0.0159  lr=7.73e-05
2247.5s 968 [seed45-CurvatureDynamics] epoch 22/30  train_loss=1.1138  val_loss=1.1840  val_dice=0.0165  lr=6.42e-05
2251.7s 969 [seed45-CurvatureDynamics] epoch 23/30  train_loss=1.1146  val_loss=1.1862  val_dice=0.0177  lr=5.21e-05 *
2255.9s 970 [seed45-CurvatureDynamics] epoch 24/30  train_loss=1.1127  val_loss=1.1887  val_dice=0.0161  lr=4.11e-05
2260.2s 971 [seed45-CurvatureDynamics] epoch 25/30  train_loss=1.1097  val_loss=1.1816  val_dice=0.0173  lr=3.14e-05
2264.5s 972 [seed45-CurvatureDynamics] epoch 26/30  train_loss=1.1103  val_loss=1.1910  val_dice=0.0177  lr=2.29e-05
2268.7s 973 [seed45-CurvatureDynamics] epoch 27/30  train_loss=1.1089  val_loss=1.1889  val_dice=0.0180  lr=1.58e-05 *
2272.9s 974 [seed45-CurvatureDynamics] epoch 28/30  train_loss=1.1077  val_loss=1.1888  val_dice=0.0183  lr=1.03e-05 *
2277.1s 975 [seed45-CurvatureDynamics] epoch 29/30  train_loss=1.1069  val_loss=1.1881  val_dice=0.0183  lr=6.25e-06
2281.5s 976 [seed45-CurvatureDynamics] epoch 30/30  train_loss=1.1066  val_loss=1.1912  val_dice=0.0182  lr=3.81e-06
2282.1s 977 
2282.1s 978 ========== [CurvatureDynamics] seed 46 ==========
2282.5s 979 lambda=0.20  alpha=0.02  ->  lesion-discrimination AUC = 0.3775  (n=8/8 usable batches)
2283.0s 980 lambda=0.20  alpha=0.05  ->  lesion-discrimination AUC = 0.3995  (n=8/8 usable batches)
2283.4s 981 lambda=0.20  alpha=0.10  ->  lesion-discrimination AUC = 0.3950  (n=8/8 usable batches)
2283.8s 982 lambda=0.20  alpha=0.20  ->  lesion-discrimination AUC = 0.3737  (n=8/8 usable batches)
2284.2s 983 lambda=0.40  alpha=0.02  ->  lesion-discrimination AUC = 0.3689  (n=8/8 usable batches)
2284.7s 984 lambda=0.40  alpha=0.05  ->  lesion-discrimination AUC = 0.3707  (n=8/8 usable batches)
2285.1s 985 lambda=0.40  alpha=0.10  ->  lesion-discrimination AUC = 0.3580  (n=8/8 usable batches)
2285.5s 986 lambda=0.40  alpha=0.20  ->  lesion-discrimination AUC = 0.3986  (n=8/8 usable batches)
2286.0s 987 lambda=0.60  alpha=0.02  ->  lesion-discrimination AUC = 0.3892  (n=8/8 usable batches)
2286.4s 988 lambda=0.60  alpha=0.05  ->  lesion-discrimination AUC = 0.4112  (n=8/8 usable batches)
2286.8s 989 lambda=0.60  alpha=0.10  ->  lesion-discrimination AUC = 0.3687  (n=8/8 usable batches)
2287.2s 990 lambda=0.60  alpha=0.20  ->  lesion-discrimination AUC = 0.3921  (n=8/8 usable batches)
2287.7s 991 lambda=0.80  alpha=0.02  ->  lesion-discrimination AUC = 0.4041  (n=8/8 usable batches)
2288.1s 992 lambda=0.80  alpha=0.05  ->  lesion-discrimination AUC = 0.3606  (n=8/8 usable batches)
2288.5s 993 lambda=0.80  alpha=0.10  ->  lesion-discrimination AUC = 0.3978  (n=8/8 usable batches)
2289.0s 994 lambda=0.80  alpha=0.20  ->  lesion-discrimination AUC = 0.3931  (n=8/8 usable batches)
2289.0s 995 [seed 46] selected lambda*=0.6, alpha*=0.05
2289.5s 996 /tmp/ipykernel_23/1756534611.py:49: FutureWarning: `torch.cuda.amp.GradScaler(args...)` is deprecated. Please use `torch.amp.GradScaler('cuda', args...)` instead.
2289.5s 997 scaler = torch.cuda.amp.GradScaler(enabled=use_amp)
2289.5s 998 
2289.5s 999 /tmp/ipykernel_23/1756534611.py:49: FutureWarning: `torch.cuda.amp.GradScaler(args...)` is deprecated. Please use `torch.amp.GradScaler('cuda', args...)` instead.
2289.5s 1000 scaler = torch.cuda.amp.GradScaler(enabled=use_amp)
2293.7s 1001 [seed46-CurvatureDynamics] epoch 01/30  train_loss=1.2685  val_loss=1.5208  val_dice=0.0092  lr=3.00e-04 *
2297.9s 1002 [seed46-CurvatureDynamics] epoch 02/30  train_loss=1.1592  val_loss=1.2489  val_dice=0.0129  lr=2.99e-04 *
2302.1s 1003 [seed46-CurvatureDynamics] epoch 03/30  train_loss=1.1548  val_loss=1.2439  val_dice=0.0130  lr=2.97e-04 *
2306.4s 1004 [seed46-CurvatureDynamics] epoch 04/30  train_loss=1.1524  val_loss=1.2242  val_dice=0.0121  lr=2.93e-04
2310.6s 1005 [seed46-CurvatureDynamics] epoch 05/30  train_loss=1.1475  val_loss=1.1955  val_dice=0.0131  lr=2.87e-04 *
2315.0s 1006 [seed46-CurvatureDynamics] epoch 06/30  train_loss=1.1466  val_loss=1.2040  val_dice=0.0125  lr=2.80e-04
2319.2s 1007 [seed46-CurvatureDynamics] epoch 07/30  train_loss=1.1389  val_loss=1.2325  val_dice=0.0133  lr=2.72e-04 *
2323.5s 1008 [seed46-CurvatureDynamics] epoch 08/30  train_loss=1.1397  val_loss=1.2243  val_dice=0.0141  lr=2.62e-04 *
2327.8s 1009 [seed46-CurvatureDynamics] epoch 09/30  train_loss=1.1373  val_loss=1.1790  val_dice=0.0134  lr=2.51e-04
2332.1s 1010 [seed46-CurvatureDynamics] epoch 10/30  train_loss=1.1357  val_loss=1.2308  val_dice=0.0142  lr=2.39e-04 *
2336.2s 1011 [seed46-CurvatureDynamics] epoch 11/30  train_loss=1.1332  val_loss=1.1950  val_dice=0.0140  lr=2.26e-04
2340.5s 1012 [seed46-CurvatureDynamics] epoch 12/30  train_loss=1.1344  val_loss=1.1961  val_dice=0.0143  lr=2.12e-04 *
2344.7s 1013 [seed46-CurvatureDynamics] epoch 13/30  train_loss=1.1309  val_loss=1.2172  val_dice=0.0154  lr=1.97e-04 *
2349.0s 1014 [seed46-CurvatureDynamics] epoch 14/30  train_loss=1.1285  val_loss=1.2121  val_dice=0.0158  lr=1.82e-04 *
2353.2s 1015 [seed46-CurvatureDynamics] epoch 15/30  train_loss=1.1280  val_loss=1.2027  val_dice=0.0157  lr=1.67e-04
2357.3s 1016 [seed46-CurvatureDynamics] epoch 16/30  train_loss=1.1221  val_loss=1.1903  val_dice=0.0145  lr=1.51e-04
2361.5s 1017 [seed46-CurvatureDynamics] epoch 17/30  train_loss=1.1195  val_loss=1.1990  val_dice=0.0174  lr=1.36e-04 *
2365.7s 1018 [seed46-CurvatureDynamics] epoch 18/30  train_loss=1.1207  val_loss=1.1998  val_dice=0.0157  lr=1.21e-04
2369.9s 1019 [seed46-CurvatureDynamics] epoch 19/30  train_loss=1.1204  val_loss=1.1930  val_dice=0.0181  lr=1.06e-04 *
2374.1s 1020 [seed46-CurvatureDynamics] epoch 20/30  train_loss=1.1160  val_loss=1.2020  val_dice=0.0167  lr=9.11e-05
2378.3s 1021 [seed46-CurvatureDynamics] epoch 21/30  train_loss=1.1158  val_loss=1.2076  val_dice=0.0189  lr=7.73e-05 *
2382.5s 1022 [seed46-CurvatureDynamics] epoch 22/30  train_loss=1.1106  val_loss=1.1899  val_dice=0.0178  lr=6.42e-05
2386.7s 1023 [seed46-CurvatureDynamics] epoch 23/30  train_loss=1.1104  val_loss=1.1969  val_dice=0.0189  lr=5.21e-05 *
2390.8s 1024 [seed46-CurvatureDynamics] epoch 24/30  train_loss=1.1068  val_loss=1.1949  val_dice=0.0175  lr=4.11e-05
2395.0s 1025 [seed46-CurvatureDynamics] epoch 25/30  train_loss=1.1079  val_loss=1.1984  val_dice=0.0186  lr=3.14e-05
2399.2s 1026 [seed46-CurvatureDynamics] epoch 26/30  train_loss=1.1060  val_loss=1.1948  val_dice=0.0180  lr=2.29e-05
2403.5s 1027 [seed46-CurvatureDynamics] epoch 27/30  train_loss=1.1045  val_loss=1.1989  val_dice=0.0189  lr=1.58e-05 *
2407.7s 1028 [seed46-CurvatureDynamics] epoch 28/30  train_loss=1.1019  val_loss=1.1961  val_dice=0.0185  lr=1.03e-05
2411.9s 1029 [seed46-CurvatureDynamics] epoch 29/30  train_loss=1.1029  val_loss=1.1956  val_dice=0.0186  lr=6.25e-06
2416.4s 1030 [seed46-CurvatureDynamics] epoch 30/30  train_loss=1.1015  val_loss=1.1987  val_dice=0.0187  lr=3.81e-06
2416.9s 1031 
2416.9s 1032 Per-seed patient-weighted results [CurvatureDynamics]:
2416.9s 1033 model  seed  psnr_mean  ssim_mean  dice_mean
2416.9s 1034 0  CurvatureDynamics    42  27.002506   0.865346   0.295636
2416.9s 1035 1  CurvatureDynamics    43  27.174609   0.883972   0.284726
2416.9s 1036 2  CurvatureDynamics    44  26.858523   0.849783   0.284076
2416.9s 1037 3  CurvatureDynamics    45  26.909559   0.867829   0.233404
2416.9s 1038 4  CurvatureDynamics    46  27.055801   0.899905   0.263515
2416.9s 1039 
2416.9s 1040 Across-seed summary (n=5 seeds, mean +/- std) [CurvatureDynamics]:
2416.9s 1041 psnr_mean           ssim_mean           dice_mean
2416.9s 1042 mean       std      mean       std      mean       std
2416.9s 1043 model
2416.9s 1044 CurvatureDynamics   27.0002  0.124302  0.873367  0.019157  0.272271  0.024636
2416.9s 1045 
2416.9s 1046 === Combined multi-seed summary: Baseline vs SCL-Latent vs CurvatureDynamics ===
2416.9s 1047 psnr_mean           ssim_mean           dice_mean
2416.9s 1048 mean       std      mean       std      mean       std
2416.9s 1049 model
2416.9s 1050 Baseline           26.951937  0.188219  0.863838  0.038668  0.274469  0.024790
2416.9s 1051 SCL-World          27.129695  0.174341  0.831170  0.041048  0.255050  0.037232
2416.9s 1052 CurvatureDynamics  27.000200  0.124302  0.873367  0.019157  0.272271  0.024636
2417.5s 1053 Baseline  gaussian sigma=0.0                  PSNR = 26.83 dB
2417.9s 1054 SCL-World gaussian sigma=0.0                  PSNR = 26.88 dB
2418.2s 1055 Baseline  gaussian sigma=0.05                 PSNR = 26.42 dB
2418.5s 1056 SCL-World gaussian sigma=0.05                 PSNR = 26.44 dB
2418.8s 1057 Baseline  gaussian sigma=0.1                  PSNR = 25.31 dB
2419.2s 1058 SCL-World gaussian sigma=0.1                  PSNR = 25.25 dB
2419.5s 1059 Baseline  gaussian sigma=0.2                  PSNR = 21.33 dB
2419.9s 1060 SCL-World gaussian sigma=0.2                  PSNR = 21.00 dB
2420.3s 1061 [kfold] stratification by 'ms_type' not viable for k=5 (missing labels: True, min class size: 1 < k=5) -- falling back to plain KFold.
2420.3s 1062 [kfold] using plain KFold (k=5, no stratification).
2420.3s 1063 [kfold] training under 5 seed(s) per fold: [42, 43, 44, 45, 46]  (5 folds x 5 seeds = 25 runs per model)
2420.3s 1064 
2420.3s 1065 [kfold] fold 1/5: loading 16 train/val + 4 test patient(s) into cache...
2536.5s 1066 [SliceCache] loaded + precomputed 16 patient(s), 691 usable slice(s).
2559.1s 1067 [SliceCache] loaded + precomputed 4 patient(s), 170 usable slice(s).
2559.1s 1068 
2559.1s 1069 ===== Fold 1/5  |  seed 42 (1/5) =====
2559.7s 1070 lambda=0.20  alpha=0.02  ->  lesion-discrimination AUC = 0.3971  (n=8/8 usable batches)
2560.0s 1071 lambda=0.20  alpha=0.05  ->  lesion-discrimination AUC = 0.3787  (n=8/8 usable batches)
2560.3s 1072 lambda=0.20  alpha=0.10  ->  lesion-discrimination AUC = 0.3769  (n=8/8 usable batches)
2560.6s 1073 lambda=0.20  alpha=0.20  ->  lesion-discrimination AUC = 0.3895  (n=8/8 usable batches)
2560.9s 1074 lambda=0.40  alpha=0.02  ->  lesion-discrimination AUC = 0.3764  (n=8/8 usable batches)
2561.2s 1075 lambda=0.40  alpha=0.05  ->  lesion-discrimination AUC = 0.3940  (n=8/8 usable batches)
2561.5s 1076 lambda=0.40  alpha=0.10  ->  lesion-discrimination AUC = 0.4102  (n=8/8 usable batches)
2561.8s 1077 lambda=0.40  alpha=0.20  ->  lesion-discrimination AUC = 0.3778  (n=8/8 usable batches)
2562.1s 1078 lambda=0.60  alpha=0.02  ->  lesion-discrimination AUC = 0.4218  (n=8/8 usable batches)
2562.4s 1079 lambda=0.60  alpha=0.05  ->  lesion-discrimination AUC = 0.3663  (n=8/8 usable batches)
2562.7s 1080 lambda=0.60  alpha=0.10  ->  lesion-discrimination AUC = 0.4147  (n=8/8 usable batches)
2563.0s 1081 lambda=0.60  alpha=0.20  ->  lesion-discrimination AUC = 0.3851  (n=8/8 usable batches)
2563.3s 1082 lambda=0.80  alpha=0.02  ->  lesion-discrimination AUC = 0.4027  (n=8/8 usable batches)
2563.6s 1083 lambda=0.80  alpha=0.05  ->  lesion-discrimination AUC = 0.3949  (n=8/8 usable batches)
2563.9s 1084 lambda=0.80  alpha=0.10  ->  lesion-discrimination AUC = 0.3755  (n=8/8 usable batches)
2564.1s 1085 lambda=0.80  alpha=0.20  ->  lesion-discrimination AUC = 0.3739  (n=8/8 usable batches)
2564.5s 1086 /tmp/ipykernel_23/1756534611.py:49: FutureWarning: `torch.cuda.amp.GradScaler(args...)` is deprecated. Please use `torch.amp.GradScaler('cuda', args...)` instead.
2564.5s 1087 scaler = torch.cuda.amp.GradScaler(enabled=use_amp)
2564.5s 1088 
2564.5s 1089 /tmp/ipykernel_23/1756534611.py:49: FutureWarning: `torch.cuda.amp.GradScaler(args...)` is deprecated. Please use `torch.amp.GradScaler('cuda', args...)` instead.
2564.5s 1090 scaler = torch.cuda.amp.GradScaler(enabled=use_amp)
2566.6s 1091 [fold1-seed42-Baseline] epoch 01/30  train_loss=1.3153  val_loss=1.3685  val_dice=0.0087  lr=3.00e-04 *
2568.3s 1092 [fold1-seed42-Baseline] epoch 02/30  train_loss=1.1821  val_loss=1.2088  val_dice=0.0077  lr=2.99e-04
2570.0s 1093 [fold1-seed42-Baseline] epoch 03/30  train_loss=1.1637  val_loss=1.1823  val_dice=0.0091  lr=2.97e-04 *
2571.8s 1094 [fold1-seed42-Baseline] epoch 04/30  train_loss=1.1536  val_loss=1.2034  val_dice=0.0109  lr=2.93e-04 *
2573.5s 1095 [fold1-seed42-Baseline] epoch 05/30  train_loss=1.1517  val_loss=1.1720  val_dice=0.0122  lr=2.87e-04 *
2575.3s 1096 [fold1-seed42-Baseline] epoch 06/30  train_loss=1.1473  val_loss=1.1801  val_dice=0.0126  lr=2.80e-04 *
2577.0s 1097 [fold1-seed42-Baseline] epoch 07/30  train_loss=1.1459  val_loss=1.1827  val_dice=0.0132  lr=2.72e-04 *
2578.8s 1098 [fold1-seed42-Baseline] epoch 08/30  train_loss=1.1437  val_loss=1.1711  val_dice=0.0102  lr=2.62e-04
2580.6s 1099 [fold1-seed42-Baseline] epoch 09/30  train_loss=1.1400  val_loss=1.2586  val_dice=0.0114  lr=2.51e-04
2582.4s 1100 [fold1-seed42-Baseline] epoch 10/30  train_loss=1.1407  val_loss=1.1726  val_dice=0.0139  lr=2.39e-04 *
2584.2s 1101 [fold1-seed42-Baseline] epoch 11/30  train_loss=1.1362  val_loss=1.1623  val_dice=0.0121  lr=2.26e-04
2586.0s 1102 [fold1-seed42-Baseline] epoch 12/30  train_loss=1.1341  val_loss=1.1676  val_dice=0.0148  lr=2.12e-04 *
2587.8s 1103 [fold1-seed42-Baseline] epoch 13/30  train_loss=1.1330  val_loss=1.1845  val_dice=0.0100  lr=1.97e-04
2589.6s 1104 [fold1-seed42-Baseline] epoch 14/30  train_loss=1.1299  val_loss=1.2421  val_dice=0.0097  lr=1.82e-04
2591.4s 1105 [fold1-seed42-Baseline] epoch 15/30  train_loss=1.1263  val_loss=1.1891  val_dice=0.0123  lr=1.67e-04
2593.2s 1106 [fold1-seed42-Baseline] epoch 16/30  train_loss=1.1225  val_loss=1.1888  val_dice=0.0126  lr=1.51e-04
2595.0s 1107 [fold1-seed42-Baseline] epoch 17/30  train_loss=1.1224  val_loss=1.2103  val_dice=0.0101  lr=1.36e-04
2596.9s 1108 [fold1-seed42-Baseline] epoch 18/30  train_loss=1.1198  val_loss=1.1906  val_dice=0.0168  lr=1.21e-04 *
2598.6s 1109 [fold1-seed42-Baseline] epoch 19/30  train_loss=1.1150  val_loss=1.1916  val_dice=0.0128  lr=1.06e-04
2600.5s 1110 [fold1-seed42-Baseline] epoch 20/30  train_loss=1.1152  val_loss=1.1686  val_dice=0.0138  lr=9.11e-05
2602.3s 1111 [fold1-seed42-Baseline] epoch 21/30  train_loss=1.1085  val_loss=1.1891  val_dice=0.0142  lr=7.73e-05
2604.1s 1112 [fold1-seed42-Baseline] epoch 22/30  train_loss=1.1103  val_loss=1.1797  val_dice=0.0153  lr=6.42e-05
2605.9s 1113 [fold1-seed42-Baseline] epoch 23/30  train_loss=1.1077  val_loss=1.1983  val_dice=0.0139  lr=5.21e-05
2607.7s 1114 [fold1-seed42-Baseline] epoch 24/30  train_loss=1.1076  val_loss=1.1877  val_dice=0.0141  lr=4.11e-05
2607.7s 1115 [fold1-seed42-Baseline] early stopping at epoch 24 (no improvement in val dice for 6 epochs; best was epoch 18)
2611.7s 1116 [fold1-seed42-SCL] epoch 01/30  train_loss=1.4039  val_loss=1.2474  val_dice=0.0104  lr=3.00e-04 *
2615.1s 1117 [fold1-seed42-SCL] epoch 02/30  train_loss=1.1909  val_loss=1.2135  val_dice=0.0081  lr=2.99e-04
2618.7s 1118 [fold1-seed42-SCL] epoch 03/30  train_loss=1.1722  val_loss=1.2270  val_dice=0.0081  lr=2.97e-04
2622.2s 1119 [fold1-seed42-SCL] epoch 04/30  train_loss=1.1615  val_loss=1.1755  val_dice=0.0106  lr=2.93e-04 *
2625.6s 1120 [fold1-seed42-SCL] epoch 05/30  train_loss=1.1586  val_loss=1.2219  val_dice=0.0109  lr=2.87e-04 *
2629.0s 1121 [fold1-seed42-SCL] epoch 06/30  train_loss=1.1560  val_loss=1.1774  val_dice=0.0102  lr=2.80e-04
2632.4s 1122 [fold1-seed42-SCL] epoch 07/30  train_loss=1.1506  val_loss=1.1966  val_dice=0.0091  lr=2.72e-04
2635.8s 1123 [fold1-seed42-SCL] epoch 08/30  train_loss=1.1531  val_loss=1.1790  val_dice=0.0117  lr=2.62e-04 *
2639.3s 1124 [fold1-seed42-SCL] epoch 09/30  train_loss=1.1465  val_loss=1.1969  val_dice=0.0124  lr=2.51e-04 *
2642.7s 1125 [fold1-seed42-SCL] epoch 10/30  train_loss=1.1439  val_loss=1.1896  val_dice=0.0103  lr=2.39e-04
2646.2s 1126 [fold1-seed42-SCL] epoch 11/30  train_loss=1.1406  val_loss=1.1658  val_dice=0.0119  lr=2.26e-04
2649.7s 1127 [fold1-seed42-SCL] epoch 12/30  train_loss=1.1380  val_loss=1.1660  val_dice=0.0120  lr=2.12e-04
2653.2s 1128 [fold1-seed42-SCL] epoch 13/30  train_loss=1.1362  val_loss=1.1655  val_dice=0.0131  lr=1.97e-04 *
2656.6s 1129 [fold1-seed42-SCL] epoch 14/30  train_loss=1.1315  val_loss=1.1883  val_dice=0.0145  lr=1.82e-04 *
2660.1s 1130 [fold1-seed42-SCL] epoch 15/30  train_loss=1.1305  val_loss=1.1624  val_dice=0.0138  lr=1.67e-04
2663.5s 1131 [fold1-seed42-SCL] epoch 16/30  train_loss=1.1240  val_loss=1.1770  val_dice=0.0116  lr=1.51e-04
2667.0s 1132 [fold1-seed42-SCL] epoch 17/30  train_loss=1.1191  val_loss=1.2053  val_dice=0.0162  lr=1.36e-04 *
2670.4s 1133 [fold1-seed42-SCL] epoch 18/30  train_loss=1.1144  val_loss=1.2416  val_dice=0.0165  lr=1.21e-04 *
2673.9s 1134 [fold1-seed42-SCL] epoch 19/30  train_loss=1.1155  val_loss=1.1967  val_dice=0.0163  lr=1.06e-04
2677.3s 1135 [fold1-seed42-SCL] epoch 20/30  train_loss=1.1161  val_loss=1.1662  val_dice=0.0149  lr=9.11e-05
2680.8s 1136 [fold1-seed42-SCL] epoch 21/30  train_loss=1.1110  val_loss=1.1743  val_dice=0.0159  lr=7.73e-05
2684.4s 1137 [fold1-seed42-SCL] epoch 22/30  train_loss=1.1094  val_loss=1.1847  val_dice=0.0151  lr=6.42e-05
2687.9s 1138 [fold1-seed42-SCL] epoch 23/30  train_loss=1.1090  val_loss=1.2432  val_dice=0.0181  lr=5.21e-05 *
2691.4s 1139 [fold1-seed42-SCL] epoch 24/30  train_loss=1.1051  val_loss=1.2041  val_dice=0.0170  lr=4.11e-05
2694.9s 1140 [fold1-seed42-SCL] epoch 25/30  train_loss=1.1039  val_loss=1.2327  val_dice=0.0172  lr=3.14e-05
2698.4s 1141 [fold1-seed42-SCL] epoch 26/30  train_loss=1.1053  val_loss=1.2204  val_dice=0.0174  lr=2.29e-05
2701.8s 1142 [fold1-seed42-SCL] epoch 27/30  train_loss=1.1003  val_loss=1.2294  val_dice=0.0173  lr=1.58e-05
2705.2s 1143 [fold1-seed42-SCL] epoch 28/30  train_loss=1.1001  val_loss=1.2103  val_dice=0.0169  lr=1.03e-05
2708.5s 1144 [fold1-seed42-SCL] epoch 29/30  train_loss=1.1002  val_loss=1.2126  val_dice=0.0169  lr=6.25e-06
2708.5s 1145 [fold1-seed42-SCL] early stopping at epoch 29 (no improvement in val dice for 6 epochs; best was epoch 23)
2710.5s 1146 [checkpoint] saved fold 1 seed 42 results -> outputs/kfold_checkpoint_2d.csv
2710.5s 1147 
2710.5s 1148 ===== Fold 1/5  |  seed 43 (2/5) =====
2711.1s 1149 lambda=0.20  alpha=0.02  ->  lesion-discrimination AUC = 0.3579  (n=8/8 usable batches)
2711.4s 1150 lambda=0.20  alpha=0.05  ->  lesion-discrimination AUC = 0.3432  (n=8/8 usable batches)
2711.7s 1151 lambda=0.20  alpha=0.10  ->  lesion-discrimination AUC = 0.3234  (n=8/8 usable batches)
2712.0s 1152 lambda=0.20  alpha=0.20  ->  lesion-discrimination AUC = 0.3630  (n=8/8 usable batches)
2712.4s 1153 lambda=0.40  alpha=0.02  ->  lesion-discrimination AUC = 0.3262  (n=8/8 usable batches)
2712.7s 1154 lambda=0.40  alpha=0.05  ->  lesion-discrimination AUC = 0.3938  (n=8/8 usable batches)
2713.0s 1155 lambda=0.40  alpha=0.10  ->  lesion-discrimination AUC = 0.3738  (n=8/8 usable batches)
2713.3s 1156 lambda=0.40  alpha=0.20  ->  lesion-discrimination AUC = 0.3404  (n=8/8 usable batches)
2713.6s 1157 lambda=0.60  alpha=0.02  ->  lesion-discrimination AUC = 0.3725  (n=8/8 usable batches)
2713.9s 1158 lambda=0.60  alpha=0.05  ->  lesion-discrimination AUC = 0.3648  (n=8/8 usable batches)
2714.2s 1159 lambda=0.60  alpha=0.10  ->  lesion-discrimination AUC = 0.3379  (n=8/8 usable batches)
2714.5s 1160 lambda=0.60  alpha=0.20  ->  lesion-discrimination AUC = 0.4003  (n=8/8 usable batches)
2714.8s 1161 lambda=0.80  alpha=0.02  ->  lesion-discrimination AUC = 0.3741  (n=8/8 usable batches)
2715.1s 1162 lambda=0.80  alpha=0.05  ->  lesion-discrimination AUC = 0.3747  (n=8/8 usable batches)
2715.4s 1163 lambda=0.80  alpha=0.10  ->  lesion-discrimination AUC = 0.3660  (n=8/8 usable batches)
2715.8s 1164 lambda=0.80  alpha=0.20  ->  lesion-discrimination AUC = 0.3693  (n=8/8 usable batches)
2716.2s 1165 /tmp/ipykernel_23/1756534611.py:49: FutureWarning: `torch.cuda.amp.GradScaler(args...)` is deprecated. Please use `torch.amp.GradScaler('cuda', args...)` instead.
2716.2s 1166 scaler = torch.cuda.amp.GradScaler(enabled=use_amp)
2716.2s 1167 
2716.2s 1168 /tmp/ipykernel_23/1756534611.py:49: FutureWarning: `torch.cuda.amp.GradScaler(args...)` is deprecated. Please use `torch.amp.GradScaler('cuda', args...)` instead.
2716.2s 1169 scaler = torch.cuda.amp.GradScaler(enabled=use_amp)
2718.2s 1170 [fold1-seed43-Baseline] epoch 01/30  train_loss=1.2815  val_loss=1.2030  val_dice=0.0132  lr=3.00e-04 *
2719.9s 1171 [fold1-seed43-Baseline] epoch 02/30  train_loss=1.1674  val_loss=1.2097  val_dice=0.0113  lr=2.99e-04
2721.7s 1172 [fold1-seed43-Baseline] epoch 03/30  train_loss=1.1595  val_loss=1.1904  val_dice=0.0112  lr=2.97e-04
2723.4s 1173 [fold1-seed43-Baseline] epoch 04/30  train_loss=1.1563  val_loss=1.1965  val_dice=0.0116  lr=2.93e-04
2725.2s 1174 [fold1-seed43-Baseline] epoch 05/30  train_loss=1.1563  val_loss=1.1815  val_dice=0.0109  lr=2.87e-04
2726.9s 1175 [fold1-seed43-Baseline] epoch 06/30  train_loss=1.1454  val_loss=1.1835  val_dice=0.0112  lr=2.80e-04
2728.7s 1176 [fold1-seed43-Baseline] epoch 07/30  train_loss=1.1416  val_loss=1.2065  val_dice=0.0110  lr=2.72e-04
2728.7s 1177 [fold1-seed43-Baseline] early stopping at epoch 7 (no improvement in val dice for 6 epochs; best was epoch 1)
2732.6s 1178 [fold1-seed43-SCL] epoch 01/30  train_loss=1.3309  val_loss=1.2290  val_dice=0.0100  lr=3.00e-04 *
2736.1s 1179 [fold1-seed43-SCL] epoch 02/30  train_loss=1.1752  val_loss=1.1892  val_dice=0.0110  lr=2.99e-04 *
2739.5s 1180 [fold1-seed43-SCL] epoch 03/30  train_loss=1.1656  val_loss=1.1798  val_dice=0.0121  lr=2.97e-04 *
2743.0s 1181 [fold1-seed43-SCL] epoch 04/30  train_loss=1.1621  val_loss=1.1830  val_dice=0.0124  lr=2.93e-04 *
2746.5s 1182 [fold1-seed43-SCL] epoch 05/30  train_loss=1.1585  val_loss=1.1783  val_dice=0.0106  lr=2.87e-04
2750.0s 1183 [fold1-seed43-SCL] epoch 06/30  train_loss=1.1555  val_loss=1.1804  val_dice=0.0108  lr=2.80e-04
2753.6s 1184 [fold1-seed43-SCL] epoch 07/30  train_loss=1.1506  val_loss=1.1800  val_dice=0.0106  lr=2.72e-04
2757.0s 1185 [fold1-seed43-SCL] epoch 08/30  train_loss=1.1467  val_loss=1.1847  val_dice=0.0108  lr=2.62e-04
2760.6s 1186 [fold1-seed43-SCL] epoch 09/30  train_loss=1.1458  val_loss=1.1683  val_dice=0.0123  lr=2.51e-04
2764.0s 1187 [fold1-seed43-SCL] epoch 10/30  train_loss=1.1421  val_loss=1.1866  val_dice=0.0108  lr=2.39e-04
2764.0s 1188 [fold1-seed43-SCL] early stopping at epoch 10 (no improvement in val dice for 6 epochs; best was epoch 4)
2765.7s 1189 [checkpoint] saved fold 1 seed 43 results -> outputs/kfold_checkpoint_2d.csv
2765.7s 1190 
2765.7s 1191 ===== Fold 1/5  |  seed 44 (3/5) =====
2766.3s 1192 lambda=0.20  alpha=0.02  ->  lesion-discrimination AUC = 0.3511  (n=8/8 usable batches)
2766.6s 1193 lambda=0.20  alpha=0.05  ->  lesion-discrimination AUC = 0.3931  (n=8/8 usable batches)
2766.9s 1194 lambda=0.20  alpha=0.10  ->  lesion-discrimination AUC = 0.3598  (n=8/8 usable batches)
2767.2s 1195 lambda=0.20  alpha=0.20  ->  lesion-discrimination AUC = 0.3480  (n=8/8 usable batches)
2767.4s 1196 lambda=0.40  alpha=0.02  ->  lesion-discrimination AUC = 0.3622  (n=8/8 usable batches)
2767.7s 1197 lambda=0.40  alpha=0.05  ->  lesion-discrimination AUC = 0.3854  (n=8/8 usable batches)
2768.1s 1198 lambda=0.40  alpha=0.10  ->  lesion-discrimination AUC = 0.3937  (n=8/8 usable batches)
2768.4s 1199 lambda=0.40  alpha=0.20  ->  lesion-discrimination AUC = 0.3897  (n=8/8 usable batches)
2768.7s 1200 lambda=0.60  alpha=0.02  ->  lesion-discrimination AUC = 0.4081  (n=8/8 usable batches)
2769.0s 1201 lambda=0.60  alpha=0.05  ->  lesion-discrimination AUC = 0.3848  (n=8/8 usable batches)
2769.3s 1202 lambda=0.60  alpha=0.10  ->  lesion-discrimination AUC = 0.3882  (n=8/8 usable batches)
2769.6s 1203 lambda=0.60  alpha=0.20  ->  lesion-discrimination AUC = 0.3657  (n=8/8 usable batches)
2769.9s 1204 lambda=0.80  alpha=0.02  ->  lesion-discrimination AUC = 0.3677  (n=8/8 usable batches)
2770.2s 1205 lambda=0.80  alpha=0.05  ->  lesion-discrimination AUC = 0.3809  (n=8/8 usable batches)
2770.5s 1206 lambda=0.80  alpha=0.10  ->  lesion-discrimination AUC = 0.3547  (n=8/8 usable batches)
2771.0s 1207 lambda=0.80  alpha=0.20  ->  lesion-discrimination AUC = 0.3636  (n=8/8 usable batches)
2771.6s 1208 /tmp/ipykernel_23/1756534611.py:49: FutureWarning: `torch.cuda.amp.GradScaler(args...)` is deprecated. Please use `torch.amp.GradScaler('cuda', args...)` instead.
2771.6s 1209 scaler = torch.cuda.amp.GradScaler(enabled=use_amp)
2771.6s 1210 
2771.6s 1211 /tmp/ipykernel_23/1756534611.py:49: FutureWarning: `torch.cuda.amp.GradScaler(args...)` is deprecated. Please use `torch.amp.GradScaler('cuda', args...)` instead.
2771.6s 1212 scaler = torch.cuda.amp.GradScaler(enabled=use_amp)
2773.6s 1213 [fold1-seed44-Baseline] epoch 01/30  train_loss=1.2809  val_loss=1.2204  val_dice=0.0054  lr=3.00e-04 *
2775.4s 1214 [fold1-seed44-Baseline] epoch 02/30  train_loss=1.1804  val_loss=1.1308  val_dice=0.0055  lr=2.99e-04 *
2777.2s 1215 [fold1-seed44-Baseline] epoch 03/30  train_loss=1.1694  val_loss=1.1206  val_dice=0.0058  lr=2.97e-04 *
2778.9s 1216 [fold1-seed44-Baseline] epoch 04/30  train_loss=1.1667  val_loss=1.1048  val_dice=0.0060  lr=2.93e-04 *
2780.7s 1217 [fold1-seed44-Baseline] epoch 05/30  train_loss=1.1624  val_loss=1.1112  val_dice=0.0058  lr=2.87e-04
2782.4s 1218 [fold1-seed44-Baseline] epoch 06/30  train_loss=1.1574  val_loss=1.1206  val_dice=0.0058  lr=2.80e-04
2784.2s 1219 [fold1-seed44-Baseline] epoch 07/30  train_loss=1.1590  val_loss=1.1043  val_dice=0.0064  lr=2.72e-04 *
2785.9s 1220 [fold1-seed44-Baseline] epoch 08/30  train_loss=1.1537  val_loss=1.1021  val_dice=0.0069  lr=2.62e-04 *
2787.7s 1221 [fold1-seed44-Baseline] epoch 09/30  train_loss=1.1513  val_loss=1.1100  val_dice=0.0068  lr=2.51e-04
2789.5s 1222 [fold1-seed44-Baseline] epoch 10/30  train_loss=1.1467  val_loss=1.1008  val_dice=0.0075  lr=2.39e-04 *
2791.3s 1223 [fold1-seed44-Baseline] epoch 11/30  train_loss=1.1428  val_loss=1.0968  val_dice=0.0068  lr=2.26e-04
2793.1s 1224 [fold1-seed44-Baseline] epoch 12/30  train_loss=1.1396  val_loss=1.1042  val_dice=0.0085  lr=2.12e-04 *
2794.9s 1225 [fold1-seed44-Baseline] epoch 13/30  train_loss=1.1381  val_loss=1.1227  val_dice=0.0072  lr=1.97e-04
2796.7s 1226 [fold1-seed44-Baseline] epoch 14/30  train_loss=1.1370  val_loss=1.0980  val_dice=0.0091  lr=1.82e-04 *
2798.4s 1227 [fold1-seed44-Baseline] epoch 15/30  train_loss=1.1325  val_loss=1.0961  val_dice=0.0080  lr=1.67e-04
2800.2s 1228 [fold1-seed44-Baseline] epoch 16/30  train_loss=1.1294  val_loss=1.0938  val_dice=0.0089  lr=1.51e-04
2802.0s 1229 [fold1-seed44-Baseline] epoch 17/30  train_loss=1.1259  val_loss=1.0953  val_dice=0.0102  lr=1.36e-04 *
2803.8s 1230 [fold1-seed44-Baseline] epoch 18/30  train_loss=1.1222  val_loss=1.0877  val_dice=0.0116  lr=1.21e-04 *
2805.6s 1231 [fold1-seed44-Baseline] epoch 19/30  train_loss=1.1205  val_loss=1.1006  val_dice=0.0095  lr=1.06e-04
2807.4s 1232 [fold1-seed44-Baseline] epoch 20/30  train_loss=1.1193  val_loss=1.0924  val_dice=0.0106  lr=9.11e-05
2809.2s 1233 [fold1-seed44-Baseline] epoch 21/30  train_loss=1.1182  val_loss=1.0878  val_dice=0.0102  lr=7.73e-05
2811.0s 1234 [fold1-seed44-Baseline] epoch 22/30  train_loss=1.1141  val_loss=1.0888  val_dice=0.0119  lr=6.42e-05 *
2812.8s 1235 [fold1-seed44-Baseline] epoch 23/30  train_loss=1.1123  val_loss=1.0925  val_dice=0.0122  lr=5.21e-05 *
2814.6s 1236 [fold1-seed44-Baseline] epoch 24/30  train_loss=1.1146  val_loss=1.0869  val_dice=0.0118  lr=4.11e-05
2816.3s 1237 [fold1-seed44-Baseline] epoch 25/30  train_loss=1.1112  val_loss=1.0879  val_dice=0.0115  lr=3.14e-05
2818.1s 1238 [fold1-seed44-Baseline] epoch 26/30  train_loss=1.1081  val_loss=1.0880  val_dice=0.0122  lr=2.29e-05
2819.9s 1239 [fold1-seed44-Baseline] epoch 27/30  train_loss=1.1086  val_loss=1.0859  val_dice=0.0120  lr=1.58e-05
2821.6s 1240 [fold1-seed44-Baseline] epoch 28/30  train_loss=1.1067  val_loss=1.0867  val_dice=0.0120  lr=1.03e-05
2823.4s 1241 [fold1-seed44-Baseline] epoch 29/30  train_loss=1.1082  val_loss=1.0866  val_dice=0.0121  lr=6.25e-06
2823.4s 1242 [fold1-seed44-Baseline] early stopping at epoch 29 (no improvement in val dice for 6 epochs; best was epoch 23)
2827.4s 1243 [fold1-seed44-SCL] epoch 01/30  train_loss=1.3908  val_loss=1.2649  val_dice=0.0045  lr=3.00e-04 *
2830.8s 1244 [fold1-seed44-SCL] epoch 02/30  train_loss=1.2189  val_loss=1.3405  val_dice=0.0023  lr=2.99e-04
2834.3s 1245 [fold1-seed44-SCL] epoch 03/30  train_loss=1.1972  val_loss=1.1359  val_dice=0.0056  lr=2.97e-04 *
2837.7s 1246 [fold1-seed44-SCL] epoch 04/30  train_loss=1.1798  val_loss=1.1158  val_dice=0.0059  lr=2.93e-04 *
2841.2s 1247 [fold1-seed44-SCL] epoch 05/30  train_loss=1.1667  val_loss=1.1156  val_dice=0.0062  lr=2.87e-04 *
2844.8s 1248 [fold1-seed44-SCL] epoch 06/30  train_loss=1.1661  val_loss=1.1104  val_dice=0.0065  lr=2.80e-04 *
2848.2s 1249 [fold1-seed44-SCL] epoch 07/30  train_loss=1.1632  val_loss=1.1102  val_dice=0.0065  lr=2.72e-04 *
2851.7s 1250 [fold1-seed44-SCL] epoch 08/30  train_loss=1.1572  val_loss=1.1168  val_dice=0.0067  lr=2.62e-04 *
2855.3s 1251 [fold1-seed44-SCL] epoch 09/30  train_loss=1.1494  val_loss=1.1222  val_dice=0.0082  lr=2.51e-04 *
2858.8s 1252 [fold1-seed44-SCL] epoch 10/30  train_loss=1.1540  val_loss=1.1076  val_dice=0.0084  lr=2.39e-04 *
2862.3s 1253 [fold1-seed44-SCL] epoch 11/30  train_loss=1.1446  val_loss=1.1177  val_dice=0.0076  lr=2.26e-04
2865.7s 1254 [fold1-seed44-SCL] epoch 12/30  train_loss=1.1432  val_loss=1.1029  val_dice=0.0083  lr=2.12e-04
2869.2s 1255 [fold1-seed44-SCL] epoch 13/30  train_loss=1.1406  val_loss=1.1171  val_dice=0.0084  lr=1.97e-04 *
2872.7s 1256 [fold1-seed44-SCL] epoch 14/30  train_loss=1.1345  val_loss=1.1127  val_dice=0.0092  lr=1.82e-04 *
2876.2s 1257 [fold1-seed44-SCL] epoch 15/30  train_loss=1.1356  val_loss=1.1154  val_dice=0.0094  lr=1.67e-04 *
2879.7s 1258 [fold1-seed44-SCL] epoch 16/30  train_loss=1.1323  val_loss=1.1026  val_dice=0.0099  lr=1.51e-04 *
2883.3s 1259 [fold1-seed44-SCL] epoch 17/30  train_loss=1.1268  val_loss=1.1022  val_dice=0.0088  lr=1.36e-04
2886.8s 1260 [fold1-seed44-SCL] epoch 18/30  train_loss=1.1244  val_loss=1.1055  val_dice=0.0105  lr=1.21e-04 *
2890.3s 1261 [fold1-seed44-SCL] epoch 19/30  train_loss=1.1214  val_loss=1.0997  val_dice=0.0105  lr=1.06e-04
2893.8s 1262 [fold1-seed44-SCL] epoch 20/30  train_loss=1.1173  val_loss=1.1007  val_dice=0.0101  lr=9.11e-05
2897.3s 1263 [fold1-seed44-SCL] epoch 21/30  train_loss=1.1114  val_loss=1.0934  val_dice=0.0112  lr=7.73e-05 *
2900.8s 1264 [fold1-seed44-SCL] epoch 22/30  train_loss=1.1149  val_loss=1.0995  val_dice=0.0108  lr=6.42e-05
2904.3s 1265 [fold1-seed44-SCL] epoch 23/30  train_loss=1.1093  val_loss=1.0976  val_dice=0.0113  lr=5.21e-05 *
2907.8s 1266 [fold1-seed44-SCL] epoch 24/30  train_loss=1.1071  val_loss=1.0969  val_dice=0.0115  lr=4.11e-05 *
2911.2s 1267 [fold1-seed44-SCL] epoch 25/30  train_loss=1.1041  val_loss=1.0996  val_dice=0.0119  lr=3.14e-05 *
2914.6s 1268 [fold1-seed44-SCL] epoch 26/30  train_loss=1.1054  val_loss=1.0943  val_dice=0.0110  lr=2.29e-05
2918.1s 1269 [fold1-seed44-SCL] epoch 27/30  train_loss=1.1044  val_loss=1.0973  val_dice=0.0117  lr=1.58e-05
2921.7s 1270 [fold1-seed44-SCL] epoch 28/30  train_loss=1.1028  val_loss=1.0981  val_dice=0.0117  lr=1.03e-05
2925.2s 1271 [fold1-seed44-SCL] epoch 29/30  train_loss=1.0991  val_loss=1.0971  val_dice=0.0115  lr=6.25e-06
2928.7s 1272 [fold1-seed44-SCL] epoch 30/30  train_loss=1.1011  val_loss=1.0959  val_dice=0.0115  lr=3.81e-06
2930.3s 1273 [checkpoint] saved fold 1 seed 44 results -> outputs/kfold_checkpoint_2d.csv
2930.3s 1274 
2930.3s 1275 ===== Fold 1/5  |  seed 45 (4/5) =====
2930.9s 1276 lambda=0.20  alpha=0.02  ->  lesion-discrimination AUC = 0.4222  (n=8/8 usable batches)
2931.3s 1277 lambda=0.20  alpha=0.05  ->  lesion-discrimination AUC = 0.4074  (n=8/8 usable batches)
2931.5s 1278 lambda=0.20  alpha=0.10  ->  lesion-discrimination AUC = 0.3773  (n=8/8 usable batches)
2931.8s 1279 lambda=0.20  alpha=0.20  ->  lesion-discrimination AUC = 0.4303  (n=8/8 usable batches)
2932.1s 1280 lambda=0.40  alpha=0.02  ->  lesion-discrimination AUC = 0.3842  (n=8/8 usable batches)
2932.4s 1281 lambda=0.40  alpha=0.05  ->  lesion-discrimination AUC = 0.4198  (n=8/8 usable batches)
2932.7s 1282 lambda=0.40  alpha=0.10  ->  lesion-discrimination AUC = 0.4384  (n=8/8 usable batches)
2933.0s 1283 lambda=0.40  alpha=0.20  ->  lesion-discrimination AUC = 0.3734  (n=8/8 usable batches)
2933.3s 1284 lambda=0.60  alpha=0.02  ->  lesion-discrimination AUC = 0.4098  (n=8/8 usable batches)
2933.6s 1285 lambda=0.60  alpha=0.05  ->  lesion-discrimination AUC = 0.4051  (n=8/8 usable batches)
2934.0s 1286 lambda=0.60  alpha=0.10  ->  lesion-discrimination AUC = 0.3778  (n=8/8 usable batches)
2934.3s 1287 lambda=0.60  alpha=0.20  ->  lesion-discrimination AUC = 0.4238  (n=8/8 usable batches)
2934.6s 1288 lambda=0.80  alpha=0.02  ->  lesion-discrimination AUC = 0.4076  (n=8/8 usable batches)
2934.9s 1289 lambda=0.80  alpha=0.05  ->  lesion-discrimination AUC = 0.4011  (n=8/8 usable batches)
2935.2s 1290 lambda=0.80  alpha=0.10  ->  lesion-discrimination AUC = 0.3971  (n=8/8 usable batches)
2935.5s 1291 lambda=0.80  alpha=0.20  ->  lesion-discrimination AUC = 0.4154  (n=8/8 usable batches)
2935.9s 1292 /tmp/ipykernel_23/1756534611.py:49: FutureWarning: `torch.cuda.amp.GradScaler(args...)` is deprecated. Please use `torch.amp.GradScaler('cuda', args...)` instead.
2935.9s 1293 scaler = torch.cuda.amp.GradScaler(enabled=use_amp)
2935.9s 1294 
2935.9s 1295 /tmp/ipykernel_23/1756534611.py:49: FutureWarning: `torch.cuda.amp.GradScaler(args...)` is deprecated. Please use `torch.amp.GradScaler('cuda', args...)` instead.
2935.9s 1296 scaler = torch.cuda.amp.GradScaler(enabled=use_amp)
2938.0s 1297 [fold1-seed45-Baseline] epoch 01/30  train_loss=1.2604  val_loss=1.3097  val_dice=0.0244  lr=3.00e-04 *
2939.7s 1298 [fold1-seed45-Baseline] epoch 02/30  train_loss=1.1511  val_loss=1.3024  val_dice=0.0194  lr=2.99e-04
2941.5s 1299 [fold1-seed45-Baseline] epoch 03/30  train_loss=1.1454  val_loss=1.2795  val_dice=0.0206  lr=2.97e-04
2943.2s 1300 [fold1-seed45-Baseline] epoch 04/30  train_loss=1.1410  val_loss=1.2938  val_dice=0.0202  lr=2.93e-04
2945.0s 1301 [fold1-seed45-Baseline] epoch 05/30  train_loss=1.1393  val_loss=1.3018  val_dice=0.0188  lr=2.87e-04
2946.8s 1302 [fold1-seed45-Baseline] epoch 06/30  train_loss=1.1331  val_loss=1.2897  val_dice=0.0201  lr=2.80e-04
2948.5s 1303 [fold1-seed45-Baseline] epoch 07/30  train_loss=1.1334  val_loss=1.4148  val_dice=0.0198  lr=2.72e-04
2948.5s 1304 [fold1-seed45-Baseline] early stopping at epoch 7 (no improvement in val dice for 6 epochs; best was epoch 1)
2952.5s 1305 [fold1-seed45-SCL] epoch 01/30  train_loss=1.2875  val_loss=1.3542  val_dice=0.0245  lr=3.00e-04 *
2956.0s 1306 [fold1-seed45-SCL] epoch 02/30  train_loss=1.1598  val_loss=1.3001  val_dice=0.0189  lr=2.99e-04
2959.4s 1307 [fold1-seed45-SCL] epoch 03/30  train_loss=1.1467  val_loss=1.2948  val_dice=0.0198  lr=2.97e-04
2963.0s 1308 [fold1-seed45-SCL] epoch 04/30  train_loss=1.1447  val_loss=1.3302  val_dice=0.0217  lr=2.93e-04
2966.4s 1309 [fold1-seed45-SCL] epoch 05/30  train_loss=1.1415  val_loss=1.2986  val_dice=0.0197  lr=2.87e-04
2970.0s 1310 [fold1-seed45-SCL] epoch 06/30  train_loss=1.1361  val_loss=1.3034  val_dice=0.0210  lr=2.80e-04
2973.3s 1311 [fold1-seed45-SCL] epoch 07/30  train_loss=1.1418  val_loss=1.3114  val_dice=0.0179  lr=2.72e-04
2973.3s 1312 [fold1-seed45-SCL] early stopping at epoch 7 (no improvement in val dice for 6 epochs; best was epoch 1)
2975.1s 1313 [checkpoint] saved fold 1 seed 45 results -> outputs/kfold_checkpoint_2d.csv
2975.1s 1314 
2975.1s 1315 ===== Fold 1/5  |  seed 46 (5/5) =====
2975.6s 1316 lambda=0.20  alpha=0.02  ->  lesion-discrimination AUC = 0.3451  (n=8/8 usable batches)
2976.0s 1317 lambda=0.20  alpha=0.05  ->  lesion-discrimination AUC = 0.3860  (n=8/8 usable batches)
2976.3s 1318 lambda=0.20  alpha=0.10  ->  lesion-discrimination AUC = 0.4116  (n=8/8 usable batches)
2976.6s 1319 lambda=0.20  alpha=0.20  ->  lesion-discrimination AUC = 0.3912  (n=8/8 usable batches)
2976.9s 1320 lambda=0.40  alpha=0.02  ->  lesion-discrimination AUC = 0.3541  (n=8/8 usable batches)
2977.2s 1321 lambda=0.40  alpha=0.05  ->  lesion-discrimination AUC = 0.3282  (n=8/8 usable batches)
2977.5s 1322 lambda=0.40  alpha=0.10  ->  lesion-discrimination AUC = 0.4334  (n=8/8 usable batches)
2977.9s 1323 lambda=0.40  alpha=0.20  ->  lesion-discrimination AUC = 0.3655  (n=8/8 usable batches)
2978.2s 1324 lambda=0.60  alpha=0.02  ->  lesion-discrimination AUC = 0.3834  (n=8/8 usable batches)
2978.5s 1325 lambda=0.60  alpha=0.05  ->  lesion-discrimination AUC = 0.3822  (n=8/8 usable batches)
2978.8s 1326 lambda=0.60  alpha=0.10  ->  lesion-discrimination AUC = 0.3585  (n=8/8 usable batches)
2979.1s 1327 lambda=0.60  alpha=0.20  ->  lesion-discrimination AUC = 0.3807  (n=8/8 usable batches)
2979.4s 1328 lambda=0.80  alpha=0.02  ->  lesion-discrimination AUC = 0.3974  (n=8/8 usable batches)
2979.7s 1329 lambda=0.80  alpha=0.05  ->  lesion-discrimination AUC = 0.3698  (n=8/8 usable batches)
2980.0s 1330 lambda=0.80  alpha=0.10  ->  lesion-discrimination AUC = 0.4067  (n=8/8 usable batches)
2980.3s 1331 lambda=0.80  alpha=0.20  ->  lesion-discrimination AUC = 0.3703  (n=8/8 usable batches)
2980.7s 1332 /tmp/ipykernel_23/1756534611.py:49: FutureWarning: `torch.cuda.amp.GradScaler(args...)` is deprecated. Please use `torch.amp.GradScaler('cuda', args...)` instead.
2980.7s 1333 scaler = torch.cuda.amp.GradScaler(enabled=use_amp)
2980.7s 1334 
2980.7s 1335 /tmp/ipykernel_23/1756534611.py:49: FutureWarning: `torch.cuda.amp.GradScaler(args...)` is deprecated. Please use `torch.amp.GradScaler('cuda', args...)` instead.
2980.7s 1336 scaler = torch.cuda.amp.GradScaler(enabled=use_amp)
2982.7s 1337 [fold1-seed46-Baseline] epoch 01/30  train_loss=1.2846  val_loss=1.1312  val_dice=0.0059  lr=3.00e-04 *
2984.4s 1338 [fold1-seed46-Baseline] epoch 02/30  train_loss=1.1963  val_loss=1.1185  val_dice=0.0050  lr=2.99e-04
2986.2s 1339 [fold1-seed46-Baseline] epoch 03/30  train_loss=1.1730  val_loss=1.1212  val_dice=0.0043  lr=2.97e-04
2987.9s 1340 [fold1-seed46-Baseline] epoch 04/30  train_loss=1.1765  val_loss=1.1128  val_dice=0.0051  lr=2.93e-04
2989.7s 1341 [fold1-seed46-Baseline] epoch 05/30  train_loss=1.1626  val_loss=1.1055  val_dice=0.0051  lr=2.87e-04
2991.5s 1342 [fold1-seed46-Baseline] epoch 06/30  train_loss=1.1618  val_loss=1.1064  val_dice=0.0055  lr=2.80e-04
2993.2s 1343 [fold1-seed46-Baseline] epoch 07/30  train_loss=1.1581  val_loss=1.1060  val_dice=0.0055  lr=2.72e-04
2993.2s 1344 [fold1-seed46-Baseline] early stopping at epoch 7 (no improvement in val dice for 6 epochs; best was epoch 1)
2996.8s 1345 [fold1-seed46-SCL] epoch 01/30  train_loss=1.2931  val_loss=1.1567  val_dice=0.0053  lr=3.00e-04 *
3000.3s 1346 [fold1-seed46-SCL] epoch 02/30  train_loss=1.1823  val_loss=1.1201  val_dice=0.0048  lr=2.99e-04
3003.7s 1347 [fold1-seed46-SCL] epoch 03/30  train_loss=1.1750  val_loss=1.1084  val_dice=0.0056  lr=2.97e-04 *
3007.2s 1348 [fold1-seed46-SCL] epoch 04/30  train_loss=1.1698  val_loss=1.1085  val_dice=0.0049  lr=2.93e-04
3010.7s 1349 [fold1-seed46-SCL] epoch 05/30  train_loss=1.1647  val_loss=1.0962  val_dice=0.0049  lr=2.87e-04
3014.3s 1350 [fold1-seed46-SCL] epoch 06/30  train_loss=1.1629  val_loss=1.1063  val_dice=0.0059  lr=2.80e-04 *
3017.7s 1351 [fold1-seed46-SCL] epoch 07/30  train_loss=1.1605  val_loss=1.0971  val_dice=0.0053  lr=2.72e-04
3021.3s 1352 [fold1-seed46-SCL] epoch 08/30  train_loss=1.1565  val_loss=1.1136  val_dice=0.0058  lr=2.62e-04
3024.7s 1353 [fold1-seed46-SCL] epoch 09/30  train_loss=1.1535  val_loss=1.1066  val_dice=0.0056  lr=2.51e-04
3028.3s 1354 [fold1-seed46-SCL] epoch 10/30  train_loss=1.1501  val_loss=1.1096  val_dice=0.0056  lr=2.39e-04
3031.8s 1355 [fold1-seed46-SCL] epoch 11/30  train_loss=1.1473  val_loss=1.1269  val_dice=0.0061  lr=2.26e-04 *
3035.2s 1356 [fold1-seed46-SCL] epoch 12/30  train_loss=1.1446  val_loss=1.0911  val_dice=0.0073  lr=2.12e-04 *
3038.7s 1357 [fold1-seed46-SCL] epoch 13/30  train_loss=1.1387  val_loss=1.0844  val_dice=0.0074  lr=1.97e-04 *
3042.2s 1358 [fold1-seed46-SCL] epoch 14/30  train_loss=1.1376  val_loss=1.0970  val_dice=0.0077  lr=1.82e-04 *
3045.6s 1359 [fold1-seed46-SCL] epoch 15/30  train_loss=1.1346  val_loss=1.0845  val_dice=0.0083  lr=1.67e-04 *
3049.0s 1360 [fold1-seed46-SCL] epoch 16/30  train_loss=1.1315  val_loss=1.0970  val_dice=0.0105  lr=1.51e-04 *
3052.5s 1361 [fold1-seed46-SCL] epoch 17/30  train_loss=1.1275  val_loss=1.0884  val_dice=0.0087  lr=1.36e-04
3056.0s 1362 [fold1-seed46-SCL] epoch 18/30  train_loss=1.1252  val_loss=1.0809  val_dice=0.0099  lr=1.21e-04
3059.5s 1363 [fold1-seed46-SCL] epoch 19/30  train_loss=1.1256  val_loss=1.0794  val_dice=0.0090  lr=1.06e-04
3063.0s 1364 [fold1-seed46-SCL] epoch 20/30  train_loss=1.1210  val_loss=1.0843  val_dice=0.0108  lr=9.11e-05 *
3066.4s 1365 [fold1-seed46-SCL] epoch 21/30  train_loss=1.1172  val_loss=1.0868  val_dice=0.0099  lr=7.73e-05
3069.8s 1366 [fold1-seed46-SCL] epoch 22/30  train_loss=1.1137  val_loss=1.0826  val_dice=0.0107  lr=6.42e-05
3073.3s 1367 [fold1-seed46-SCL] epoch 23/30  train_loss=1.1134  val_loss=1.0855  val_dice=0.0104  lr=5.21e-05
3076.8s 1368 [fold1-seed46-SCL] epoch 24/30  train_loss=1.1111  val_loss=1.0819  val_dice=0.0108  lr=4.11e-05
3080.3s 1369 [fold1-seed46-SCL] epoch 25/30  train_loss=1.1100  val_loss=1.0892  val_dice=0.0109  lr=3.14e-05 *
3083.8s 1370 [fold1-seed46-SCL] epoch 26/30  train_loss=1.1081  val_loss=1.0880  val_dice=0.0113  lr=2.29e-05 *
3087.2s 1371 [fold1-seed46-SCL] epoch 27/30  train_loss=1.1056  val_loss=1.0868  val_dice=0.0113  lr=1.58e-05 *
3090.6s 1372 [fold1-seed46-SCL] epoch 28/30  train_loss=1.1057  val_loss=1.0878  val_dice=0.0115  lr=1.03e-05 *
3094.2s 1373 [fold1-seed46-SCL] epoch 29/30  train_loss=1.1042  val_loss=1.0887  val_dice=0.0115  lr=6.25e-06 *
3097.7s 1374 [fold1-seed46-SCL] epoch 30/30  train_loss=1.1026  val_loss=1.0894  val_dice=0.0116  lr=3.81e-06 *
3099.5s 1375 [checkpoint] saved fold 1 seed 46 results -> outputs/kfold_checkpoint_2d.csv
3099.5s 1376 
3099.5s 1377 [kfold] fold 2/5: loading 16 train/val + 4 test patient(s) into cache...
3210.2s 1378 [SliceCache] loaded + precomputed 16 patient(s), 689 usable slice(s).
3238.9s 1379 [SliceCache] loaded + precomputed 4 patient(s), 172 usable slice(s).
3238.9s 1380 
3238.9s 1381 ===== Fold 2/5  |  seed 42 (1/5) =====
3239.5s 1382 lambda=0.20  alpha=0.02  ->  lesion-discrimination AUC = 0.3862  (n=8/8 usable batches)
3239.9s 1383 lambda=0.20  alpha=0.05  ->  lesion-discrimination AUC = 0.3668  (n=8/8 usable batches)
3240.3s 1384 lambda=0.20  alpha=0.10  ->  lesion-discrimination AUC = 0.3504  (n=8/8 usable batches)
3240.5s 1385 lambda=0.20  alpha=0.20  ->  lesion-discrimination AUC = 0.3753  (n=8/8 usable batches)
3240.9s 1386 lambda=0.40  alpha=0.02  ->  lesion-discrimination AUC = 0.4010  (n=8/8 usable batches)
3241.2s 1387 lambda=0.40  alpha=0.05  ->  lesion-discrimination AUC = 0.4038  (n=8/8 usable batches)
3241.5s 1388 lambda=0.40  alpha=0.10  ->  lesion-discrimination AUC = 0.3905  (n=8/8 usable batches)
3241.8s 1389 lambda=0.40  alpha=0.20  ->  lesion-discrimination AUC = 0.3618  (n=8/8 usable batches)
3242.2s 1390 lambda=0.60  alpha=0.02  ->  lesion-discrimination AUC = 0.3903  (n=8/8 usable batches)
3242.5s 1391 lambda=0.60  alpha=0.05  ->  lesion-discrimination AUC = 0.3915  (n=8/8 usable batches)
3242.8s 1392 lambda=0.60  alpha=0.10  ->  lesion-discrimination AUC = 0.3691  (n=8/8 usable batches)
3243.1s 1393 lambda=0.60  alpha=0.20  ->  lesion-discrimination AUC = 0.3685  (n=8/8 usable batches)
3243.4s 1394 lambda=0.80  alpha=0.02  ->  lesion-discrimination AUC = 0.3670  (n=8/8 usable batches)
3243.7s 1395 lambda=0.80  alpha=0.05  ->  lesion-discrimination AUC = 0.3957  (n=8/8 usable batches)
3244.0s 1396 lambda=0.80  alpha=0.10  ->  lesion-discrimination AUC = 0.4040  (n=8/8 usable batches)
3244.4s 1397 lambda=0.80  alpha=0.20  ->  lesion-discrimination AUC = 0.4032  (n=8/8 usable batches)
3244.8s 1398 /tmp/ipykernel_23/1756534611.py:49: FutureWarning: `torch.cuda.amp.GradScaler(args...)` is deprecated. Please use `torch.amp.GradScaler('cuda', args...)` instead.
3244.8s 1399 scaler = torch.cuda.amp.GradScaler(enabled=use_amp)
3244.8s 1400 
3244.8s 1401 /tmp/ipykernel_23/1756534611.py:49: FutureWarning: `torch.cuda.amp.GradScaler(args...)` is deprecated. Please use `torch.amp.GradScaler('cuda', args...)` instead.
3244.8s 1402 scaler = torch.cuda.amp.GradScaler(enabled=use_amp)
3246.8s 1403 [fold2-seed42-Baseline] epoch 01/30  train_loss=1.3826  val_loss=2.6114  val_dice=0.0000  lr=3.00e-04 *
3248.5s 1404 [fold2-seed42-Baseline] epoch 02/30  train_loss=1.1824  val_loss=1.2102  val_dice=0.0171  lr=2.99e-04 *
3250.3s 1405 [fold2-seed42-Baseline] epoch 03/30  train_loss=1.1681  val_loss=1.1955  val_dice=0.0151  lr=2.97e-04
3252.0s 1406 [fold2-seed42-Baseline] epoch 04/30  train_loss=1.1625  val_loss=1.1825  val_dice=0.0162  lr=2.93e-04
3253.8s 1407 [fold2-seed42-Baseline] epoch 05/30  train_loss=1.1567  val_loss=1.2046  val_dice=0.0182  lr=2.87e-04 *
3255.5s 1408 [fold2-seed42-Baseline] epoch 06/30  train_loss=1.1558  val_loss=1.1775  val_dice=0.0165  lr=2.80e-04
3257.3s 1409 [fold2-seed42-Baseline] epoch 07/30  train_loss=1.1542  val_loss=1.1637  val_dice=0.0170  lr=2.72e-04
3259.1s 1410 [fold2-seed42-Baseline] epoch 08/30  train_loss=1.1493  val_loss=1.1921  val_dice=0.0189  lr=2.62e-04 *
3260.9s 1411 [fold2-seed42-Baseline] epoch 09/30  train_loss=1.1477  val_loss=1.2275  val_dice=0.0167  lr=2.51e-04
3262.7s 1412 [fold2-seed42-Baseline] epoch 10/30  train_loss=1.1421  val_loss=1.1785  val_dice=0.0181  lr=2.39e-04
3264.5s 1413 [fold2-seed42-Baseline] epoch 11/30  train_loss=1.1416  val_loss=1.1982  val_dice=0.0178  lr=2.26e-04
3266.3s 1414 [fold2-seed42-Baseline] epoch 12/30  train_loss=1.1414  val_loss=1.1978  val_dice=0.0169  lr=2.12e-04
3268.1s 1415 [fold2-seed42-Baseline] epoch 13/30  train_loss=1.1364  val_loss=1.1885  val_dice=0.0199  lr=1.97e-04 *
3269.9s 1416 [fold2-seed42-Baseline] epoch 14/30  train_loss=1.1329  val_loss=1.2159  val_dice=0.0200  lr=1.82e-04 *
3271.8s 1417 [fold2-seed42-Baseline] epoch 15/30  train_loss=1.1336  val_loss=1.2080  val_dice=0.0190  lr=1.67e-04
3273.5s 1418 [fold2-seed42-Baseline] epoch 16/30  train_loss=1.1348  val_loss=1.1718  val_dice=0.0191  lr=1.51e-04
3275.3s 1419 [fold2-seed42-Baseline] epoch 17/30  train_loss=1.1296  val_loss=1.1951  val_dice=0.0199  lr=1.36e-04
3277.2s 1420 [fold2-seed42-Baseline] epoch 18/30  train_loss=1.1297  val_loss=1.1982  val_dice=0.0169  lr=1.21e-04
3279.0s 1421 [fold2-seed42-Baseline] epoch 19/30  train_loss=1.1258  val_loss=1.1772  val_dice=0.0181  lr=1.06e-04
3280.8s 1422 [fold2-seed42-Baseline] epoch 20/30  train_loss=1.1231  val_loss=1.2119  val_dice=0.0191  lr=9.11e-05
3280.8s 1423 [fold2-seed42-Baseline] early stopping at epoch 20 (no improvement in val dice for 6 epochs; best was epoch 14)
3284.4s 1424 [fold2-seed42-SCL] epoch 01/30  train_loss=1.3164  val_loss=1.4610  val_dice=0.0112  lr=3.00e-04 *
3287.9s 1425 [fold2-seed42-SCL] epoch 02/30  train_loss=1.1792  val_loss=1.2103  val_dice=0.0172  lr=2.99e-04 *
3291.4s 1426 [fold2-seed42-SCL] epoch 03/30  train_loss=1.1742  val_loss=1.2092  val_dice=0.0182  lr=2.97e-04 *
3294.8s 1427 [fold2-seed42-SCL] epoch 04/30  train_loss=1.1666  val_loss=1.2022  val_dice=0.0162  lr=2.93e-04
3298.3s 1428 [fold2-seed42-SCL] epoch 05/30  train_loss=1.1648  val_loss=1.1997  val_dice=0.0164  lr=2.87e-04
3301.7s 1429 [fold2-seed42-SCL] epoch 06/30  train_loss=1.1639  val_loss=1.1862  val_dice=0.0171  lr=2.80e-04
3305.2s 1430 [fold2-seed42-SCL] epoch 07/30  train_loss=1.1551  val_loss=1.1843  val_dice=0.0178  lr=2.72e-04
3308.8s 1431 [fold2-seed42-SCL] epoch 08/30  train_loss=1.1544  val_loss=1.1893  val_dice=0.0174  lr=2.62e-04
3312.0s 1432 [fold2-seed42-SCL] epoch 09/30  train_loss=1.1531  val_loss=1.1892  val_dice=0.0181  lr=2.51e-04
3312.0s 1433 [fold2-seed42-SCL] early stopping at epoch 9 (no improvement in val dice for 6 epochs; best was epoch 3)
3314.1s 1434 [checkpoint] saved fold 2 seed 42 results -> outputs/kfold_checkpoint_2d.csv
3314.1s 1435 
3314.1s 1436 ===== Fold 2/5  |  seed 43 (2/5) =====
3314.7s 1437 lambda=0.20  alpha=0.02  ->  lesion-discrimination AUC = 0.4011  (n=8/8 usable batches)
3315.0s 1438 lambda=0.20  alpha=0.05  ->  lesion-discrimination AUC = 0.3687  (n=8/8 usable batches)
3315.3s 1439 lambda=0.20  alpha=0.10  ->  lesion-discrimination AUC = 0.3401  (n=8/8 usable batches)
3315.6s 1440 lambda=0.20  alpha=0.20  ->  lesion-discrimination AUC = 0.3682  (n=8/8 usable batches)
3315.9s 1441 lambda=0.40  alpha=0.02  ->  lesion-discrimination AUC = 0.3706  (n=8/8 usable batches)
3316.2s 1442 lambda=0.40  alpha=0.05  ->  lesion-discrimination AUC = 0.3454  (n=8/8 usable batches)
3316.5s 1443 lambda=0.40  alpha=0.10  ->  lesion-discrimination AUC = 0.3987  (n=8/8 usable batches)
3316.8s 1444 lambda=0.40  alpha=0.20  ->  lesion-discrimination AUC = 0.3556  (n=8/8 usable batches)
3317.1s 1445 lambda=0.60  alpha=0.02  ->  lesion-discrimination AUC = 0.3903  (n=8/8 usable batches)
3317.4s 1446 lambda=0.60  alpha=0.05  ->  lesion-discrimination AUC = 0.4034  (n=8/8 usable batches)
3317.7s 1447 lambda=0.60  alpha=0.10  ->  lesion-discrimination AUC = 0.3962  (n=8/8 usable batches)
3318.0s 1448 lambda=0.60  alpha=0.20  ->  lesion-discrimination AUC = 0.3616  (n=8/8 usable batches)
3318.4s 1449 lambda=0.80  alpha=0.02  ->  lesion-discrimination AUC = 0.3891  (n=8/8 usable batches)
3318.7s 1450 lambda=0.80  alpha=0.05  ->  lesion-discrimination AUC = 0.3934  (n=8/8 usable batches)
3319.0s 1451 lambda=0.80  alpha=0.10  ->  lesion-discrimination AUC = 0.3624  (n=8/8 usable batches)
3319.3s 1452 lambda=0.80  alpha=0.20  ->  lesion-discrimination AUC = 0.3439  (n=8/8 usable batches)
3319.7s 1453 /tmp/ipykernel_23/1756534611.py:49: FutureWarning: `torch.cuda.amp.GradScaler(args...)` is deprecated. Please use `torch.amp.GradScaler('cuda', args...)` instead.
3319.7s 1454 scaler = torch.cuda.amp.GradScaler(enabled=use_amp)
3319.7s 1455 
3319.7s 1456 /tmp/ipykernel_23/1756534611.py:49: FutureWarning: `torch.cuda.amp.GradScaler(args...)` is deprecated. Please use `torch.amp.GradScaler('cuda', args...)` instead.
3319.7s 1457 scaler = torch.cuda.amp.GradScaler(enabled=use_amp)
3321.8s 1458 [fold2-seed43-Baseline] epoch 01/30  train_loss=1.2898  val_loss=1.2782  val_dice=0.0089  lr=3.00e-04 *
3323.6s 1459 [fold2-seed43-Baseline] epoch 02/30  train_loss=1.1812  val_loss=1.1343  val_dice=0.0092  lr=2.99e-04 *
3325.3s 1460 [fold2-seed43-Baseline] epoch 03/30  train_loss=1.1796  val_loss=1.1401  val_dice=0.0089  lr=2.97e-04
3327.0s 1461 [fold2-seed43-Baseline] epoch 04/30  train_loss=1.1685  val_loss=1.1561  val_dice=0.0098  lr=2.93e-04 *
3328.8s 1462 [fold2-seed43-Baseline] epoch 05/30  train_loss=1.1660  val_loss=1.1326  val_dice=0.0103  lr=2.87e-04 *
3330.5s 1463 [fold2-seed43-Baseline] epoch 06/30  train_loss=1.1630  val_loss=1.1468  val_dice=0.0107  lr=2.80e-04 *
3332.3s 1464 [fold2-seed43-Baseline] epoch 07/30  train_loss=1.1555  val_loss=1.1232  val_dice=0.0104  lr=2.72e-04
3334.0s 1465 [fold2-seed43-Baseline] epoch 08/30  train_loss=1.1573  val_loss=1.1247  val_dice=0.0104  lr=2.62e-04
3335.9s 1466 [fold2-seed43-Baseline] epoch 09/30  train_loss=1.1549  val_loss=1.1322  val_dice=0.0111  lr=2.51e-04 *
3337.6s 1467 [fold2-seed43-Baseline] epoch 10/30  train_loss=1.1526  val_loss=1.1256  val_dice=0.0108  lr=2.39e-04
3339.3s 1468 [fold2-seed43-Baseline] epoch 11/30  train_loss=1.1505  val_loss=1.1227  val_dice=0.0101  lr=2.26e-04
3341.1s 1469 [fold2-seed43-Baseline] epoch 12/30  train_loss=1.1453  val_loss=1.1244  val_dice=0.0123  lr=2.12e-04 *
3342.9s 1470 [fold2-seed43-Baseline] epoch 13/30  train_loss=1.1432  val_loss=1.1341  val_dice=0.0110  lr=1.97e-04
3344.7s 1471 [fold2-seed43-Baseline] epoch 14/30  train_loss=1.1402  val_loss=1.1255  val_dice=0.0109  lr=1.82e-04
3346.5s 1472 [fold2-seed43-Baseline] epoch 15/30  train_loss=1.1438  val_loss=1.1405  val_dice=0.0124  lr=1.67e-04 *
3348.2s 1473 [fold2-seed43-Baseline] epoch 16/30  train_loss=1.1388  val_loss=1.1239  val_dice=0.0116  lr=1.51e-04
3350.0s 1474 [fold2-seed43-Baseline] epoch 17/30  train_loss=1.1373  val_loss=1.1337  val_dice=0.0141  lr=1.36e-04 *
3351.9s 1475 [fold2-seed43-Baseline] epoch 18/30  train_loss=1.1365  val_loss=1.1268  val_dice=0.0123  lr=1.21e-04
3353.7s 1476 [fold2-seed43-Baseline] epoch 19/30  train_loss=1.1335  val_loss=1.1274  val_dice=0.0111  lr=1.06e-04
3355.5s 1477 [fold2-seed43-Baseline] epoch 20/30  train_loss=1.1318  val_loss=1.1342  val_dice=0.0124  lr=9.11e-05
3357.3s 1478 [fold2-seed43-Baseline] epoch 21/30  train_loss=1.1303  val_loss=1.1386  val_dice=0.0120  lr=7.73e-05
3359.0s 1479 [fold2-seed43-Baseline] epoch 22/30  train_loss=1.1297  val_loss=1.1273  val_dice=0.0122  lr=6.42e-05
3360.8s 1480 [fold2-seed43-Baseline] epoch 23/30  train_loss=1.1260  val_loss=1.1329  val_dice=0.0125  lr=5.21e-05
3360.8s 1481 [fold2-seed43-Baseline] early stopping at epoch 23 (no improvement in val dice for 6 epochs; best was epoch 17)
3364.8s 1482 [fold2-seed43-SCL] epoch 01/30  train_loss=1.3439  val_loss=1.2496  val_dice=0.0071  lr=3.00e-04 *
3368.3s 1483 [fold2-seed43-SCL] epoch 02/30  train_loss=1.1924  val_loss=1.1543  val_dice=0.0076  lr=2.99e-04 *
3371.7s 1484 [fold2-seed43-SCL] epoch 03/30  train_loss=1.1771  val_loss=1.1404  val_dice=0.0084  lr=2.97e-04 *
3375.3s 1485 [fold2-seed43-SCL] epoch 04/30  train_loss=1.1724  val_loss=1.1378  val_dice=0.0083  lr=2.93e-04
3378.8s 1486 [fold2-seed43-SCL] epoch 05/30  train_loss=1.1656  val_loss=1.1303  val_dice=0.0085  lr=2.87e-04 *
3382.3s 1487 [fold2-seed43-SCL] epoch 06/30  train_loss=1.1661  val_loss=1.1342  val_dice=0.0089  lr=2.80e-04 *
3385.9s 1488 [fold2-seed43-SCL] epoch 07/30  train_loss=1.1666  val_loss=1.1468  val_dice=0.0082  lr=2.72e-04
3389.3s 1489 [fold2-seed43-SCL] epoch 08/30  train_loss=1.1651  val_loss=1.1369  val_dice=0.0098  lr=2.62e-04 *
3392.8s 1490 [fold2-seed43-SCL] epoch 09/30  train_loss=1.1580  val_loss=1.1294  val_dice=0.0092  lr=2.51e-04
3396.2s 1491 [fold2-seed43-SCL] epoch 10/30  train_loss=1.1579  val_loss=1.1462  val_dice=0.0083  lr=2.39e-04
3399.8s 1492 [fold2-seed43-SCL] epoch 11/30  train_loss=1.1572  val_loss=1.1297  val_dice=0.0101  lr=2.26e-04 *
3403.2s 1493 [fold2-seed43-SCL] epoch 12/30  train_loss=1.1555  val_loss=1.1219  val_dice=0.0101  lr=2.12e-04
3406.7s 1494 [fold2-seed43-SCL] epoch 13/30  train_loss=1.1498  val_loss=1.1349  val_dice=0.0110  lr=1.97e-04 *
3410.1s 1495 [fold2-seed43-SCL] epoch 14/30  train_loss=1.1431  val_loss=1.1328  val_dice=0.0101  lr=1.82e-04
3413.7s 1496 [fold2-seed43-SCL] epoch 15/30  train_loss=1.1429  val_loss=1.1205  val_dice=0.0119  lr=1.67e-04 *
3417.1s 1497 [fold2-seed43-SCL] epoch 16/30  train_loss=1.1386  val_loss=1.1124  val_dice=0.0119  lr=1.51e-04
3420.5s 1498 [fold2-seed43-SCL] epoch 17/30  train_loss=1.1391  val_loss=1.1235  val_dice=0.0121  lr=1.36e-04 *
3423.9s 1499 [fold2-seed43-SCL] epoch 18/30  train_loss=1.1369  val_loss=1.1271  val_dice=0.0115  lr=1.21e-04
3427.4s 1500 [fold2-seed43-SCL] epoch 19/30  train_loss=1.1368  val_loss=1.1246  val_dice=0.0117  lr=1.06e-04
3430.9s 1501 [fold2-seed43-SCL] epoch 20/30  train_loss=1.1308  val_loss=1.1197  val_dice=0.0122  lr=9.11e-05 *
3434.3s 1502 [fold2-seed43-SCL] epoch 21/30  train_loss=1.1309  val_loss=1.1264  val_dice=0.0125  lr=7.73e-05 *
3437.8s 1503 [fold2-seed43-SCL] epoch 22/30  train_loss=1.1278  val_loss=1.1231  val_dice=0.0125  lr=6.42e-05 *
3441.2s 1504 [fold2-seed43-SCL] epoch 23/30  train_loss=1.1277  val_loss=1.1303  val_dice=0.0127  lr=5.21e-05 *
3444.7s 1505 [fold2-seed43-SCL] epoch 24/30  train_loss=1.1224  val_loss=1.1377  val_dice=0.0130  lr=4.11e-05 *
3448.2s 1506 [fold2-seed43-SCL] epoch 25/30  train_loss=1.1234  val_loss=1.1353  val_dice=0.0135  lr=3.14e-05 *
3451.6s 1507 [fold2-seed43-SCL] epoch 26/30  train_loss=1.1204  val_loss=1.1292  val_dice=0.0133  lr=2.29e-05
3455.0s 1508 [fold2-seed43-SCL] epoch 27/30  train_loss=1.1189  val_loss=1.1319  val_dice=0.0134  lr=1.58e-05
3458.5s 1509 [fold2-seed43-SCL] epoch 28/30  train_loss=1.1185  val_loss=1.1292  val_dice=0.0131  lr=1.03e-05
3462.0s 1510 [fold2-seed43-SCL] epoch 29/30  train_loss=1.1141  val_loss=1.1319  val_dice=0.0132  lr=6.25e-06
3465.5s 1511 [fold2-seed43-SCL] epoch 30/30  train_loss=1.1183  val_loss=1.1291  val_dice=0.0132  lr=3.81e-06
3467.2s 1512 [checkpoint] saved fold 2 seed 43 results -> outputs/kfold_checkpoint_2d.csv
3467.2s 1513 
3467.2s 1514 ===== Fold 2/5  |  seed 44 (3/5) =====
3467.8s 1515 lambda=0.20  alpha=0.02  ->  lesion-discrimination AUC = 0.3533  (n=8/8 usable batches)
3468.1s 1516 lambda=0.20  alpha=0.05  ->  lesion-discrimination AUC = 0.3485  (n=8/8 usable batches)
3468.4s 1517 lambda=0.20  alpha=0.10  ->  lesion-discrimination AUC = 0.3763  (n=8/8 usable batches)
3468.7s 1518 lambda=0.20  alpha=0.20  ->  lesion-discrimination AUC = 0.4008  (n=8/8 usable batches)
3469.0s 1519 lambda=0.40  alpha=0.02  ->  lesion-discrimination AUC = 0.4195  (n=8/8 usable batches)
3469.3s 1520 lambda=0.40  alpha=0.05  ->  lesion-discrimination AUC = 0.4029  (n=8/8 usable batches)
3469.6s 1521 lambda=0.40  alpha=0.10  ->  lesion-discrimination AUC = 0.3807  (n=8/8 usable batches)
3469.9s 1522 lambda=0.40  alpha=0.20  ->  lesion-discrimination AUC = 0.4104  (n=8/8 usable batches)
3470.2s 1523 lambda=0.60  alpha=0.02  ->  lesion-discrimination AUC = 0.3425  (n=8/8 usable batches)
3470.5s 1524 lambda=0.60  alpha=0.05  ->  lesion-discrimination AUC = 0.3842  (n=8/8 usable batches)
3470.8s 1525 lambda=0.60  alpha=0.10  ->  lesion-discrimination AUC = 0.3418  (n=8/8 usable batches)
3471.2s 1526 lambda=0.60  alpha=0.20  ->  lesion-discrimination AUC = 0.4022  (n=8/8 usable batches)
3471.5s 1527 lambda=0.80  alpha=0.02  ->  lesion-discrimination AUC = 0.3905  (n=8/8 usable batches)
3471.8s 1528 lambda=0.80  alpha=0.05  ->  lesion-discrimination AUC = 0.3758  (n=8/8 usable batches)
3472.1s 1529 lambda=0.80  alpha=0.10  ->  lesion-discrimination AUC = 0.3558  (n=8/8 usable batches)
3472.4s 1530 lambda=0.80  alpha=0.20  ->  lesion-discrimination AUC = 0.3736  (n=8/8 usable batches)
3472.8s 1531 /tmp/ipykernel_23/1756534611.py:49: FutureWarning: `torch.cuda.amp.GradScaler(args...)` is deprecated. Please use `torch.amp.GradScaler('cuda', args...)` instead.
3472.8s 1532 scaler = torch.cuda.amp.GradScaler(enabled=use_amp)
3472.8s 1533 
3472.8s 1534 /tmp/ipykernel_23/1756534611.py:49: FutureWarning: `torch.cuda.amp.GradScaler(args...)` is deprecated. Please use `torch.amp.GradScaler('cuda', args...)` instead.
3472.8s 1535 scaler = torch.cuda.amp.GradScaler(enabled=use_amp)
3474.8s 1536 [fold2-seed44-Baseline] epoch 01/30  train_loss=1.2618  val_loss=1.7824  val_dice=0.0207  lr=3.00e-04 *
3476.6s 1537 [fold2-seed44-Baseline] epoch 02/30  train_loss=1.1618  val_loss=1.2672  val_dice=0.0185  lr=2.99e-04
3478.3s 1538 [fold2-seed44-Baseline] epoch 03/30  train_loss=1.1585  val_loss=1.2874  val_dice=0.0157  lr=2.97e-04
3480.1s 1539 [fold2-seed44-Baseline] epoch 04/30  train_loss=1.1520  val_loss=1.2781  val_dice=0.0167  lr=2.93e-04
3481.9s 1540 [fold2-seed44-Baseline] epoch 05/30  train_loss=1.1522  val_loss=1.2772  val_dice=0.0174  lr=2.87e-04
3483.6s 1541 [fold2-seed44-Baseline] epoch 06/30  train_loss=1.1456  val_loss=1.2670  val_dice=0.0177  lr=2.80e-04
3485.4s 1542 [fold2-seed44-Baseline] epoch 07/30  train_loss=1.1430  val_loss=1.2494  val_dice=0.0191  lr=2.72e-04
3485.4s 1543 [fold2-seed44-Baseline] early stopping at epoch 7 (no improvement in val dice for 6 epochs; best was epoch 1)
3488.9s 1544 [fold2-seed44-SCL] epoch 01/30  train_loss=1.3613  val_loss=2.6140  val_dice=0.0022  lr=3.00e-04 *
3492.6s 1545 [fold2-seed44-SCL] epoch 02/30  train_loss=1.1911  val_loss=1.4721  val_dice=0.0132  lr=2.99e-04 *
3495.9s 1546 [fold2-seed44-SCL] epoch 03/30  train_loss=1.1709  val_loss=1.4244  val_dice=0.0156  lr=2.97e-04 *
3499.5s 1547 [fold2-seed44-SCL] epoch 04/30  train_loss=1.1614  val_loss=1.3139  val_dice=0.0160  lr=2.93e-04 *
3503.1s 1548 [fold2-seed44-SCL] epoch 05/30  train_loss=1.1542  val_loss=1.3526  val_dice=0.0166  lr=2.87e-04 *
3506.5s 1549 [fold2-seed44-SCL] epoch 06/30  train_loss=1.1519  val_loss=1.3918  val_dice=0.0190  lr=2.80e-04 *
3510.1s 1550 [fold2-seed44-SCL] epoch 07/30  train_loss=1.1512  val_loss=1.4296  val_dice=0.0187  lr=2.72e-04
3513.6s 1551 [fold2-seed44-SCL] epoch 08/30  train_loss=1.1460  val_loss=1.3466  val_dice=0.0184  lr=2.62e-04
3517.0s 1552 [fold2-seed44-SCL] epoch 09/30  train_loss=1.1437  val_loss=1.6013  val_dice=0.0152  lr=2.51e-04
3520.5s 1553 [fold2-seed44-SCL] epoch 10/30  train_loss=1.1439  val_loss=1.3215  val_dice=0.0209  lr=2.39e-04 *
3524.0s 1554 [fold2-seed44-SCL] epoch 11/30  train_loss=1.1410  val_loss=1.3467  val_dice=0.0203  lr=2.26e-04
3527.4s 1555 [fold2-seed44-SCL] epoch 12/30  train_loss=1.1386  val_loss=1.4767  val_dice=0.0166  lr=2.12e-04
3530.8s 1556 [fold2-seed44-SCL] epoch 13/30  train_loss=1.1383  val_loss=1.2809  val_dice=0.0242  lr=1.97e-04 *
3534.4s 1557 [fold2-seed44-SCL] epoch 14/30  train_loss=1.1395  val_loss=1.3086  val_dice=0.0197  lr=1.82e-04
3537.9s 1558 [fold2-seed44-SCL] epoch 15/30  train_loss=1.1351  val_loss=1.3340  val_dice=0.0199  lr=1.67e-04
3541.3s 1559 [fold2-seed44-SCL] epoch 16/30  train_loss=1.1327  val_loss=1.3118  val_dice=0.0231  lr=1.51e-04
3544.8s 1560 [fold2-seed44-SCL] epoch 17/30  train_loss=1.1303  val_loss=1.3800  val_dice=0.0224  lr=1.36e-04
3548.3s 1561 [fold2-seed44-SCL] epoch 18/30  train_loss=1.1295  val_loss=1.3190  val_dice=0.0207  lr=1.21e-04
3551.9s 1562 [fold2-seed44-SCL] epoch 19/30  train_loss=1.1290  val_loss=1.3338  val_dice=0.0225  lr=1.06e-04
3551.9s 1563 [fold2-seed44-SCL] early stopping at epoch 19 (no improvement in val dice for 6 epochs; best was epoch 13)
3553.6s 1564 [checkpoint] saved fold 2 seed 44 results -> outputs/kfold_checkpoint_2d.csv
3553.6s 1565 
3553.6s 1566 ===== Fold 2/5  |  seed 45 (4/5) =====
3554.3s 1567 lambda=0.20  alpha=0.02  ->  lesion-discrimination AUC = 0.3756  (n=8/8 usable batches)
3554.5s 1568 lambda=0.20  alpha=0.05  ->  lesion-discrimination AUC = 0.3584  (n=8/8 usable batches)
3554.8s 1569 lambda=0.20  alpha=0.10  ->  lesion-discrimination AUC = 0.3452  (n=8/8 usable batches)
3555.1s 1570 lambda=0.20  alpha=0.20  ->  lesion-discrimination AUC = 0.3522  (n=8/8 usable batches)
3555.4s 1571 lambda=0.40  alpha=0.02  ->  lesion-discrimination AUC = 0.3730  (n=8/8 usable batches)
3555.7s 1572 lambda=0.40  alpha=0.05  ->  lesion-discrimination AUC = 0.4128  (n=8/8 usable batches)
3556.0s 1573 lambda=0.40  alpha=0.10  ->  lesion-discrimination AUC = 0.3714  (n=8/8 usable batches)
3556.3s 1574 lambda=0.40  alpha=0.20  ->  lesion-discrimination AUC = 0.3814  (n=8/8 usable batches)
3556.7s 1575 lambda=0.60  alpha=0.02  ->  lesion-discrimination AUC = 0.3937  (n=8/8 usable batches)
3557.0s 1576 lambda=0.60  alpha=0.05  ->  lesion-discrimination AUC = 0.3880  (n=8/8 usable batches)
3557.3s 1577 lambda=0.60  alpha=0.10  ->  lesion-discrimination AUC = 0.3835  (n=8/8 usable batches)
3557.6s 1578 lambda=0.60  alpha=0.20  ->  lesion-discrimination AUC = 0.3466  (n=8/8 usable batches)
3557.9s 1579 lambda=0.80  alpha=0.02  ->  lesion-discrimination AUC = 0.3439  (n=8/8 usable batches)
3558.2s 1580 lambda=0.80  alpha=0.05  ->  lesion-discrimination AUC = 0.3946  (n=8/8 usable batches)
3558.5s 1581 lambda=0.80  alpha=0.10  ->  lesion-discrimination AUC = 0.3822  (n=8/8 usable batches)
3558.8s 1582 lambda=0.80  alpha=0.20  ->  lesion-discrimination AUC = 0.3531  (n=8/8 usable batches)
3559.2s 1583 /tmp/ipykernel_23/1756534611.py:49: FutureWarning: `torch.cuda.amp.GradScaler(args...)` is deprecated. Please use `torch.amp.GradScaler('cuda', args...)` instead.
3559.2s 1584 scaler = torch.cuda.amp.GradScaler(enabled=use_amp)
3559.2s 1585 
3559.2s 1586 /tmp/ipykernel_23/1756534611.py:49: FutureWarning: `torch.cuda.amp.GradScaler(args...)` is deprecated. Please use `torch.amp.GradScaler('cuda', args...)` instead.
3559.2s 1587 scaler = torch.cuda.amp.GradScaler(enabled=use_amp)
3561.2s 1588 [fold2-seed45-Baseline] epoch 01/30  train_loss=1.2997  val_loss=1.1365  val_dice=0.0061  lr=3.00e-04 *
3563.0s 1589 [fold2-seed45-Baseline] epoch 02/30  train_loss=1.1846  val_loss=1.1239  val_dice=0.0047  lr=2.99e-04
3564.7s 1590 [fold2-seed45-Baseline] epoch 03/30  train_loss=1.1797  val_loss=1.0971  val_dice=0.0051  lr=2.97e-04
3566.5s 1591 [fold2-seed45-Baseline] epoch 04/30  train_loss=1.1756  val_loss=1.1151  val_dice=0.0046  lr=2.93e-04
3568.3s 1592 [fold2-seed45-Baseline] epoch 05/30  train_loss=1.1729  val_loss=1.1037  val_dice=0.0052  lr=2.87e-04
3570.1s 1593 [fold2-seed45-Baseline] epoch 06/30  train_loss=1.1689  val_loss=1.0974  val_dice=0.0057  lr=2.80e-04
3571.8s 1594 [fold2-seed45-Baseline] epoch 07/30  train_loss=1.1631  val_loss=1.1066  val_dice=0.0055  lr=2.72e-04
3571.8s 1595 [fold2-seed45-Baseline] early stopping at epoch 7 (no improvement in val dice for 6 epochs; best was epoch 1)
3575.4s 1596 [fold2-seed45-SCL] epoch 01/30  train_loss=1.3220  val_loss=1.1448  val_dice=0.0052  lr=3.00e-04 *
3578.9s 1597 [fold2-seed45-SCL] epoch 02/30  train_loss=1.1895  val_loss=1.1250  val_dice=0.0050  lr=2.99e-04
3582.3s 1598 [fold2-seed45-SCL] epoch 03/30  train_loss=1.1839  val_loss=1.1478  val_dice=0.0048  lr=2.97e-04
3585.9s 1599 [fold2-seed45-SCL] epoch 04/30  train_loss=1.1773  val_loss=1.1076  val_dice=0.0054  lr=2.93e-04 *
3589.5s 1600 [fold2-seed45-SCL] epoch 05/30  train_loss=1.1742  val_loss=1.0994  val_dice=0.0053  lr=2.87e-04
3592.9s 1601 [fold2-seed45-SCL] epoch 06/30  train_loss=1.1685  val_loss=1.1178  val_dice=0.0045  lr=2.80e-04
3596.5s 1602 [fold2-seed45-SCL] epoch 07/30  train_loss=1.1666  val_loss=1.1008  val_dice=0.0056  lr=2.72e-04 *
3599.9s 1603 [fold2-seed45-SCL] epoch 08/30  train_loss=1.1688  val_loss=1.1251  val_dice=0.0038  lr=2.62e-04
3603.4s 1604 [fold2-seed45-SCL] epoch 09/30  train_loss=1.1634  val_loss=1.1018  val_dice=0.0067  lr=2.51e-04 *
3606.9s 1605 [fold2-seed45-SCL] epoch 10/30  train_loss=1.1581  val_loss=1.0969  val_dice=0.0068  lr=2.39e-04 *
3610.3s 1606 [fold2-seed45-SCL] epoch 11/30  train_loss=1.1593  val_loss=1.1000  val_dice=0.0064  lr=2.26e-04
3613.8s 1607 [fold2-seed45-SCL] epoch 12/30  train_loss=1.1560  val_loss=1.0996  val_dice=0.0062  lr=2.12e-04
3617.3s 1608 [fold2-seed45-SCL] epoch 13/30  train_loss=1.1508  val_loss=1.0912  val_dice=0.0067  lr=1.97e-04
3620.7s 1609 [fold2-seed45-SCL] epoch 14/30  train_loss=1.1504  val_loss=1.0943  val_dice=0.0070  lr=1.82e-04 *
3624.1s 1610 [fold2-seed45-SCL] epoch 15/30  train_loss=1.1475  val_loss=1.0893  val_dice=0.0075  lr=1.67e-04 *
3627.5s 1611 [fold2-seed45-SCL] epoch 16/30  train_loss=1.1429  val_loss=1.1069  val_dice=0.0066  lr=1.51e-04
3630.9s 1612 [fold2-seed45-SCL] epoch 17/30  train_loss=1.1425  val_loss=1.0935  val_dice=0.0073  lr=1.36e-04
3634.3s 1613 [fold2-seed45-SCL] epoch 18/30  train_loss=1.1413  val_loss=1.0948  val_dice=0.0077  lr=1.21e-04 *
3637.8s 1614 [fold2-seed45-SCL] epoch 19/30  train_loss=1.1385  val_loss=1.0922  val_dice=0.0078  lr=1.06e-04 *
3641.4s 1615 [fold2-seed45-SCL] epoch 20/30  train_loss=1.1346  val_loss=1.0921  val_dice=0.0079  lr=9.11e-05 *
3644.9s 1616 [fold2-seed45-SCL] epoch 21/30  train_loss=1.1329  val_loss=1.0857  val_dice=0.0082  lr=7.73e-05 *
3648.4s 1617 [fold2-seed45-SCL] epoch 22/30  train_loss=1.1310  val_loss=1.0946  val_dice=0.0078  lr=6.42e-05
3651.8s 1618 [fold2-seed45-SCL] epoch 23/30  train_loss=1.1296  val_loss=1.0943  val_dice=0.0083  lr=5.21e-05 *
3655.2s 1619 [fold2-seed45-SCL] epoch 24/30  train_loss=1.1298  val_loss=1.0905  val_dice=0.0084  lr=4.11e-05 *
3658.6s 1620 [fold2-seed45-SCL] epoch 25/30  train_loss=1.1271  val_loss=1.0883  val_dice=0.0082  lr=3.14e-05
3662.1s 1621 [fold2-seed45-SCL] epoch 26/30  train_loss=1.1245  val_loss=1.0889  val_dice=0.0081  lr=2.29e-05
3665.6s 1622 [fold2-seed45-SCL] epoch 27/30  train_loss=1.1218  val_loss=1.0863  val_dice=0.0081  lr=1.58e-05
3669.1s 1623 [fold2-seed45-SCL] epoch 28/30  train_loss=1.1215  val_loss=1.0885  val_dice=0.0082  lr=1.03e-05
3672.6s 1624 [fold2-seed45-SCL] epoch 29/30  train_loss=1.1221  val_loss=1.0882  val_dice=0.0080  lr=6.25e-06
3676.1s 1625 [fold2-seed45-SCL] epoch 30/30  train_loss=1.1227  val_loss=1.0888  val_dice=0.0082  lr=3.81e-06
3676.1s 1626 [fold2-seed45-SCL] early stopping at epoch 30 (no improvement in val dice for 6 epochs; best was epoch 24)
3677.8s 1627 [checkpoint] saved fold 2 seed 45 results -> outputs/kfold_checkpoint_2d.csv
3677.8s 1628 
3677.8s 1629 ===== Fold 2/5  |  seed 46 (5/5) =====
3678.3s 1630 lambda=0.20  alpha=0.02  ->  lesion-discrimination AUC = 0.4036  (n=8/8 usable batches)
3678.7s 1631 lambda=0.20  alpha=0.05  ->  lesion-discrimination AUC = 0.3562  (n=8/8 usable batches)
3678.9s 1632 lambda=0.20  alpha=0.10  ->  lesion-discrimination AUC = 0.3679  (n=8/8 usable batches)
3679.2s 1633 lambda=0.20  alpha=0.20  ->  lesion-discrimination AUC = 0.3884  (n=8/8 usable batches)
3679.5s 1634 lambda=0.40  alpha=0.02  ->  lesion-discrimination AUC = 0.4058  (n=8/8 usable batches)
3679.8s 1635 lambda=0.40  alpha=0.05  ->  lesion-discrimination AUC = 0.3575  (n=8/8 usable batches)
3680.1s 1636 lambda=0.40  alpha=0.10  ->  lesion-discrimination AUC = 0.4143  (n=8/8 usable batches)
3680.4s 1637 lambda=0.40  alpha=0.20  ->  lesion-discrimination AUC = 0.3575  (n=8/8 usable batches)
3680.7s 1638 lambda=0.60  alpha=0.02  ->  lesion-discrimination AUC = 0.3871  (n=8/8 usable batches)
3681.0s 1639 lambda=0.60  alpha=0.05  ->  lesion-discrimination AUC = 0.3467  (n=8/8 usable batches)
3681.4s 1640 lambda=0.60  alpha=0.10  ->  lesion-discrimination AUC = 0.4209  (n=8/8 usable batches)
3681.6s 1641 lambda=0.60  alpha=0.20  ->  lesion-discrimination AUC = 0.3432  (n=8/8 usable batches)
3681.9s 1642 lambda=0.80  alpha=0.02  ->  lesion-discrimination AUC = 0.3825  (n=8/8 usable batches)
3682.2s 1643 lambda=0.80  alpha=0.05  ->  lesion-discrimination AUC = 0.3532  (n=8/8 usable batches)
3682.5s 1644 lambda=0.80  alpha=0.10  ->  lesion-discrimination AUC = 0.3624  (n=8/8 usable batches)
3682.9s 1645 lambda=0.80  alpha=0.20  ->  lesion-discrimination AUC = 0.3329  (n=8/8 usable batches)
3683.2s 1646 /tmp/ipykernel_23/1756534611.py:49: FutureWarning: `torch.cuda.amp.GradScaler(args...)` is deprecated. Please use `torch.amp.GradScaler('cuda', args...)` instead.
3683.2s 1647 scaler = torch.cuda.amp.GradScaler(enabled=use_amp)
3683.2s 1648 
3683.2s 1649 /tmp/ipykernel_23/1756534611.py:49: FutureWarning: `torch.cuda.amp.GradScaler(args...)` is deprecated. Please use `torch.amp.GradScaler('cuda', args...)` instead.
3683.2s 1650 scaler = torch.cuda.amp.GradScaler(enabled=use_amp)
3685.2s 1651 [fold2-seed46-Baseline] epoch 01/30  train_loss=1.2737  val_loss=1.2491  val_dice=0.0188  lr=3.00e-04 *
3687.0s 1652 [fold2-seed46-Baseline] epoch 02/30  train_loss=1.1702  val_loss=1.2575  val_dice=0.0177  lr=2.99e-04
3688.7s 1653 [fold2-seed46-Baseline] epoch 03/30  train_loss=1.1616  val_loss=1.2206  val_dice=0.0165  lr=2.97e-04
3690.5s 1654 [fold2-seed46-Baseline] epoch 04/30  train_loss=1.1599  val_loss=1.2246  val_dice=0.0151  lr=2.93e-04
3692.2s 1655 [fold2-seed46-Baseline] epoch 05/30  train_loss=1.1547  val_loss=1.2285  val_dice=0.0170  lr=2.87e-04
3694.0s 1656 [fold2-seed46-Baseline] epoch 06/30  train_loss=1.1538  val_loss=1.2418  val_dice=0.0153  lr=2.80e-04
3695.8s 1657 [fold2-seed46-Baseline] epoch 07/30  train_loss=1.1542  val_loss=1.2351  val_dice=0.0156  lr=2.72e-04
3695.8s 1658 [fold2-seed46-Baseline] early stopping at epoch 7 (no improvement in val dice for 6 epochs; best was epoch 1)
3699.4s 1659 [fold2-seed46-SCL] epoch 01/30  train_loss=1.2769  val_loss=1.2251  val_dice=0.0167  lr=3.00e-04 *
3702.9s 1660 [fold2-seed46-SCL] epoch 02/30  train_loss=1.1723  val_loss=1.2674  val_dice=0.0141  lr=2.99e-04
3706.5s 1661 [fold2-seed46-SCL] epoch 03/30  train_loss=1.1640  val_loss=1.2291  val_dice=0.0147  lr=2.97e-04
3710.0s 1662 [fold2-seed46-SCL] epoch 04/30  train_loss=1.1601  val_loss=1.2249  val_dice=0.0159  lr=2.93e-04
3713.4s 1663 [fold2-seed46-SCL] epoch 05/30  train_loss=1.1590  val_loss=1.2410  val_dice=0.0161  lr=2.87e-04
3717.0s 1664 [fold2-seed46-SCL] epoch 06/30  train_loss=1.1572  val_loss=1.2322  val_dice=0.0155  lr=2.80e-04
3720.5s 1665 [fold2-seed46-SCL] epoch 07/30  train_loss=1.1561  val_loss=1.2477  val_dice=0.0148  lr=2.72e-04
3720.5s 1666 [fold2-seed46-SCL] early stopping at epoch 7 (no improvement in val dice for 6 epochs; best was epoch 1)
3722.4s 1667 [checkpoint] saved fold 2 seed 46 results -> outputs/kfold_checkpoint_2d.csv
3722.4s 1668 
3722.4s 1669 [kfold] fold 3/5: loading 16 train/val + 4 test patient(s) into cache...
3843.4s 1670 [SliceCache] loaded + precomputed 16 patient(s), 688 usable slice(s).
3874.5s 1671 [SliceCache] loaded + precomputed 4 patient(s), 173 usable slice(s).
3874.5s 1672 
3874.5s 1673 ===== Fold 3/5  |  seed 42 (1/5) =====
3875.1s 1674 lambda=0.20  alpha=0.02  ->  lesion-discrimination AUC = 0.3913  (n=8/8 usable batches)
3875.4s 1675 lambda=0.20  alpha=0.05  ->  lesion-discrimination AUC = 0.4464  (n=8/8 usable batches)
3875.7s 1676 lambda=0.20  alpha=0.10  ->  lesion-discrimination AUC = 0.4208  (n=8/8 usable batches)
3876.0s 1677 lambda=0.20  alpha=0.20  ->  lesion-discrimination AUC = 0.4222  (n=8/8 usable batches)
3876.4s 1678 lambda=0.40  alpha=0.02  ->  lesion-discrimination AUC = 0.4729  (n=8/8 usable batches)
3876.7s 1679 lambda=0.40  alpha=0.05  ->  lesion-discrimination AUC = 0.4318  (n=8/8 usable batches)
3877.0s 1680 lambda=0.40  alpha=0.10  ->  lesion-discrimination AUC = 0.4363  (n=8/8 usable batches)
3877.3s 1681 lambda=0.40  alpha=0.20  ->  lesion-discrimination AUC = 0.4137  (n=8/8 usable batches)
3877.6s 1682 lambda=0.60  alpha=0.02  ->  lesion-discrimination AUC = 0.4630  (n=8/8 usable batches)
3877.9s 1683 lambda=0.60  alpha=0.05  ->  lesion-discrimination AUC = 0.4461  (n=8/8 usable batches)
3878.2s 1684 lambda=0.60  alpha=0.10  ->  lesion-discrimination AUC = 0.4595  (n=8/8 usable batches)
3878.5s 1685 lambda=0.60  alpha=0.20  ->  lesion-discrimination AUC = 0.4855  (n=8/8 usable batches)
3878.9s 1686 lambda=0.80  alpha=0.02  ->  lesion-discrimination AUC = 0.4749  (n=8/8 usable batches)
3879.1s 1687 lambda=0.80  alpha=0.05  ->  lesion-discrimination AUC = 0.4621  (n=8/8 usable batches)
3879.4s 1688 lambda=0.80  alpha=0.10  ->  lesion-discrimination AUC = 0.4553  (n=8/8 usable batches)
3879.7s 1689 lambda=0.80  alpha=0.20  ->  lesion-discrimination AUC = 0.4134  (n=8/8 usable batches)
3880.2s 1690 /tmp/ipykernel_23/1756534611.py:49: FutureWarning: `torch.cuda.amp.GradScaler(args...)` is deprecated. Please use `torch.amp.GradScaler('cuda', args...)` instead.
3880.2s 1691 scaler = torch.cuda.amp.GradScaler(enabled=use_amp)
3880.2s 1692 
3880.2s 1693 /tmp/ipykernel_23/1756534611.py:49: FutureWarning: `torch.cuda.amp.GradScaler(args...)` is deprecated. Please use `torch.amp.GradScaler('cuda', args...)` instead.
3880.2s 1694 scaler = torch.cuda.amp.GradScaler(enabled=use_amp)
3882.2s 1695 [fold3-seed42-Baseline] epoch 01/30  train_loss=1.3531  val_loss=1.5470  val_dice=0.0004  lr=3.00e-04 *
3884.0s 1696 [fold3-seed42-Baseline] epoch 02/30  train_loss=1.1554  val_loss=1.1503  val_dice=0.0068  lr=2.99e-04 *
3885.7s 1697 [fold3-seed42-Baseline] epoch 03/30  train_loss=1.1385  val_loss=1.1202  val_dice=0.0079  lr=2.97e-04 *
3887.5s 1698 [fold3-seed42-Baseline] epoch 04/30  train_loss=1.1358  val_loss=1.1255  val_dice=0.0082  lr=2.93e-04 *
3889.3s 1699 [fold3-seed42-Baseline] epoch 05/30  train_loss=1.1300  val_loss=1.1596  val_dice=0.0075  lr=2.87e-04
3891.0s 1700 [fold3-seed42-Baseline] epoch 06/30  train_loss=1.1293  val_loss=1.1270  val_dice=0.0077  lr=2.80e-04
3892.8s 1701 [fold3-seed42-Baseline] epoch 07/30  train_loss=1.1287  val_loss=1.1304  val_dice=0.0076  lr=2.72e-04
3894.7s 1702 [fold3-seed42-Baseline] epoch 08/30  train_loss=1.1264  val_loss=1.1217  val_dice=0.0089  lr=2.62e-04 *
3896.5s 1703 [fold3-seed42-Baseline] epoch 09/30  train_loss=1.1243  val_loss=1.1237  val_dice=0.0089  lr=2.51e-04
3898.2s 1704 [fold3-seed42-Baseline] epoch 10/30  train_loss=1.1204  val_loss=1.1129  val_dice=0.0088  lr=2.39e-04
3900.1s 1705 [fold3-seed42-Baseline] epoch 11/30  train_loss=1.1150  val_loss=1.1117  val_dice=0.0103  lr=2.26e-04 *
3901.9s 1706 [fold3-seed42-Baseline] epoch 12/30  train_loss=1.1143  val_loss=1.1016  val_dice=0.0094  lr=2.12e-04
3903.7s 1707 [fold3-seed42-Baseline] epoch 13/30  train_loss=1.1108  val_loss=1.1017  val_dice=0.0106  lr=1.97e-04 *
3905.6s 1708 [fold3-seed42-Baseline] epoch 14/30  train_loss=1.1052  val_loss=1.0993  val_dice=0.0115  lr=1.82e-04 *
3907.4s 1709 [fold3-seed42-Baseline] epoch 15/30  train_loss=1.1015  val_loss=1.1006  val_dice=0.0115  lr=1.67e-04
3909.2s 1710 [fold3-seed42-Baseline] epoch 16/30  train_loss=1.0998  val_loss=1.1113  val_dice=0.0159  lr=1.51e-04 *
3911.0s 1711 [fold3-seed42-Baseline] epoch 17/30  train_loss=1.0969  val_loss=1.1061  val_dice=0.0137  lr=1.36e-04
3912.9s 1712 [fold3-seed42-Baseline] epoch 18/30  train_loss=1.0974  val_loss=1.0941  val_dice=0.0160  lr=1.21e-04 *
3914.7s 1713 [fold3-seed42-Baseline] epoch 19/30  train_loss=1.0932  val_loss=1.1125  val_dice=0.0147  lr=1.06e-04
3916.6s 1714 [fold3-seed42-Baseline] epoch 20/30  train_loss=1.0892  val_loss=1.1126  val_dice=0.0168  lr=9.11e-05 *
3918.4s 1715 [fold3-seed42-Baseline] epoch 21/30  train_loss=1.0925  val_loss=1.1012  val_dice=0.0163  lr=7.73e-05
3920.2s 1716 [fold3-seed42-Baseline] epoch 22/30  train_loss=1.0871  val_loss=1.1485  val_dice=0.0171  lr=6.42e-05 *
3922.0s 1717 [fold3-seed42-Baseline] epoch 23/30  train_loss=1.0893  val_loss=1.1037  val_dice=0.0183  lr=5.21e-05 *
3923.9s 1718 [fold3-seed42-Baseline] epoch 24/30  train_loss=1.0852  val_loss=1.0815  val_dice=0.0160  lr=4.11e-05
3925.7s 1719 [fold3-seed42-Baseline] epoch 25/30  train_loss=1.0832  val_loss=1.1002  val_dice=0.0185  lr=3.14e-05 *
3927.5s 1720 [fold3-seed42-Baseline] epoch 26/30  train_loss=1.0807  val_loss=1.0915  val_dice=0.0191  lr=2.29e-05 *
3929.3s 1721 [fold3-seed42-Baseline] epoch 27/30  train_loss=1.0810  val_loss=1.1014  val_dice=0.0196  lr=1.58e-05 *
3931.1s 1722 [fold3-seed42-Baseline] epoch 28/30  train_loss=1.0778  val_loss=1.0979  val_dice=0.0195  lr=1.03e-05
3932.9s 1723 [fold3-seed42-Baseline] epoch 29/30  train_loss=1.0785  val_loss=1.0971  val_dice=0.0195  lr=6.25e-06
3934.7s 1724 [fold3-seed42-Baseline] epoch 30/30  train_loss=1.0807  val_loss=1.0976  val_dice=0.0196  lr=3.81e-06
3938.8s 1725 [fold3-seed42-SCL] epoch 01/30  train_loss=1.2812  val_loss=1.1665  val_dice=0.0069  lr=3.00e-04 *
3942.2s 1726 [fold3-seed42-SCL] epoch 02/30  train_loss=1.1486  val_loss=1.2081  val_dice=0.0066  lr=2.99e-04
3945.7s 1727 [fold3-seed42-SCL] epoch 03/30  train_loss=1.1450  val_loss=1.1367  val_dice=0.0084  lr=2.97e-04 *
3949.1s 1728 [fold3-seed42-SCL] epoch 04/30  train_loss=1.1395  val_loss=1.1195  val_dice=0.0077  lr=2.93e-04
3952.6s 1729 [fold3-seed42-SCL] epoch 05/30  train_loss=1.1365  val_loss=1.1132  val_dice=0.0079  lr=2.87e-04
3956.1s 1730 [fold3-seed42-SCL] epoch 06/30  train_loss=1.1322  val_loss=1.1600  val_dice=0.0071  lr=2.80e-04
3959.6s 1731 [fold3-seed42-SCL] epoch 07/30  train_loss=1.1334  val_loss=1.1269  val_dice=0.0076  lr=2.72e-04
3963.1s 1732 [fold3-seed42-SCL] epoch 08/30  train_loss=1.1261  val_loss=1.1207  val_dice=0.0082  lr=2.62e-04
3966.4s 1733 [fold3-seed42-SCL] epoch 09/30  train_loss=1.1247  val_loss=1.1353  val_dice=0.0074  lr=2.51e-04
3966.4s 1734 [fold3-seed42-SCL] early stopping at epoch 9 (no improvement in val dice for 6 epochs; best was epoch 3)
3968.5s 1735 [checkpoint] saved fold 3 seed 42 results -> outputs/kfold_checkpoint_2d.csv
3968.5s 1736 
3968.5s 1737 ===== Fold 3/5  |  seed 43 (2/5) =====
3969.2s 1738 lambda=0.20  alpha=0.02  ->  lesion-discrimination AUC = 0.3896  (n=8/8 usable batches)
3969.4s 1739 lambda=0.20  alpha=0.05  ->  lesion-discrimination AUC = 0.4697  (n=8/8 usable batches)
3969.7s 1740 lambda=0.20  alpha=0.10  ->  lesion-discrimination AUC = 0.4281  (n=8/8 usable batches)
3970.1s 1741 lambda=0.20  alpha=0.20  ->  lesion-discrimination AUC = 0.4198  (n=8/8 usable batches)
3970.4s 1742 lambda=0.40  alpha=0.02  ->  lesion-discrimination AUC = 0.4673  (n=8/8 usable batches)
3970.7s 1743 lambda=0.40  alpha=0.05  ->  lesion-discrimination AUC = 0.4330  (n=8/8 usable batches)
3971.0s 1744 lambda=0.40  alpha=0.10  ->  lesion-discrimination AUC = 0.4377  (n=8/8 usable batches)
3971.4s 1745 lambda=0.40  alpha=0.20  ->  lesion-discrimination AUC = 0.4276  (n=8/8 usable batches)
3971.7s 1746 lambda=0.60  alpha=0.02  ->  lesion-discrimination AUC = 0.4438  (n=8/8 usable batches)
3972.0s 1747 lambda=0.60  alpha=0.05  ->  lesion-discrimination AUC = 0.4492  (n=8/8 usable batches)
3972.3s 1748 lambda=0.60  alpha=0.10  ->  lesion-discrimination AUC = 0.4475  (n=8/8 usable batches)
3972.6s 1749 lambda=0.60  alpha=0.20  ->  lesion-discrimination AUC = 0.4477  (n=8/8 usable batches)
3972.9s 1750 lambda=0.80  alpha=0.02  ->  lesion-discrimination AUC = 0.4352  (n=8/8 usable batches)
3973.2s 1751 lambda=0.80  alpha=0.05  ->  lesion-discrimination AUC = 0.4371  (n=8/8 usable batches)
3973.5s 1752 lambda=0.80  alpha=0.10  ->  lesion-discrimination AUC = 0.4102  (n=8/8 usable batches)
3973.9s 1753 lambda=0.80  alpha=0.20  ->  lesion-discrimination AUC = 0.4542  (n=8/8 usable batches)
3974.3s 1754 /tmp/ipykernel_23/1756534611.py:49: FutureWarning: `torch.cuda.amp.GradScaler(args...)` is deprecated. Please use `torch.amp.GradScaler('cuda', args...)` instead.
3974.3s 1755 scaler = torch.cuda.amp.GradScaler(enabled=use_amp)
3974.3s 1756 
3974.3s 1757 /tmp/ipykernel_23/1756534611.py:49: FutureWarning: `torch.cuda.amp.GradScaler(args...)` is deprecated. Please use `torch.amp.GradScaler('cuda', args...)` instead.
3974.3s 1758 scaler = torch.cuda.amp.GradScaler(enabled=use_amp)
3976.3s 1759 [fold3-seed43-Baseline] epoch 01/30  train_loss=1.2471  val_loss=2.3668  val_dice=0.0009  lr=3.00e-04 *
3978.0s 1760 [fold3-seed43-Baseline] epoch 02/30  train_loss=1.1401  val_loss=1.1685  val_dice=0.0109  lr=2.99e-04 *
3979.8s 1761 [fold3-seed43-Baseline] epoch 03/30  train_loss=1.1333  val_loss=1.1620  val_dice=0.0112  lr=2.97e-04 *
3981.6s 1762 [fold3-seed43-Baseline] epoch 04/30  train_loss=1.1307  val_loss=1.1790  val_dice=0.0121  lr=2.93e-04 *
3983.3s 1763 [fold3-seed43-Baseline] epoch 05/30  train_loss=1.1263  val_loss=1.1628  val_dice=0.0124  lr=2.87e-04 *
3985.1s 1764 [fold3-seed43-Baseline] epoch 06/30  train_loss=1.1245  val_loss=1.1629  val_dice=0.0115  lr=2.80e-04
3986.9s 1765 [fold3-seed43-Baseline] epoch 07/30  train_loss=1.1229  val_loss=1.1567  val_dice=0.0127  lr=2.72e-04 *
3988.7s 1766 [fold3-seed43-Baseline] epoch 08/30  train_loss=1.1212  val_loss=1.1541  val_dice=0.0127  lr=2.62e-04 *
3990.5s 1767 [fold3-seed43-Baseline] epoch 09/30  train_loss=1.1184  val_loss=1.1552  val_dice=0.0122  lr=2.51e-04
3992.2s 1768 [fold3-seed43-Baseline] epoch 10/30  train_loss=1.1201  val_loss=1.1558  val_dice=0.0115  lr=2.39e-04
3994.0s 1769 [fold3-seed43-Baseline] epoch 11/30  train_loss=1.1144  val_loss=1.2716  val_dice=0.0132  lr=2.26e-04 *
3995.8s 1770 [fold3-seed43-Baseline] epoch 12/30  train_loss=1.1146  val_loss=1.1553  val_dice=0.0128  lr=2.12e-04
3997.6s 1771 [fold3-seed43-Baseline] epoch 13/30  train_loss=1.1104  val_loss=1.1652  val_dice=0.0132  lr=1.97e-04
3999.5s 1772 [fold3-seed43-Baseline] epoch 14/30  train_loss=1.1082  val_loss=1.1608  val_dice=0.0142  lr=1.82e-04 *
4001.3s 1773 [fold3-seed43-Baseline] epoch 15/30  train_loss=1.1087  val_loss=1.1469  val_dice=0.0138  lr=1.67e-04
4003.1s 1774 [fold3-seed43-Baseline] epoch 16/30  train_loss=1.1037  val_loss=1.1548  val_dice=0.0143  lr=1.51e-04 *
4004.9s 1775 [fold3-seed43-Baseline] epoch 17/30  train_loss=1.0984  val_loss=1.1643  val_dice=0.0171  lr=1.36e-04 *
4006.7s 1776 [fold3-seed43-Baseline] epoch 18/30  train_loss=1.0984  val_loss=1.1542  val_dice=0.0164  lr=1.21e-04
4008.5s 1777 [fold3-seed43-Baseline] epoch 19/30  train_loss=1.0942  val_loss=1.1477  val_dice=0.0166  lr=1.06e-04
4010.3s 1778 [fold3-seed43-Baseline] epoch 20/30  train_loss=1.0889  val_loss=1.1641  val_dice=0.0195  lr=9.11e-05 *
4012.1s 1779 [fold3-seed43-Baseline] epoch 21/30  train_loss=1.0885  val_loss=1.2022  val_dice=0.0178  lr=7.73e-05
4013.9s 1780 [fold3-seed43-Baseline] epoch 22/30  train_loss=1.0864  val_loss=1.1790  val_dice=0.0187  lr=6.42e-05
4015.7s 1781 [fold3-seed43-Baseline] epoch 23/30  train_loss=1.0850  val_loss=1.1799  val_dice=0.0189  lr=5.21e-05
4017.5s 1782 [fold3-seed43-Baseline] epoch 24/30  train_loss=1.0832  val_loss=1.1744  val_dice=0.0198  lr=4.11e-05 *
4019.3s 1783 [fold3-seed43-Baseline] epoch 25/30  train_loss=1.0832  val_loss=1.1764  val_dice=0.0199  lr=3.14e-05 *
4021.1s 1784 [fold3-seed43-Baseline] epoch 26/30  train_loss=1.0804  val_loss=1.1812  val_dice=0.0200  lr=2.29e-05 *
4022.9s 1785 [fold3-seed43-Baseline] epoch 27/30  train_loss=1.0810  val_loss=1.1782  val_dice=0.0206  lr=1.58e-05 *
4024.6s 1786 [fold3-seed43-Baseline] epoch 28/30  train_loss=1.0810  val_loss=1.1761  val_dice=0.0206  lr=1.03e-05
4026.4s 1787 [fold3-seed43-Baseline] epoch 29/30  train_loss=1.0777  val_loss=1.1761  val_dice=0.0205  lr=6.25e-06
4028.2s 1788 [fold3-seed43-Baseline] epoch 30/30  train_loss=1.0777  val_loss=1.1843  val_dice=0.0208  lr=3.81e-06 *
4031.8s 1789 [fold3-seed43-SCL] epoch 01/30  train_loss=1.2926  val_loss=1.2656  val_dice=0.0103  lr=3.00e-04 *
4035.2s 1790 [fold3-seed43-SCL] epoch 02/30  train_loss=1.1464  val_loss=1.1842  val_dice=0.0093  lr=2.99e-04
4038.7s 1791 [fold3-seed43-SCL] epoch 03/30  train_loss=1.1368  val_loss=1.1695  val_dice=0.0109  lr=2.97e-04 *
4042.2s 1792 [fold3-seed43-SCL] epoch 04/30  train_loss=1.1302  val_loss=1.1711  val_dice=0.0121  lr=2.93e-04 *
4045.7s 1793 [fold3-seed43-SCL] epoch 05/30  train_loss=1.1309  val_loss=1.1565  val_dice=0.0121  lr=2.87e-04 *
4049.2s 1794 [fold3-seed43-SCL] epoch 06/30  train_loss=1.1267  val_loss=1.1740  val_dice=0.0119  lr=2.80e-04
4052.8s 1795 [fold3-seed43-SCL] epoch 07/30  train_loss=1.1250  val_loss=1.1683  val_dice=0.0128  lr=2.72e-04 *
4056.2s 1796 [fold3-seed43-SCL] epoch 08/30  train_loss=1.1223  val_loss=1.1651  val_dice=0.0120  lr=2.62e-04
4059.7s 1797 [fold3-seed43-SCL] epoch 09/30  train_loss=1.1200  val_loss=1.1625  val_dice=0.0120  lr=2.51e-04
4063.3s 1798 [fold3-seed43-SCL] epoch 10/30  train_loss=1.1211  val_loss=1.1499  val_dice=0.0132  lr=2.39e-04 *
4066.8s 1799 [fold3-seed43-SCL] epoch 11/30  train_loss=1.1172  val_loss=1.1728  val_dice=0.0128  lr=2.26e-04
4070.2s 1800 [fold3-seed43-SCL] epoch 12/30  train_loss=1.1192  val_loss=1.1588  val_dice=0.0125  lr=2.12e-04
4073.8s 1801 [fold3-seed43-SCL] epoch 13/30  train_loss=1.1134  val_loss=1.1516  val_dice=0.0128  lr=1.97e-04
4077.2s 1802 [fold3-seed43-SCL] epoch 14/30  train_loss=1.1113  val_loss=1.1500  val_dice=0.0132  lr=1.82e-04
4080.7s 1803 [fold3-seed43-SCL] epoch 15/30  train_loss=1.1089  val_loss=1.1764  val_dice=0.0140  lr=1.67e-04 *
4084.1s 1804 [fold3-seed43-SCL] epoch 16/30  train_loss=1.1117  val_loss=1.1510  val_dice=0.0133  lr=1.51e-04
4087.6s 1805 [fold3-seed43-SCL] epoch 17/30  train_loss=1.1056  val_loss=1.1504  val_dice=0.0143  lr=1.36e-04 *
4091.1s 1806 [fold3-seed43-SCL] epoch 18/30  train_loss=1.1039  val_loss=1.1493  val_dice=0.0158  lr=1.21e-04 *
4094.7s 1807 [fold3-seed43-SCL] epoch 19/30  train_loss=1.1006  val_loss=1.1703  val_dice=0.0163  lr=1.06e-04 *
4098.1s 1808 [fold3-seed43-SCL] epoch 20/30  train_loss=1.0983  val_loss=1.1554  val_dice=0.0166  lr=9.11e-05 *
4101.8s 1809 [fold3-seed43-SCL] epoch 21/30  train_loss=1.0946  val_loss=1.1491  val_dice=0.0166  lr=7.73e-05
4105.2s 1810 [fold3-seed43-SCL] epoch 22/30  train_loss=1.0942  val_loss=1.1651  val_dice=0.0174  lr=6.42e-05 *
4108.7s 1811 [fold3-seed43-SCL] epoch 23/30  train_loss=1.0935  val_loss=1.1672  val_dice=0.0181  lr=5.21e-05 *
4112.1s 1812 [fold3-seed43-SCL] epoch 24/30  train_loss=1.0895  val_loss=1.1995  val_dice=0.0193  lr=4.11e-05 *
4115.5s 1813 [fold3-seed43-SCL] epoch 25/30  train_loss=1.0867  val_loss=1.1571  val_dice=0.0180  lr=3.14e-05
4119.0s 1814 [fold3-seed43-SCL] epoch 26/30  train_loss=1.0850  val_loss=1.1687  val_dice=0.0191  lr=2.29e-05
4122.6s 1815 [fold3-seed43-SCL] epoch 27/30  train_loss=1.0826  val_loss=1.1640  val_dice=0.0189  lr=1.58e-05
4126.2s 1816 [fold3-seed43-SCL] epoch 28/30  train_loss=1.0822  val_loss=1.1678  val_dice=0.0192  lr=1.03e-05
4129.5s 1817 [fold3-seed43-SCL] epoch 29/30  train_loss=1.0829  val_loss=1.1683  val_dice=0.0192  lr=6.25e-06
4133.0s 1818 [fold3-seed43-SCL] epoch 30/30  train_loss=1.0838  val_loss=1.1697  val_dice=0.0191  lr=3.81e-06
4133.0s 1819 [fold3-seed43-SCL] early stopping at epoch 30 (no improvement in val dice for 6 epochs; best was epoch 24)
4134.7s 1820 [checkpoint] saved fold 3 seed 43 results -> outputs/kfold_checkpoint_2d.csv
4134.7s 1821 
4134.7s 1822 ===== Fold 3/5  |  seed 44 (3/5) =====
4135.3s 1823 lambda=0.20  alpha=0.02  ->  lesion-discrimination AUC = 0.3746  (n=8/8 usable batches)
4135.6s 1824 lambda=0.20  alpha=0.05  ->  lesion-discrimination AUC = 0.4476  (n=8/8 usable batches)
4135.9s 1825 lambda=0.20  alpha=0.10  ->  lesion-discrimination AUC = 0.4235  (n=8/8 usable batches)
4136.3s 1826 lambda=0.20  alpha=0.20  ->  lesion-discrimination AUC = 0.4072  (n=8/8 usable batches)
4136.6s 1827 lambda=0.40  alpha=0.02  ->  lesion-discrimination AUC = 0.3895  (n=8/8 usable batches)
4136.9s 1828 lambda=0.40  alpha=0.05  ->  lesion-discrimination AUC = 0.4514  (n=8/8 usable batches)
4137.2s 1829 lambda=0.40  alpha=0.10  ->  lesion-discrimination AUC = 0.4218  (n=8/8 usable batches)
4137.5s 1830 lambda=0.40  alpha=0.20  ->  lesion-discrimination AUC = 0.4419  (n=8/8 usable batches)
4137.8s 1831 lambda=0.60  alpha=0.02  ->  lesion-discrimination AUC = 0.4240  (n=8/8 usable batches)
4138.1s 1832 lambda=0.60  alpha=0.05  ->  lesion-discrimination AUC = 0.4898  (n=8/8 usable batches)
4138.4s 1833 lambda=0.60  alpha=0.10  ->  lesion-discrimination AUC = 0.4272  (n=8/8 usable batches)
4138.7s 1834 lambda=0.60  alpha=0.20  ->  lesion-discrimination AUC = 0.4472  (n=8/8 usable batches)
4139.0s 1835 lambda=0.80  alpha=0.02  ->  lesion-discrimination AUC = 0.4450  (n=8/8 usable batches)
4139.3s 1836 lambda=0.80  alpha=0.05  ->  lesion-discrimination AUC = 0.4558  (n=8/8 usable batches)
4139.6s 1837 lambda=0.80  alpha=0.10  ->  lesion-discrimination AUC = 0.4304  (n=8/8 usable batches)
4140.0s 1838 lambda=0.80  alpha=0.20  ->  lesion-discrimination AUC = 0.4219  (n=8/8 usable batches)
4140.4s 1839 /tmp/ipykernel_23/1756534611.py:49: FutureWarning: `torch.cuda.amp.GradScaler(args...)` is deprecated. Please use `torch.amp.GradScaler('cuda', args...)` instead.
4140.4s 1840 scaler = torch.cuda.amp.GradScaler(enabled=use_amp)
4140.4s 1841 
4140.4s 1842 /tmp/ipykernel_23/1756534611.py:49: FutureWarning: `torch.cuda.amp.GradScaler(args...)` is deprecated. Please use `torch.amp.GradScaler('cuda', args...)` instead.
4140.4s 1843 scaler = torch.cuda.amp.GradScaler(enabled=use_amp)
4142.4s 1844 [fold3-seed44-Baseline] epoch 01/30  train_loss=1.2496  val_loss=1.1437  val_dice=0.0022  lr=3.00e-04 *
4144.1s 1845 [fold3-seed44-Baseline] epoch 02/30  train_loss=1.1519  val_loss=1.0767  val_dice=0.0031  lr=2.99e-04 *
4145.9s 1846 [fold3-seed44-Baseline] epoch 03/30  train_loss=1.1414  val_loss=1.0809  val_dice=0.0033  lr=2.97e-04 *
4147.6s 1847 [fold3-seed44-Baseline] epoch 04/30  train_loss=1.1418  val_loss=1.0722  val_dice=0.0028  lr=2.93e-04
4149.4s 1848 [fold3-seed44-Baseline] epoch 05/30  train_loss=1.1354  val_loss=1.0744  val_dice=0.0029  lr=2.87e-04
4151.1s 1849 [fold3-seed44-Baseline] epoch 06/30  train_loss=1.1366  val_loss=1.1024  val_dice=0.0027  lr=2.80e-04
4152.9s 1850 [fold3-seed44-Baseline] epoch 07/30  train_loss=1.1328  val_loss=1.0728  val_dice=0.0026  lr=2.72e-04
4154.7s 1851 [fold3-seed44-Baseline] epoch 08/30  train_loss=1.1311  val_loss=1.0910  val_dice=0.0027  lr=2.62e-04
4156.5s 1852 [fold3-seed44-Baseline] epoch 09/30  train_loss=1.1254  val_loss=1.0777  val_dice=0.0028  lr=2.51e-04
4156.5s 1853 [fold3-seed44-Baseline] early stopping at epoch 9 (no improvement in val dice for 6 epochs; best was epoch 3)
4160.0s 1854 [fold3-seed44-SCL] epoch 01/30  train_loss=1.3593  val_loss=1.1157  val_dice=0.0034  lr=3.00e-04 *
4163.5s 1855 [fold3-seed44-SCL] epoch 02/30  train_loss=1.1741  val_loss=1.0773  val_dice=0.0029  lr=2.99e-04
4166.9s 1856 [fold3-seed44-SCL] epoch 03/30  train_loss=1.1563  val_loss=1.0971  val_dice=0.0026  lr=2.97e-04
4170.4s 1857 [fold3-seed44-SCL] epoch 04/30  train_loss=1.1455  val_loss=1.0904  val_dice=0.0027  lr=2.93e-04
4174.0s 1858 [fold3-seed44-SCL] epoch 05/30  train_loss=1.1391  val_loss=1.0993  val_dice=0.0030  lr=2.87e-04
4177.5s 1859 [fold3-seed44-SCL] epoch 06/30  train_loss=1.1357  val_loss=1.0957  val_dice=0.0029  lr=2.80e-04
4180.9s 1860 [fold3-seed44-SCL] epoch 07/30  train_loss=1.1341  val_loss=1.0837  val_dice=0.0031  lr=2.72e-04
4180.9s 1861 [fold3-seed44-SCL] early stopping at epoch 7 (no improvement in val dice for 6 epochs; best was epoch 1)
4182.7s 1862 [checkpoint] saved fold 3 seed 44 results -> outputs/kfold_checkpoint_2d.csv
4182.7s 1863 
4182.7s 1864 ===== Fold 3/5  |  seed 45 (4/5) =====
4183.3s 1865 lambda=0.20  alpha=0.02  ->  lesion-discrimination AUC = 0.4507  (n=8/8 usable batches)
4183.6s 1866 lambda=0.20  alpha=0.05  ->  lesion-discrimination AUC = 0.4252  (n=8/8 usable batches)
4183.9s 1867 lambda=0.20  alpha=0.10  ->  lesion-discrimination AUC = 0.4511  (n=8/8 usable batches)
4184.2s 1868 lambda=0.20  alpha=0.20  ->  lesion-discrimination AUC = 0.4119  (n=8/8 usable batches)
4184.5s 1869 lambda=0.40  alpha=0.02  ->  lesion-discrimination AUC = 0.4481  (n=8/8 usable batches)
4184.8s 1870 lambda=0.40  alpha=0.05  ->  lesion-discrimination AUC = 0.3901  (n=8/8 usable batches)
4185.2s 1871 lambda=0.40  alpha=0.10  ->  lesion-discrimination AUC = 0.4316  (n=8/8 usable batches)
4185.5s 1872 lambda=0.40  alpha=0.20  ->  lesion-discrimination AUC = 0.4224  (n=8/8 usable batches)
4185.8s 1873 lambda=0.60  alpha=0.02  ->  lesion-discrimination AUC = 0.4042  (n=8/8 usable batches)
4186.1s 1874 lambda=0.60  alpha=0.05  ->  lesion-discrimination AUC = 0.3921  (n=8/8 usable batches)
4186.4s 1875 lambda=0.60  alpha=0.10  ->  lesion-discrimination AUC = 0.4519  (n=8/8 usable batches)
4186.8s 1876 lambda=0.60  alpha=0.20  ->  lesion-discrimination AUC = 0.3866  (n=8/8 usable batches)
4187.0s 1877 lambda=0.80  alpha=0.02  ->  lesion-discrimination AUC = 0.4353  (n=8/8 usable batches)
4187.3s 1878 lambda=0.80  alpha=0.05  ->  lesion-discrimination AUC = 0.4462  (n=8/8 usable batches)
4187.6s 1879 lambda=0.80  alpha=0.10  ->  lesion-discrimination AUC = 0.4600  (n=8/8 usable batches)
4187.9s 1880 lambda=0.80  alpha=0.20  ->  lesion-discrimination AUC = 0.4359  (n=8/8 usable batches)
4188.4s 1881 /tmp/ipykernel_23/1756534611.py:49: FutureWarning: `torch.cuda.amp.GradScaler(args...)` is deprecated. Please use `torch.amp.GradScaler('cuda', args...)` instead.
4188.4s 1882 scaler = torch.cuda.amp.GradScaler(enabled=use_amp)
4188.4s 1883 
4188.4s 1884 /tmp/ipykernel_23/1756534611.py:49: FutureWarning: `torch.cuda.amp.GradScaler(args...)` is deprecated. Please use `torch.amp.GradScaler('cuda', args...)` instead.
4188.4s 1885 scaler = torch.cuda.amp.GradScaler(enabled=use_amp)
4190.3s 1886 [fold3-seed45-Baseline] epoch 01/30  train_loss=1.2511  val_loss=1.5643  val_dice=0.0039  lr=3.00e-04 *
4192.1s 1887 [fold3-seed45-Baseline] epoch 02/30  train_loss=1.1401  val_loss=1.2272  val_dice=0.0083  lr=2.99e-04 *
4193.9s 1888 [fold3-seed45-Baseline] epoch 03/30  train_loss=1.1339  val_loss=1.2147  val_dice=0.0098  lr=2.97e-04 *
4195.7s 1889 [fold3-seed45-Baseline] epoch 04/30  train_loss=1.1305  val_loss=1.1623  val_dice=0.0094  lr=2.93e-04
4197.5s 1890 [fold3-seed45-Baseline] epoch 05/30  train_loss=1.1267  val_loss=1.1768  val_dice=0.0094  lr=2.87e-04
4199.2s 1891 [fold3-seed45-Baseline] epoch 06/30  train_loss=1.1263  val_loss=1.1561  val_dice=0.0095  lr=2.80e-04
4201.0s 1892 [fold3-seed45-Baseline] epoch 07/30  train_loss=1.1239  val_loss=1.1653  val_dice=0.0096  lr=2.72e-04
4202.8s 1893 [fold3-seed45-Baseline] epoch 08/30  train_loss=1.1227  val_loss=1.1835  val_dice=0.0100  lr=2.62e-04 *
4204.6s 1894 [fold3-seed45-Baseline] epoch 09/30  train_loss=1.1202  val_loss=1.1728  val_dice=0.0102  lr=2.51e-04 *
4206.4s 1895 [fold3-seed45-Baseline] epoch 10/30  train_loss=1.1155  val_loss=1.2069  val_dice=0.0104  lr=2.39e-04 *
4208.2s 1896 [fold3-seed45-Baseline] epoch 11/30  train_loss=1.1146  val_loss=1.1528  val_dice=0.0108  lr=2.26e-04 *
4210.0s 1897 [fold3-seed45-Baseline] epoch 12/30  train_loss=1.1140  val_loss=1.1418  val_dice=0.0120  lr=2.12e-04 *
4211.8s 1898 [fold3-seed45-Baseline] epoch 13/30  train_loss=1.1079  val_loss=1.1549  val_dice=0.0125  lr=1.97e-04 *
4213.6s 1899 [fold3-seed45-Baseline] epoch 14/30  train_loss=1.1047  val_loss=1.1658  val_dice=0.0141  lr=1.82e-04 *
4215.4s 1900 [fold3-seed45-Baseline] epoch 15/30  train_loss=1.1043  val_loss=1.1451  val_dice=0.0159  lr=1.67e-04 *
4217.2s 1901 [fold3-seed45-Baseline] epoch 16/30  train_loss=1.0994  val_loss=1.1541  val_dice=0.0155  lr=1.51e-04
4218.9s 1902 [fold3-seed45-Baseline] epoch 17/30  train_loss=1.0982  val_loss=1.1288  val_dice=0.0158  lr=1.36e-04
4220.7s 1903 [fold3-seed45-Baseline] epoch 18/30  train_loss=1.0965  val_loss=1.1298  val_dice=0.0176  lr=1.21e-04 *
4222.5s 1904 [fold3-seed45-Baseline] epoch 19/30  train_loss=1.0924  val_loss=1.1509  val_dice=0.0190  lr=1.06e-04 *
4224.3s 1905 [fold3-seed45-Baseline] epoch 20/30  train_loss=1.0919  val_loss=1.1303  val_dice=0.0191  lr=9.11e-05 *
4226.1s 1906 [fold3-seed45-Baseline] epoch 21/30  train_loss=1.0888  val_loss=1.1382  val_dice=0.0209  lr=7.73e-05 *
4227.9s 1907 [fold3-seed45-Baseline] epoch 22/30  train_loss=1.0876  val_loss=1.1303  val_dice=0.0210  lr=6.42e-05 *
4229.7s 1908 [fold3-seed45-Baseline] epoch 23/30  train_loss=1.0874  val_loss=1.1232  val_dice=0.0205  lr=5.21e-05
4231.4s 1909 [fold3-seed45-Baseline] epoch 24/30  train_loss=1.0849  val_loss=1.1218  val_dice=0.0209  lr=4.11e-05
4233.2s 1910 [fold3-seed45-Baseline] epoch 25/30  train_loss=1.0833  val_loss=1.1232  val_dice=0.0208  lr=3.14e-05
4235.0s 1911 [fold3-seed45-Baseline] epoch 26/30  train_loss=1.0818  val_loss=1.1173  val_dice=0.0200  lr=2.29e-05
4236.8s 1912 [fold3-seed45-Baseline] epoch 27/30  train_loss=1.0802  val_loss=1.1251  val_dice=0.0222  lr=1.58e-05 *
4238.6s 1913 [fold3-seed45-Baseline] epoch 28/30  train_loss=1.0791  val_loss=1.1219  val_dice=0.0219  lr=1.03e-05
4240.3s 1914 [fold3-seed45-Baseline] epoch 29/30  train_loss=1.0808  val_loss=1.1251  val_dice=0.0222  lr=6.25e-06 *
4242.1s 1915 [fold3-seed45-Baseline] epoch 30/30  train_loss=1.0801  val_loss=1.1221  val_dice=0.0219  lr=3.81e-06
4245.6s 1916 [fold3-seed45-SCL] epoch 01/30  train_loss=1.2817  val_loss=1.2683  val_dice=0.0082  lr=3.00e-04 *
4249.1s 1917 [fold3-seed45-SCL] epoch 02/30  train_loss=1.1425  val_loss=1.1644  val_dice=0.0094  lr=2.99e-04 *
4252.5s 1918 [fold3-seed45-SCL] epoch 03/30  train_loss=1.1334  val_loss=1.1835  val_dice=0.0088  lr=2.97e-04
4256.0s 1919 [fold3-seed45-SCL] epoch 04/30  train_loss=1.1314  val_loss=1.1871  val_dice=0.0099  lr=2.93e-04 *
4259.4s 1920 [fold3-seed45-SCL] epoch 05/30  train_loss=1.1296  val_loss=1.1548  val_dice=0.0100  lr=2.87e-04 *
4262.9s 1921 [fold3-seed45-SCL] epoch 06/30  train_loss=1.1283  val_loss=1.2087  val_dice=0.0090  lr=2.80e-04
4266.4s 1922 [fold3-seed45-SCL] epoch 07/30  train_loss=1.1273  val_loss=1.1861  val_dice=0.0105  lr=2.72e-04 *
4269.8s 1923 [fold3-seed45-SCL] epoch 08/30  train_loss=1.1221  val_loss=1.1694  val_dice=0.0102  lr=2.62e-04
4273.2s 1924 [fold3-seed45-SCL] epoch 09/30  train_loss=1.1200  val_loss=1.1682  val_dice=0.0103  lr=2.51e-04
4276.7s 1925 [fold3-seed45-SCL] epoch 10/30  train_loss=1.1215  val_loss=1.1686  val_dice=0.0106  lr=2.39e-04 *
4280.2s 1926 [fold3-seed45-SCL] epoch 11/30  train_loss=1.1173  val_loss=1.2026  val_dice=0.0103  lr=2.26e-04
4283.6s 1927 [fold3-seed45-SCL] epoch 12/30  train_loss=1.1144  val_loss=1.1802  val_dice=0.0106  lr=2.12e-04 *
4287.1s 1928 [fold3-seed45-SCL] epoch 13/30  train_loss=1.1130  val_loss=1.2114  val_dice=0.0097  lr=1.97e-04
4290.6s 1929 [fold3-seed45-SCL] epoch 14/30  train_loss=1.1091  val_loss=1.1587  val_dice=0.0111  lr=1.82e-04 *
4294.1s 1930 [fold3-seed45-SCL] epoch 15/30  train_loss=1.1085  val_loss=1.1750  val_dice=0.0113  lr=1.67e-04 *
4297.7s 1931 [fold3-seed45-SCL] epoch 16/30  train_loss=1.1067  val_loss=1.1484  val_dice=0.0118  lr=1.51e-04 *
4301.1s 1932 [fold3-seed45-SCL] epoch 17/30  train_loss=1.1033  val_loss=1.1484  val_dice=0.0130  lr=1.36e-04 *
4304.6s 1933 [fold3-seed45-SCL] epoch 18/30  train_loss=1.1005  val_loss=1.1453  val_dice=0.0141  lr=1.21e-04 *
4308.1s 1934 [fold3-seed45-SCL] epoch 19/30  train_loss=1.0998  val_loss=1.1445  val_dice=0.0142  lr=1.06e-04 *
4311.6s 1935 [fold3-seed45-SCL] epoch 20/30  train_loss=1.0967  val_loss=1.1609  val_dice=0.0150  lr=9.11e-05 *
4315.1s 1936 [fold3-seed45-SCL] epoch 21/30  train_loss=1.0946  val_loss=1.1590  val_dice=0.0159  lr=7.73e-05 *
4318.6s 1937 [fold3-seed45-SCL] epoch 22/30  train_loss=1.0906  val_loss=1.1475  val_dice=0.0160  lr=6.42e-05 *
4322.1s 1938 [fold3-seed45-SCL] epoch 23/30  train_loss=1.0905  val_loss=1.1534  val_dice=0.0159  lr=5.21e-05
4325.6s 1939 [fold3-seed45-SCL] epoch 24/30  train_loss=1.0866  val_loss=1.1568  val_dice=0.0169  lr=4.11e-05 *
4329.0s 1940 [fold3-seed45-SCL] epoch 25/30  train_loss=1.0850  val_loss=1.1434  val_dice=0.0167  lr=3.14e-05
4332.5s 1941 [fold3-seed45-SCL] epoch 26/30  train_loss=1.0838  val_loss=1.1635  val_dice=0.0171  lr=2.29e-05 *
4336.0s 1942 [fold3-seed45-SCL] epoch 27/30  train_loss=1.0837  val_loss=1.1607  val_dice=0.0178  lr=1.58e-05 *
4339.5s 1943 [fold3-seed45-SCL] epoch 28/30  train_loss=1.0826  val_loss=1.1623  val_dice=0.0177  lr=1.03e-05
4343.1s 1944 [fold3-seed45-SCL] epoch 29/30  train_loss=1.0816  val_loss=1.1610  val_dice=0.0178  lr=6.25e-06 *
4346.5s 1945 [fold3-seed45-SCL] epoch 30/30  train_loss=1.0839  val_loss=1.1616  val_dice=0.0179  lr=3.81e-06 *
4348.3s 1946 [checkpoint] saved fold 3 seed 45 results -> outputs/kfold_checkpoint_2d.csv
4348.3s 1947 
4348.3s 1948 ===== Fold 3/5  |  seed 46 (5/5) =====
4348.9s 1949 lambda=0.20  alpha=0.02  ->  lesion-discrimination AUC = 0.4455  (n=8/8 usable batches)
4349.2s 1950 lambda=0.20  alpha=0.05  ->  lesion-discrimination AUC = 0.3822  (n=8/8 usable batches)
4349.5s 1951 lambda=0.20  alpha=0.10  ->  lesion-discrimination AUC = 0.4482  (n=8/8 usable batches)
4349.8s 1952 lambda=0.20  alpha=0.20  ->  lesion-discrimination AUC = 0.4417  (n=8/8 usable batches)
4350.1s 1953 lambda=0.40  alpha=0.02  ->  lesion-discrimination AUC = 0.4576  (n=8/8 usable batches)
4350.4s 1954 lambda=0.40  alpha=0.05  ->  lesion-discrimination AUC = 0.4200  (n=8/8 usable batches)
4350.7s 1955 lambda=0.40  alpha=0.10  ->  lesion-discrimination AUC = 0.4855  (n=8/8 usable batches)
4351.1s 1956 lambda=0.40  alpha=0.20  ->  lesion-discrimination AUC = 0.4296  (n=8/8 usable batches)
4351.4s 1957 lambda=0.60  alpha=0.02  ->  lesion-discrimination AUC = 0.4270  (n=8/8 usable batches)
4351.7s 1958 lambda=0.60  alpha=0.05  ->  lesion-discrimination AUC = 0.4392  (n=8/8 usable batches)
4352.1s 1959 lambda=0.60  alpha=0.10  ->  lesion-discrimination AUC = 0.4545  (n=8/8 usable batches)
4352.4s 1960 lambda=0.60  alpha=0.20  ->  lesion-discrimination AUC = 0.4185  (n=8/8 usable batches)
4352.7s 1961 lambda=0.80  alpha=0.02  ->  lesion-discrimination AUC = 0.4808  (n=8/8 usable batches)
4353.0s 1962 lambda=0.80  alpha=0.05  ->  lesion-discrimination AUC = 0.4972  (n=8/8 usable batches)
4353.3s 1963 lambda=0.80  alpha=0.10  ->  lesion-discrimination AUC = 0.4646  (n=8/8 usable batches)
4353.6s 1964 lambda=0.80  alpha=0.20  ->  lesion-discrimination AUC = 0.4578  (n=8/8 usable batches)
4354.0s 1965 /tmp/ipykernel_23/1756534611.py:49: FutureWarning: `torch.cuda.amp.GradScaler(args...)` is deprecated. Please use `torch.amp.GradScaler('cuda', args...)` instead.
4354.0s 1966 scaler = torch.cuda.amp.GradScaler(enabled=use_amp)
4354.0s 1967 
4354.0s 1968 /tmp/ipykernel_23/1756534611.py:49: FutureWarning: `torch.cuda.amp.GradScaler(args...)` is deprecated. Please use `torch.amp.GradScaler('cuda', args...)` instead.
4354.0s 1969 scaler = torch.cuda.amp.GradScaler(enabled=use_amp)
4356.0s 1970 [fold3-seed46-Baseline] epoch 01/30  train_loss=1.2492  val_loss=1.1231  val_dice=0.0044  lr=3.00e-04 *
4357.7s 1971 [fold3-seed46-Baseline] epoch 02/30  train_loss=1.1475  val_loss=1.1506  val_dice=0.0022  lr=2.99e-04
4359.5s 1972 [fold3-seed46-Baseline] epoch 03/30  train_loss=1.1413  val_loss=1.0875  val_dice=0.0047  lr=2.97e-04 *
4361.3s 1973 [fold3-seed46-Baseline] epoch 04/30  train_loss=1.1411  val_loss=1.0955  val_dice=0.0047  lr=2.93e-04 *
4363.1s 1974 [fold3-seed46-Baseline] epoch 05/30  train_loss=1.1364  val_loss=1.0858  val_dice=0.0052  lr=2.87e-04 *
4364.8s 1975 [fold3-seed46-Baseline] epoch 06/30  train_loss=1.1369  val_loss=1.0825  val_dice=0.0054  lr=2.80e-04 *
4366.6s 1976 [fold3-seed46-Baseline] epoch 07/30  train_loss=1.1343  val_loss=1.0799  val_dice=0.0055  lr=2.72e-04 *
4368.4s 1977 [fold3-seed46-Baseline] epoch 08/30  train_loss=1.1317  val_loss=1.0754  val_dice=0.0055  lr=2.62e-04
4370.2s 1978 [fold3-seed46-Baseline] epoch 09/30  train_loss=1.1269  val_loss=1.0747  val_dice=0.0052  lr=2.51e-04
4372.0s 1979 [fold3-seed46-Baseline] epoch 10/30  train_loss=1.1262  val_loss=1.0779  val_dice=0.0046  lr=2.39e-04
4373.9s 1980 [fold3-seed46-Baseline] epoch 11/30  train_loss=1.1223  val_loss=1.0850  val_dice=0.0055  lr=2.26e-04
4375.6s 1981 [fold3-seed46-Baseline] epoch 12/30  train_loss=1.1221  val_loss=1.0876  val_dice=0.0064  lr=2.12e-04 *
4377.4s 1982 [fold3-seed46-Baseline] epoch 13/30  train_loss=1.1168  val_loss=1.0710  val_dice=0.0061  lr=1.97e-04
4379.2s 1983 [fold3-seed46-Baseline] epoch 14/30  train_loss=1.1132  val_loss=1.0636  val_dice=0.0079  lr=1.82e-04 *
4381.0s 1984 [fold3-seed46-Baseline] epoch 15/30  train_loss=1.1101  val_loss=1.0711  val_dice=0.0072  lr=1.67e-04
4382.8s 1985 [fold3-seed46-Baseline] epoch 16/30  train_loss=1.1037  val_loss=1.0661  val_dice=0.0086  lr=1.51e-04 *
4384.6s 1986 [fold3-seed46-Baseline] epoch 17/30  train_loss=1.1036  val_loss=1.0621  val_dice=0.0082  lr=1.36e-04
4386.4s 1987 [fold3-seed46-Baseline] epoch 18/30  train_loss=1.1003  val_loss=1.0578  val_dice=0.0089  lr=1.21e-04 *
4388.2s 1988 [fold3-seed46-Baseline] epoch 19/30  train_loss=1.1002  val_loss=1.0663  val_dice=0.0097  lr=1.06e-04 *
4390.0s 1989 [fold3-seed46-Baseline] epoch 20/30  train_loss=1.0954  val_loss=1.0659  val_dice=0.0122  lr=9.11e-05 *
4391.8s 1990 [fold3-seed46-Baseline] epoch 21/30  train_loss=1.0946  val_loss=1.0708  val_dice=0.0113  lr=7.73e-05
4393.5s 1991 [fold3-seed46-Baseline] epoch 22/30  train_loss=1.0932  val_loss=1.0564  val_dice=0.0095  lr=6.42e-05
4395.3s 1992 [fold3-seed46-Baseline] epoch 23/30  train_loss=1.0899  val_loss=1.0618  val_dice=0.0110  lr=5.21e-05
4397.1s 1993 [fold3-seed46-Baseline] epoch 24/30  train_loss=1.0919  val_loss=1.0609  val_dice=0.0109  lr=4.11e-05
4398.9s 1994 [fold3-seed46-Baseline] epoch 25/30  train_loss=1.0869  val_loss=1.0562  val_dice=0.0114  lr=3.14e-05
4400.7s 1995 [fold3-seed46-Baseline] epoch 26/30  train_loss=1.0864  val_loss=1.0560  val_dice=0.0125  lr=2.29e-05 *
4402.5s 1996 [fold3-seed46-Baseline] epoch 27/30  train_loss=1.0849  val_loss=1.0552  val_dice=0.0123  lr=1.58e-05
4404.4s 1997 [fold3-seed46-Baseline] epoch 28/30  train_loss=1.0845  val_loss=1.0566  val_dice=0.0130  lr=1.03e-05 *
4406.0s 1998 [fold3-seed46-Baseline] epoch 29/30  train_loss=1.0830  val_loss=1.0560  val_dice=0.0132  lr=6.25e-06 *
4407.8s 1999 [fold3-seed46-Baseline] epoch 30/30  train_loss=1.0860  val_loss=1.0568  val_dice=0.0131  lr=3.81e-06
4411.3s 2000 [fold3-seed46-SCL] epoch 01/30  train_loss=1.2594  val_loss=1.1597  val_dice=0.0036  lr=3.00e-04 *
4414.8s 2001 [fold3-seed46-SCL] epoch 02/30  train_loss=1.1565  val_loss=1.1575  val_dice=0.0028  lr=2.99e-04
4418.2s 2002 [fold3-seed46-SCL] epoch 03/30  train_loss=1.1529  val_loss=1.0969  val_dice=0.0044  lr=2.97e-04 *
4421.8s 2003 [fold3-seed46-SCL] epoch 04/30  train_loss=1.1479  val_loss=1.0936  val_dice=0.0045  lr=2.93e-04 *
4425.3s 2004 [fold3-seed46-SCL] epoch 05/30  train_loss=1.1423  val_loss=1.0861  val_dice=0.0047  lr=2.87e-04 *
4428.7s 2005 [fold3-seed46-SCL] epoch 06/30  train_loss=1.1394  val_loss=1.0807  val_dice=0.0047  lr=2.80e-04 *
4432.3s 2006 [fold3-seed46-SCL] epoch 07/30  train_loss=1.1341  val_loss=1.0874  val_dice=0.0051  lr=2.72e-04 *
4435.8s 2007 [fold3-seed46-SCL] epoch 08/30  train_loss=1.1367  val_loss=1.0835  val_dice=0.0048  lr=2.62e-04
4439.2s 2008 [fold3-seed46-SCL] epoch 09/30  train_loss=1.1311  val_loss=1.0792  val_dice=0.0052  lr=2.51e-04 *
4442.7s 2009 [fold3-seed46-SCL] epoch 10/30  train_loss=1.1289  val_loss=1.0818  val_dice=0.0045  lr=2.39e-04
4446.3s 2010 [fold3-seed46-SCL] epoch 11/30  train_loss=1.1260  val_loss=1.0838  val_dice=0.0050  lr=2.26e-04
4449.8s 2011 [fold3-seed46-SCL] epoch 12/30  train_loss=1.1211  val_loss=1.0758  val_dice=0.0054  lr=2.12e-04 *
4453.3s 2012 [fold3-seed46-SCL] epoch 13/30  train_loss=1.1176  val_loss=1.0788  val_dice=0.0058  lr=1.97e-04 *
4456.7s 2013 [fold3-seed46-SCL] epoch 14/30  train_loss=1.1163  val_loss=1.0767  val_dice=0.0060  lr=1.82e-04 *
4460.2s 2014 [fold3-seed46-SCL] epoch 15/30  train_loss=1.1134  val_loss=1.0780  val_dice=0.0061  lr=1.67e-04 *
4463.7s 2015 [fold3-seed46-SCL] epoch 16/30  train_loss=1.1126  val_loss=1.0707  val_dice=0.0071  lr=1.51e-04 *
4467.3s 2016 [fold3-seed46-SCL] epoch 17/30  train_loss=1.1077  val_loss=1.0727  val_dice=0.0076  lr=1.36e-04 *
4470.6s 2017 [fold3-seed46-SCL] epoch 18/30  train_loss=1.1037  val_loss=1.0740  val_dice=0.0082  lr=1.21e-04 *
4474.1s 2018 [fold3-seed46-SCL] epoch 19/30  train_loss=1.1022  val_loss=1.0731  val_dice=0.0074  lr=1.06e-04
4477.6s 2019 [fold3-seed46-SCL] epoch 20/30  train_loss=1.0997  val_loss=1.0702  val_dice=0.0084  lr=9.11e-05 *
4481.2s 2020 [fold3-seed46-SCL] epoch 21/30  train_loss=1.0972  val_loss=1.0666  val_dice=0.0105  lr=7.73e-05 *
4484.6s 2021 [fold3-seed46-SCL] epoch 22/30  train_loss=1.0967  val_loss=1.0617  val_dice=0.0084  lr=6.42e-05
4488.0s 2022 [fold3-seed46-SCL] epoch 23/30  train_loss=1.0926  val_loss=1.0682  val_dice=0.0094  lr=5.21e-05
4491.6s 2023 [fold3-seed46-SCL] epoch 24/30  train_loss=1.0917  val_loss=1.0700  val_dice=0.0098  lr=4.11e-05
4495.0s 2024 [fold3-seed46-SCL] epoch 25/30  train_loss=1.0915  val_loss=1.0670  val_dice=0.0105  lr=3.14e-05
4498.7s 2025 [fold3-seed46-SCL] epoch 26/30  train_loss=1.0901  val_loss=1.0633  val_dice=0.0094  lr=2.29e-05
4502.1s 2026 [fold3-seed46-SCL] epoch 27/30  train_loss=1.0901  val_loss=1.0646  val_dice=0.0102  lr=1.58e-05
4502.1s 2027 [fold3-seed46-SCL] early stopping at epoch 27 (no improvement in val dice for 6 epochs; best was epoch 21)
4503.9s 2028 [checkpoint] saved fold 3 seed 46 results -> outputs/kfold_checkpoint_2d.csv
4503.9s 2029 
4503.9s 2030 [kfold] fold 4/5: loading 16 train/val + 4 test patient(s) into cache...
4618.3s 2031 [SliceCache] loaded + precomputed 16 patient(s), 689 usable slice(s).
4648.7s 2032 [SliceCache] loaded + precomputed 4 patient(s), 172 usable slice(s).
4648.7s 2033 
4648.7s 2034 ===== Fold 4/5  |  seed 42 (1/5) =====
4649.3s 2035 lambda=0.20  alpha=0.02  ->  lesion-discrimination AUC = 0.4045  (n=8/8 usable batches)
4649.6s 2036 lambda=0.20  alpha=0.05  ->  lesion-discrimination AUC = 0.4796  (n=8/8 usable batches)
4649.9s 2037 lambda=0.20  alpha=0.10  ->  lesion-discrimination AUC = 0.4599  (n=8/8 usable batches)
4650.2s 2038 lambda=0.20  alpha=0.20  ->  lesion-discrimination AUC = 0.4237  (n=8/8 usable batches)
4650.5s 2039 lambda=0.40  alpha=0.02  ->  lesion-discrimination AUC = 0.4163  (n=8/8 usable batches)
4650.8s 2040 lambda=0.40  alpha=0.05  ->  lesion-discrimination AUC = 0.4187  (n=8/8 usable batches)
4651.2s 2041 lambda=0.40  alpha=0.10  ->  lesion-discrimination AUC = 0.4235  (n=8/8 usable batches)
4651.5s 2042 lambda=0.40  alpha=0.20  ->  lesion-discrimination AUC = 0.4346  (n=8/8 usable batches)
4651.8s 2043 lambda=0.60  alpha=0.02  ->  lesion-discrimination AUC = 0.4200  (n=8/8 usable batches)
4652.1s 2044 lambda=0.60  alpha=0.05  ->  lesion-discrimination AUC = 0.4166  (n=8/8 usable batches)
4652.4s 2045 lambda=0.60  alpha=0.10  ->  lesion-discrimination AUC = 0.3931  (n=8/8 usable batches)
4652.7s 2046 lambda=0.60  alpha=0.20  ->  lesion-discrimination AUC = 0.4014  (n=8/8 usable batches)
4653.0s 2047 lambda=0.80  alpha=0.02  ->  lesion-discrimination AUC = 0.4219  (n=8/8 usable batches)
4653.3s 2048 lambda=0.80  alpha=0.05  ->  lesion-discrimination AUC = 0.4048  (n=8/8 usable batches)
4653.6s 2049 lambda=0.80  alpha=0.10  ->  lesion-discrimination AUC = 0.4295  (n=8/8 usable batches)
4653.9s 2050 lambda=0.80  alpha=0.20  ->  lesion-discrimination AUC = 0.4415  (n=8/8 usable batches)
4654.3s 2051 /tmp/ipykernel_23/1756534611.py:49: FutureWarning: `torch.cuda.amp.GradScaler(args...)` is deprecated. Please use `torch.amp.GradScaler('cuda', args...)` instead.
4654.3s 2052 scaler = torch.cuda.amp.GradScaler(enabled=use_amp)
4654.3s 2053 
4654.3s 2054 /tmp/ipykernel_23/1756534611.py:49: FutureWarning: `torch.cuda.amp.GradScaler(args...)` is deprecated. Please use `torch.amp.GradScaler('cuda', args...)` instead.
4654.3s 2055 scaler = torch.cuda.amp.GradScaler(enabled=use_amp)
4656.3s 2056 [fold4-seed42-Baseline] epoch 01/30  train_loss=1.3712  val_loss=2.7812  val_dice=0.0003  lr=3.00e-04 *
4658.1s 2057 [fold4-seed42-Baseline] epoch 02/30  train_loss=1.1885  val_loss=1.2487  val_dice=0.0151  lr=2.99e-04 *
4659.8s 2058 [fold4-seed42-Baseline] epoch 03/30  train_loss=1.1649  val_loss=1.2436  val_dice=0.0133  lr=2.97e-04
4661.6s 2059 [fold4-seed42-Baseline] epoch 04/30  train_loss=1.1605  val_loss=1.2548  val_dice=0.0152  lr=2.93e-04 *
4663.4s 2060 [fold4-seed42-Baseline] epoch 05/30  train_loss=1.1592  val_loss=1.2495  val_dice=0.0162  lr=2.87e-04 *
4665.1s 2061 [fold4-seed42-Baseline] epoch 06/30  train_loss=1.1544  val_loss=1.2267  val_dice=0.0152  lr=2.80e-04
4666.9s 2062 [fold4-seed42-Baseline] epoch 07/30  train_loss=1.1524  val_loss=1.2450  val_dice=0.0147  lr=2.72e-04
4668.7s 2063 [fold4-seed42-Baseline] epoch 08/30  train_loss=1.1488  val_loss=1.2591  val_dice=0.0166  lr=2.62e-04 *
4670.5s 2064 [fold4-seed42-Baseline] epoch 09/30  train_loss=1.1506  val_loss=1.2602  val_dice=0.0153  lr=2.51e-04
4672.3s 2065 [fold4-seed42-Baseline] epoch 10/30  train_loss=1.1476  val_loss=1.2731  val_dice=0.0171  lr=2.39e-04 *
4674.1s 2066 [fold4-seed42-Baseline] epoch 11/30  train_loss=1.1405  val_loss=1.2242  val_dice=0.0162  lr=2.26e-04
4675.9s 2067 [fold4-seed42-Baseline] epoch 12/30  train_loss=1.1363  val_loss=1.2332  val_dice=0.0183  lr=2.12e-04 *
4677.7s 2068 [fold4-seed42-Baseline] epoch 13/30  train_loss=1.1333  val_loss=1.2268  val_dice=0.0169  lr=1.97e-04
4679.6s 2069 [fold4-seed42-Baseline] epoch 14/30  train_loss=1.1334  val_loss=1.2318  val_dice=0.0184  lr=1.82e-04 *
4681.3s 2070 [fold4-seed42-Baseline] epoch 15/30  train_loss=1.1273  val_loss=1.2266  val_dice=0.0196  lr=1.67e-04 *
4683.2s 2071 [fold4-seed42-Baseline] epoch 16/30  train_loss=1.1280  val_loss=1.2268  val_dice=0.0177  lr=1.51e-04
4685.0s 2072 [fold4-seed42-Baseline] epoch 17/30  train_loss=1.1225  val_loss=1.2373  val_dice=0.0194  lr=1.36e-04
4686.8s 2073 [fold4-seed42-Baseline] epoch 18/30  train_loss=1.1208  val_loss=1.2467  val_dice=0.0202  lr=1.21e-04 *
4688.7s 2074 [fold4-seed42-Baseline] epoch 19/30  train_loss=1.1186  val_loss=1.2259  val_dice=0.0176  lr=1.06e-04
4690.5s 2075 [fold4-seed42-Baseline] epoch 20/30  train_loss=1.1170  val_loss=1.2408  val_dice=0.0185  lr=9.11e-05
4692.3s 2076 [fold4-seed42-Baseline] epoch 21/30  train_loss=1.1114  val_loss=1.3565  val_dice=0.0195  lr=7.73e-05
4694.1s 2077 [fold4-seed42-Baseline] epoch 22/30  train_loss=1.1101  val_loss=1.3462  val_dice=0.0198  lr=6.42e-05
4695.9s 2078 [fold4-seed42-Baseline] epoch 23/30  train_loss=1.1054  val_loss=1.2783  val_dice=0.0208  lr=5.21e-05 *
4697.8s 2079 [fold4-seed42-Baseline] epoch 24/30  train_loss=1.1071  val_loss=1.2886  val_dice=0.0194  lr=4.11e-05
4699.6s 2080 [fold4-seed42-Baseline] epoch 25/30  train_loss=1.1071  val_loss=1.3134  val_dice=0.0192  lr=3.14e-05
4701.4s 2081 [fold4-seed42-Baseline] epoch 26/30  train_loss=1.1024  val_loss=1.2844  val_dice=0.0201  lr=2.29e-05
4703.1s 2082 [fold4-seed42-Baseline] epoch 27/30  train_loss=1.1031  val_loss=1.3482  val_dice=0.0192  lr=1.58e-05
4704.9s 2083 [fold4-seed42-Baseline] epoch 28/30  train_loss=1.1016  val_loss=1.3144  val_dice=0.0195  lr=1.03e-05
4706.7s 2084 [fold4-seed42-Baseline] epoch 29/30  train_loss=1.1001  val_loss=1.3194  val_dice=0.0194  lr=6.25e-06
4706.7s 2085 [fold4-seed42-Baseline] early stopping at epoch 29 (no improvement in val dice for 6 epochs; best was epoch 23)
4710.3s 2086 [fold4-seed42-SCL] epoch 01/30  train_loss=1.3106  val_loss=1.7933  val_dice=0.0095  lr=3.00e-04 *
4713.7s 2087 [fold4-seed42-SCL] epoch 02/30  train_loss=1.1768  val_loss=1.2435  val_dice=0.0126  lr=2.99e-04 *
4717.3s 2088 [fold4-seed42-SCL] epoch 03/30  train_loss=1.1739  val_loss=1.2322  val_dice=0.0144  lr=2.97e-04 *
4720.8s 2089 [fold4-seed42-SCL] epoch 04/30  train_loss=1.1631  val_loss=1.2325  val_dice=0.0147  lr=2.93e-04 *
4724.3s 2090 [fold4-seed42-SCL] epoch 05/30  train_loss=1.1571  val_loss=1.2315  val_dice=0.0147  lr=2.87e-04 *
4727.7s 2091 [fold4-seed42-SCL] epoch 06/30  train_loss=1.1583  val_loss=1.2266  val_dice=0.0155  lr=2.80e-04 *
4731.2s 2092 [fold4-seed42-SCL] epoch 07/30  train_loss=1.1531  val_loss=1.2302  val_dice=0.0152  lr=2.72e-04
4734.7s 2093 [fold4-seed42-SCL] epoch 08/30  train_loss=1.1534  val_loss=1.2356  val_dice=0.0157  lr=2.62e-04 *
4738.1s 2094 [fold4-seed42-SCL] epoch 09/30  train_loss=1.1528  val_loss=1.2279  val_dice=0.0160  lr=2.51e-04 *
4741.8s 2095 [fold4-seed42-SCL] epoch 10/30  train_loss=1.1477  val_loss=1.2298  val_dice=0.0161  lr=2.39e-04 *
4745.2s 2096 [fold4-seed42-SCL] epoch 11/30  train_loss=1.1426  val_loss=1.2923  val_dice=0.0168  lr=2.26e-04 *
4748.7s 2097 [fold4-seed42-SCL] epoch 12/30  train_loss=1.1386  val_loss=1.2868  val_dice=0.0173  lr=2.12e-04 *
4752.3s 2098 [fold4-seed42-SCL] epoch 13/30  train_loss=1.1404  val_loss=1.2165  val_dice=0.0168  lr=1.97e-04
4755.9s 2099 [fold4-seed42-SCL] epoch 14/30  train_loss=1.1336  val_loss=1.2164  val_dice=0.0189  lr=1.82e-04 *
4759.4s 2100 [fold4-seed42-SCL] epoch 15/30  train_loss=1.1279  val_loss=1.2156  val_dice=0.0181  lr=1.67e-04
4762.9s 2101 [fold4-seed42-SCL] epoch 16/30  train_loss=1.1237  val_loss=1.2422  val_dice=0.0202  lr=1.51e-04 *
4766.4s 2102 [fold4-seed42-SCL] epoch 17/30  train_loss=1.1205  val_loss=1.2160  val_dice=0.0193  lr=1.36e-04
4769.9s 2103 [fold4-seed42-SCL] epoch 18/30  train_loss=1.1196  val_loss=1.2187  val_dice=0.0198  lr=1.21e-04
4773.4s 2104 [fold4-seed42-SCL] epoch 19/30  train_loss=1.1167  val_loss=1.2171  val_dice=0.0186  lr=1.06e-04
4776.9s 2105 [fold4-seed42-SCL] epoch 20/30  train_loss=1.1146  val_loss=1.2268  val_dice=0.0209  lr=9.11e-05 *
4780.5s 2106 [fold4-seed42-SCL] epoch 21/30  train_loss=1.1147  val_loss=1.2219  val_dice=0.0201  lr=7.73e-05
4784.1s 2107 [fold4-seed42-SCL] epoch 22/30  train_loss=1.1098  val_loss=1.2425  val_dice=0.0199  lr=6.42e-05
4787.6s 2108 [fold4-seed42-SCL] epoch 23/30  train_loss=1.1076  val_loss=1.2460  val_dice=0.0211  lr=5.21e-05 *
4791.0s 2109 [fold4-seed42-SCL] epoch 24/30  train_loss=1.1040  val_loss=1.2398  val_dice=0.0218  lr=4.11e-05 *
4794.6s 2110 [fold4-seed42-SCL] epoch 25/30  train_loss=1.1023  val_loss=1.2608  val_dice=0.0227  lr=3.14e-05 *
4798.0s 2111 [fold4-seed42-SCL] epoch 26/30  train_loss=1.1018  val_loss=1.2736  val_dice=0.0230  lr=2.29e-05 *
4801.5s 2112 [fold4-seed42-SCL] epoch 27/30  train_loss=1.1009  val_loss=1.2621  val_dice=0.0224  lr=1.58e-05
4805.2s 2113 [fold4-seed42-SCL] epoch 28/30  train_loss=1.0995  val_loss=1.2491  val_dice=0.0221  lr=1.03e-05
4808.5s 2114 [fold4-seed42-SCL] epoch 29/30  train_loss=1.0992  val_loss=1.2617  val_dice=0.0222  lr=6.25e-06
4811.8s 2115 [fold4-seed42-SCL] epoch 30/30  train_loss=1.0979  val_loss=1.2689  val_dice=0.0223  lr=3.81e-06
4813.8s 2116 [checkpoint] saved fold 4 seed 42 results -> outputs/kfold_checkpoint_2d.csv
4813.8s 2117 
4813.8s 2118 ===== Fold 4/5  |  seed 43 (2/5) =====
4814.5s 2119 lambda=0.20  alpha=0.02  ->  lesion-discrimination AUC = 0.4143  (n=8/8 usable batches)
4814.8s 2120 lambda=0.20  alpha=0.05  ->  lesion-discrimination AUC = 0.4006  (n=8/8 usable batches)
4815.1s 2121 lambda=0.20  alpha=0.10  ->  lesion-discrimination AUC = 0.4237  (n=8/8 usable batches)
4815.4s 2122 lambda=0.20  alpha=0.20  ->  lesion-discrimination AUC = 0.3958  (n=8/8 usable batches)
4815.7s 2123 lambda=0.40  alpha=0.02  ->  lesion-discrimination AUC = 0.4217  (n=8/8 usable batches)
4816.0s 2124 lambda=0.40  alpha=0.05  ->  lesion-discrimination AUC = 0.4215  (n=8/8 usable batches)
4816.4s 2125 lambda=0.40  alpha=0.10  ->  lesion-discrimination AUC = 0.4360  (n=8/8 usable batches)
4816.7s 2126 lambda=0.40  alpha=0.20  ->  lesion-discrimination AUC = 0.4466  (n=8/8 usable batches)
4817.0s 2127 lambda=0.60  alpha=0.02  ->  lesion-discrimination AUC = 0.3909  (n=8/8 usable batches)
4817.3s 2128 lambda=0.60  alpha=0.05  ->  lesion-discrimination AUC = 0.4143  (n=8/8 usable batches)
4817.6s 2129 lambda=0.60  alpha=0.10  ->  lesion-discrimination AUC = 0.4016  (n=8/8 usable batches)
4817.9s 2130 lambda=0.60  alpha=0.20  ->  lesion-discrimination AUC = 0.3804  (n=8/8 usable batches)
4818.2s 2131 lambda=0.80  alpha=0.02  ->  lesion-discrimination AUC = 0.4429  (n=8/8 usable batches)
4818.5s 2132 lambda=0.80  alpha=0.05  ->  lesion-discrimination AUC = 0.4415  (n=8/8 usable batches)
4818.8s 2133 lambda=0.80  alpha=0.10  ->  lesion-discrimination AUC = 0.4425  (n=8/8 usable batches)
4819.1s 2134 lambda=0.80  alpha=0.20  ->  lesion-discrimination AUC = 0.4088  (n=8/8 usable batches)
4819.5s 2135 /tmp/ipykernel_23/1756534611.py:49: FutureWarning: `torch.cuda.amp.GradScaler(args...)` is deprecated. Please use `torch.amp.GradScaler('cuda', args...)` instead.
4819.5s 2136 scaler = torch.cuda.amp.GradScaler(enabled=use_amp)
4819.5s 2137 
4819.5s 2138 /tmp/ipykernel_23/1756534611.py:49: FutureWarning: `torch.cuda.amp.GradScaler(args...)` is deprecated. Please use `torch.amp.GradScaler('cuda', args...)` instead.
4819.5s 2139 scaler = torch.cuda.amp.GradScaler(enabled=use_amp)
4821.5s 2140 [fold4-seed43-Baseline] epoch 01/30  train_loss=1.2954  val_loss=1.1153  val_dice=0.0026  lr=3.00e-04 *
4823.3s 2141 [fold4-seed43-Baseline] epoch 02/30  train_loss=1.1902  val_loss=1.0965  val_dice=0.0024  lr=2.99e-04
4825.0s 2142 [fold4-seed43-Baseline] epoch 03/30  train_loss=1.1826  val_loss=1.0905  val_dice=0.0022  lr=2.97e-04
4826.8s 2143 [fold4-seed43-Baseline] epoch 04/30  train_loss=1.1782  val_loss=1.0858  val_dice=0.0023  lr=2.93e-04
4828.5s 2144 [fold4-seed43-Baseline] epoch 05/30  train_loss=1.1744  val_loss=1.0996  val_dice=0.0023  lr=2.87e-04
4830.3s 2145 [fold4-seed43-Baseline] epoch 06/30  train_loss=1.1733  val_loss=1.0947  val_dice=0.0024  lr=2.80e-04
4832.1s 2146 [fold4-seed43-Baseline] epoch 07/30  train_loss=1.1701  val_loss=1.0787  val_dice=0.0021  lr=2.72e-04
4832.1s 2147 [fold4-seed43-Baseline] early stopping at epoch 7 (no improvement in val dice for 6 epochs; best was epoch 1)
4835.6s 2148 [fold4-seed43-SCL] epoch 01/30  train_loss=1.3463  val_loss=1.0988  val_dice=0.0035  lr=3.00e-04 *
4839.0s 2149 [fold4-seed43-SCL] epoch 02/30  train_loss=1.1992  val_loss=1.1085  val_dice=0.0024  lr=2.99e-04
4842.4s 2150 [fold4-seed43-SCL] epoch 03/30  train_loss=1.1885  val_loss=1.0899  val_dice=0.0027  lr=2.97e-04
4846.0s 2151 [fold4-seed43-SCL] epoch 04/30  train_loss=1.1846  val_loss=1.0888  val_dice=0.0022  lr=2.93e-04
4849.5s 2152 [fold4-seed43-SCL] epoch 05/30  train_loss=1.1795  val_loss=1.0762  val_dice=0.0030  lr=2.87e-04
4853.1s 2153 [fold4-seed43-SCL] epoch 06/30  train_loss=1.1772  val_loss=1.0724  val_dice=0.0029  lr=2.80e-04
4856.6s 2154 [fold4-seed43-SCL] epoch 07/30  train_loss=1.1682  val_loss=1.0810  val_dice=0.0028  lr=2.72e-04
4856.6s 2155 [fold4-seed43-SCL] early stopping at epoch 7 (no improvement in val dice for 6 epochs; best was epoch 1)
4858.3s 2156 [checkpoint] saved fold 4 seed 43 results -> outputs/kfold_checkpoint_2d.csv
4858.3s 2157 
4858.3s 2158 ===== Fold 4/5  |  seed 44 (3/5) =====
4859.0s 2159 lambda=0.20  alpha=0.02  ->  lesion-discrimination AUC = 0.4023  (n=8/8 usable batches)
4859.3s 2160 lambda=0.20  alpha=0.05  ->  lesion-discrimination AUC = 0.4457  (n=8/8 usable batches)
4859.6s 2161 lambda=0.20  alpha=0.10  ->  lesion-discrimination AUC = 0.4273  (n=8/8 usable batches)
4860.0s 2162 lambda=0.20  alpha=0.20  ->  lesion-discrimination AUC = 0.3937  (n=8/8 usable batches)
4860.3s 2163 lambda=0.40  alpha=0.02  ->  lesion-discrimination AUC = 0.4501  (n=8/8 usable batches)
4860.6s 2164 lambda=0.40  alpha=0.05  ->  lesion-discrimination AUC = 0.4417  (n=8/8 usable batches)
4860.9s 2165 lambda=0.40  alpha=0.10  ->  lesion-discrimination AUC = 0.3965  (n=8/8 usable batches)
4861.2s 2166 lambda=0.40  alpha=0.20  ->  lesion-discrimination AUC = 0.4182  (n=8/8 usable batches)
4861.6s 2167 lambda=0.60  alpha=0.02  ->  lesion-discrimination AUC = 0.4462  (n=8/8 usable batches)
4861.9s 2168 lambda=0.60  alpha=0.05  ->  lesion-discrimination AUC = 0.4310  (n=8/8 usable batches)
4862.2s 2169 lambda=0.60  alpha=0.10  ->  lesion-discrimination AUC = 0.4286  (n=8/8 usable batches)
4862.5s 2170 lambda=0.60  alpha=0.20  ->  lesion-discrimination AUC = 0.3933  (n=8/8 usable batches)
4862.8s 2171 lambda=0.80  alpha=0.02  ->  lesion-discrimination AUC = 0.3844  (n=8/8 usable batches)
4863.1s 2172 lambda=0.80  alpha=0.05  ->  lesion-discrimination AUC = 0.3921  (n=8/8 usable batches)
4863.4s 2173 lambda=0.80  alpha=0.10  ->  lesion-discrimination AUC = 0.4094  (n=8/8 usable batches)
4863.8s 2174 lambda=0.80  alpha=0.20  ->  lesion-discrimination AUC = 0.4097  (n=8/8 usable batches)
4864.2s 2175 /tmp/ipykernel_23/1756534611.py:49: FutureWarning: `torch.cuda.amp.GradScaler(args...)` is deprecated. Please use `torch.amp.GradScaler('cuda', args...)` instead.
4864.2s 2176 scaler = torch.cuda.amp.GradScaler(enabled=use_amp)
4864.2s 2177 
4864.2s 2178 /tmp/ipykernel_23/1756534611.py:49: FutureWarning: `torch.cuda.amp.GradScaler(args...)` is deprecated. Please use `torch.amp.GradScaler('cuda', args...)` instead.
4864.2s 2179 scaler = torch.cuda.amp.GradScaler(enabled=use_amp)
4866.4s 2180 [fold4-seed44-Baseline] epoch 01/30  train_loss=1.2664  val_loss=1.6747  val_dice=0.0164  lr=3.00e-04 *
4868.0s 2181 [fold4-seed44-Baseline] epoch 02/30  train_loss=1.1710  val_loss=1.2420  val_dice=0.0228  lr=2.99e-04 *
4869.7s 2182 [fold4-seed44-Baseline] epoch 03/30  train_loss=1.1643  val_loss=1.2482  val_dice=0.0231  lr=2.97e-04 *
4871.5s 2183 [fold4-seed44-Baseline] epoch 04/30  train_loss=1.1570  val_loss=1.3922  val_dice=0.0210  lr=2.93e-04
4873.3s 2184 [fold4-seed44-Baseline] epoch 05/30  train_loss=1.1630  val_loss=1.2579  val_dice=0.0234  lr=2.87e-04 *
4875.0s 2185 [fold4-seed44-Baseline] epoch 06/30  train_loss=1.1535  val_loss=1.2170  val_dice=0.0232  lr=2.80e-04
4876.8s 2186 [fold4-seed44-Baseline] epoch 07/30  train_loss=1.1535  val_loss=1.2727  val_dice=0.0238  lr=2.72e-04 *
4878.6s 2187 [fold4-seed44-Baseline] epoch 08/30  train_loss=1.1459  val_loss=1.2408  val_dice=0.0238  lr=2.62e-04 *
4880.4s 2188 [fold4-seed44-Baseline] epoch 09/30  train_loss=1.1458  val_loss=1.3320  val_dice=0.0255  lr=2.51e-04 *
4882.2s 2189 [fold4-seed44-Baseline] epoch 10/30  train_loss=1.1439  val_loss=1.3371  val_dice=0.0226  lr=2.39e-04
4884.0s 2190 [fold4-seed44-Baseline] epoch 11/30  train_loss=1.1403  val_loss=1.2913  val_dice=0.0258  lr=2.26e-04 *
4885.8s 2191 [fold4-seed44-Baseline] epoch 12/30  train_loss=1.1383  val_loss=1.2548  val_dice=0.0266  lr=2.12e-04 *
4887.6s 2192 [fold4-seed44-Baseline] epoch 13/30  train_loss=1.1319  val_loss=1.2878  val_dice=0.0251  lr=1.97e-04
4889.4s 2193 [fold4-seed44-Baseline] epoch 14/30  train_loss=1.1269  val_loss=1.3465  val_dice=0.0294  lr=1.82e-04 *
4891.1s 2194 [fold4-seed44-Baseline] epoch 15/30  train_loss=1.1278  val_loss=1.2296  val_dice=0.0278  lr=1.67e-04
4893.0s 2195 [fold4-seed44-Baseline] epoch 16/30  train_loss=1.1242  val_loss=1.2415  val_dice=0.0311  lr=1.51e-04 *
4894.7s 2196 [fold4-seed44-Baseline] epoch 17/30  train_loss=1.1227  val_loss=1.2147  val_dice=0.0283  lr=1.36e-04
4896.6s 2197 [fold4-seed44-Baseline] epoch 18/30  train_loss=1.1190  val_loss=1.3440  val_dice=0.0315  lr=1.21e-04 *
4898.3s 2198 [fold4-seed44-Baseline] epoch 19/30  train_loss=1.1176  val_loss=1.3430  val_dice=0.0309  lr=1.06e-04
4900.0s 2199 [fold4-seed44-Baseline] epoch 20/30  train_loss=1.1165  val_loss=1.2317  val_dice=0.0286  lr=9.11e-05
4901.8s 2200 [fold4-seed44-Baseline] epoch 21/30  train_loss=1.1145  val_loss=1.2536  val_dice=0.0308  lr=7.73e-05
4903.6s 2201 [fold4-seed44-Baseline] epoch 22/30  train_loss=1.1124  val_loss=1.2604  val_dice=0.0307  lr=6.42e-05
4905.4s 2202 [fold4-seed44-Baseline] epoch 23/30  train_loss=1.1102  val_loss=1.3242  val_dice=0.0331  lr=5.21e-05 *
4907.2s 2203 [fold4-seed44-Baseline] epoch 24/30  train_loss=1.1111  val_loss=1.2823  val_dice=0.0312  lr=4.11e-05
4908.9s 2204 [fold4-seed44-Baseline] epoch 25/30  train_loss=1.1080  val_loss=1.3034  val_dice=0.0324  lr=3.14e-05
4910.7s 2205 [fold4-seed44-Baseline] epoch 26/30  train_loss=1.1061  val_loss=1.2786  val_dice=0.0320  lr=2.29e-05
4912.4s 2206 [fold4-seed44-Baseline] epoch 27/30  train_loss=1.1057  val_loss=1.3341  val_dice=0.0328  lr=1.58e-05
4914.2s 2207 [fold4-seed44-Baseline] epoch 28/30  train_loss=1.1048  val_loss=1.3256  val_dice=0.0328  lr=1.03e-05
4916.0s 2208 [fold4-seed44-Baseline] epoch 29/30  train_loss=1.1042  val_loss=1.3254  val_dice=0.0330  lr=6.25e-06
4916.0s 2209 [fold4-seed44-Baseline] early stopping at epoch 29 (no improvement in val dice for 6 epochs; best was epoch 23)
4919.5s 2210 [fold4-seed44-SCL] epoch 01/30  train_loss=1.3694  val_loss=1.6717  val_dice=0.0163  lr=3.00e-04 *
4923.0s 2211 [fold4-seed44-SCL] epoch 02/30  train_loss=1.1991  val_loss=1.3871  val_dice=0.0212  lr=2.99e-04 *
4926.4s 2212 [fold4-seed44-SCL] epoch 03/30  train_loss=1.1734  val_loss=1.2440  val_dice=0.0230  lr=2.97e-04 *
4930.0s 2213 [fold4-seed44-SCL] epoch 04/30  train_loss=1.1661  val_loss=1.2228  val_dice=0.0246  lr=2.93e-04 *
4933.4s 2214 [fold4-seed44-SCL] epoch 05/30  train_loss=1.1584  val_loss=1.2490  val_dice=0.0260  lr=2.87e-04 *
4936.8s 2215 [fold4-seed44-SCL] epoch 06/30  train_loss=1.1582  val_loss=1.3456  val_dice=0.0245  lr=2.80e-04
4940.2s 2216 [fold4-seed44-SCL] epoch 07/30  train_loss=1.1549  val_loss=1.2107  val_dice=0.0240  lr=2.72e-04
4943.8s 2217 [fold4-seed44-SCL] epoch 08/30  train_loss=1.1510  val_loss=1.2669  val_dice=0.0233  lr=2.62e-04
4947.2s 2218 [fold4-seed44-SCL] epoch 09/30  train_loss=1.1463  val_loss=1.2806  val_dice=0.0264  lr=2.51e-04 *
4950.7s 2219 [fold4-seed44-SCL] epoch 10/30  train_loss=1.1450  val_loss=1.3845  val_dice=0.0251  lr=2.39e-04
4954.3s 2220 [fold4-seed44-SCL] epoch 11/30  train_loss=1.1375  val_loss=1.3770  val_dice=0.0281  lr=2.26e-04 *
4957.7s 2221 [fold4-seed44-SCL] epoch 12/30  train_loss=1.1336  val_loss=1.2533  val_dice=0.0291  lr=2.12e-04 *
4961.4s 2222 [fold4-seed44-SCL] epoch 13/30  train_loss=1.1295  val_loss=1.2593  val_dice=0.0295  lr=1.97e-04 *
4964.7s 2223 [fold4-seed44-SCL] epoch 14/30  train_loss=1.1278  val_loss=1.2543  val_dice=0.0283  lr=1.82e-04
4968.2s 2224 [fold4-seed44-SCL] epoch 15/30  train_loss=1.1251  val_loss=1.2889  val_dice=0.0291  lr=1.67e-04
4971.6s 2225 [fold4-seed44-SCL] epoch 16/30  train_loss=1.1230  val_loss=1.2358  val_dice=0.0292  lr=1.51e-04
4975.1s 2226 [fold4-seed44-SCL] epoch 17/30  train_loss=1.1192  val_loss=1.3417  val_dice=0.0316  lr=1.36e-04 *
4978.6s 2227 [fold4-seed44-SCL] epoch 18/30  train_loss=1.1164  val_loss=1.3069  val_dice=0.0322  lr=1.21e-04 *
4982.0s 2228 [fold4-seed44-SCL] epoch 19/30  train_loss=1.1146  val_loss=1.3991  val_dice=0.0309  lr=1.06e-04
4985.5s 2229 [fold4-seed44-SCL] epoch 20/30  train_loss=1.1120  val_loss=1.3634  val_dice=0.0329  lr=9.11e-05 *
4989.0s 2230 [fold4-seed44-SCL] epoch 21/30  train_loss=1.1121  val_loss=1.3540  val_dice=0.0310  lr=7.73e-05
4992.6s 2231 [fold4-seed44-SCL] epoch 22/30  train_loss=1.1112  val_loss=1.2804  val_dice=0.0315  lr=6.42e-05
4996.0s 2232 [fold4-seed44-SCL] epoch 23/30  train_loss=1.1072  val_loss=1.3283  val_dice=0.0317  lr=5.21e-05
4999.4s 2233 [fold4-seed44-SCL] epoch 24/30  train_loss=1.1060  val_loss=1.3178  val_dice=0.0303  lr=4.11e-05
5002.9s 2234 [fold4-seed44-SCL] epoch 25/30  train_loss=1.1033  val_loss=1.3851  val_dice=0.0326  lr=3.14e-05
5006.4s 2235 [fold4-seed44-SCL] epoch 26/30  train_loss=1.1023  val_loss=1.3718  val_dice=0.0323  lr=2.29e-05
5006.4s 2236 [fold4-seed44-SCL] early stopping at epoch 26 (no improvement in val dice for 6 epochs; best was epoch 20)
5008.1s 2237 [checkpoint] saved fold 4 seed 44 results -> outputs/kfold_checkpoint_2d.csv
5008.1s 2238 
5008.1s 2239 ===== Fold 4/5  |  seed 45 (4/5) =====
5008.7s 2240 lambda=0.20  alpha=0.02  ->  lesion-discrimination AUC = 0.4359  (n=8/8 usable batches)
5009.0s 2241 lambda=0.20  alpha=0.05  ->  lesion-discrimination AUC = 0.4578  (n=8/8 usable batches)
5009.3s 2242 lambda=0.20  alpha=0.10  ->  lesion-discrimination AUC = 0.3962  (n=8/8 usable batches)
5009.6s 2243 lambda=0.20  alpha=0.20  ->  lesion-discrimination AUC = 0.4418  (n=8/8 usable batches)
5009.9s 2244 lambda=0.40  alpha=0.02  ->  lesion-discrimination AUC = 0.4474  (n=8/8 usable batches)
5010.2s 2245 lambda=0.40  alpha=0.05  ->  lesion-discrimination AUC = 0.3959  (n=8/8 usable batches)
5010.5s 2246 lambda=0.40  alpha=0.10  ->  lesion-discrimination AUC = 0.4110  (n=8/8 usable batches)
5010.9s 2247 lambda=0.40  alpha=0.20  ->  lesion-discrimination AUC = 0.4040  (n=8/8 usable batches)
5011.2s 2248 lambda=0.60  alpha=0.02  ->  lesion-discrimination AUC = 0.4119  (n=8/8 usable batches)
5011.5s 2249 lambda=0.60  alpha=0.05  ->  lesion-discrimination AUC = 0.3815  (n=8/8 usable batches)
5011.8s 2250 lambda=0.60  alpha=0.10  ->  lesion-discrimination AUC = 0.3736  (n=8/8 usable batches)
5012.1s 2251 lambda=0.60  alpha=0.20  ->  lesion-discrimination AUC = 0.4591  (n=8/8 usable batches)
5012.5s 2252 lambda=0.80  alpha=0.02  ->  lesion-discrimination AUC = 0.4140  (n=8/8 usable batches)
5012.8s 2253 lambda=0.80  alpha=0.05  ->  lesion-discrimination AUC = 0.4047  (n=8/8 usable batches)
5013.1s 2254 lambda=0.80  alpha=0.10  ->  lesion-discrimination AUC = 0.3870  (n=8/8 usable batches)
5013.4s 2255 lambda=0.80  alpha=0.20  ->  lesion-discrimination AUC = 0.4198  (n=8/8 usable batches)
5013.7s 2256 /tmp/ipykernel_23/1756534611.py:49: FutureWarning: `torch.cuda.amp.GradScaler(args...)` is deprecated. Please use `torch.amp.GradScaler('cuda', args...)` instead.
5013.7s 2257 scaler = torch.cuda.amp.GradScaler(enabled=use_amp)
5013.7s 2258 
5013.7s 2259 /tmp/ipykernel_23/1756534611.py:49: FutureWarning: `torch.cuda.amp.GradScaler(args...)` is deprecated. Please use `torch.amp.GradScaler('cuda', args...)` instead.
5013.7s 2260 scaler = torch.cuda.amp.GradScaler(enabled=use_amp)
5015.8s 2261 [fold4-seed45-Baseline] epoch 01/30  train_loss=1.2811  val_loss=1.2318  val_dice=0.0203  lr=3.00e-04 *
5017.6s 2262 [fold4-seed45-Baseline] epoch 02/30  train_loss=1.1727  val_loss=1.3501  val_dice=0.0142  lr=2.99e-04
5019.4s 2263 [fold4-seed45-Baseline] epoch 03/30  train_loss=1.1671  val_loss=1.2752  val_dice=0.0159  lr=2.97e-04
5021.1s 2264 [fold4-seed45-Baseline] epoch 04/30  train_loss=1.1608  val_loss=1.2291  val_dice=0.0168  lr=2.93e-04
5023.1s 2265 [fold4-seed45-Baseline] epoch 05/30  train_loss=1.1578  val_loss=1.2636  val_dice=0.0158  lr=2.87e-04
5024.7s 2266 [fold4-seed45-Baseline] epoch 06/30  train_loss=1.1575  val_loss=1.3033  val_dice=0.0164  lr=2.80e-04
5026.5s 2267 [fold4-seed45-Baseline] epoch 07/30  train_loss=1.1550  val_loss=1.2575  val_dice=0.0177  lr=2.72e-04
5026.5s 2268 [fold4-seed45-Baseline] early stopping at epoch 7 (no improvement in val dice for 6 epochs; best was epoch 1)
5030.7s 2269 [fold4-seed45-SCL] epoch 01/30  train_loss=1.3084  val_loss=1.2463  val_dice=0.0224  lr=3.00e-04 *
5034.2s 2270 [fold4-seed45-SCL] epoch 02/30  train_loss=1.1745  val_loss=1.2387  val_dice=0.0150  lr=2.99e-04
5037.8s 2271 [fold4-seed45-SCL] epoch 03/30  train_loss=1.1666  val_loss=1.2299  val_dice=0.0165  lr=2.97e-04
5041.5s 2272 [fold4-seed45-SCL] epoch 04/30  train_loss=1.1629  val_loss=1.2474  val_dice=0.0160  lr=2.93e-04
5045.1s 2273 [fold4-seed45-SCL] epoch 05/30  train_loss=1.1598  val_loss=1.2296  val_dice=0.0171  lr=2.87e-04
5048.6s 2274 [fold4-seed45-SCL] epoch 06/30  train_loss=1.1584  val_loss=1.2312  val_dice=0.0173  lr=2.80e-04
5052.1s 2275 [fold4-seed45-SCL] epoch 07/30  train_loss=1.1573  val_loss=1.2339  val_dice=0.0169  lr=2.72e-04
5052.1s 2276 [fold4-seed45-SCL] early stopping at epoch 7 (no improvement in val dice for 6 epochs; best was epoch 1)
5053.9s 2277 [checkpoint] saved fold 4 seed 45 results -> outputs/kfold_checkpoint_2d.csv
5053.9s 2278 
5053.9s 2279 ===== Fold 4/5  |  seed 46 (5/5) =====
5054.5s 2280 lambda=0.20  alpha=0.02  ->  lesion-discrimination AUC = 0.3696  (n=8/8 usable batches)
5054.8s 2281 lambda=0.20  alpha=0.05  ->  lesion-discrimination AUC = 0.3850  (n=8/8 usable batches)
5055.1s 2282 lambda=0.20  alpha=0.10  ->  lesion-discrimination AUC = 0.4343  (n=8/8 usable batches)
5055.4s 2283 lambda=0.20  alpha=0.20  ->  lesion-discrimination AUC = 0.3758  (n=8/8 usable batches)
5055.7s 2284 lambda=0.40  alpha=0.02  ->  lesion-discrimination AUC = 0.4107  (n=8/8 usable batches)
5056.0s 2285 lambda=0.40  alpha=0.05  ->  lesion-discrimination AUC = 0.3979  (n=8/8 usable batches)
5056.3s 2286 lambda=0.40  alpha=0.10  ->  lesion-discrimination AUC = 0.4318  (n=8/8 usable batches)
5056.6s 2287 lambda=0.40  alpha=0.20  ->  lesion-discrimination AUC = 0.4202  (n=8/8 usable batches)
5056.9s 2288 lambda=0.60  alpha=0.02  ->  lesion-discrimination AUC = 0.3704  (n=8/8 usable batches)
5057.2s 2289 lambda=0.60  alpha=0.05  ->  lesion-discrimination AUC = 0.4183  (n=8/8 usable batches)
5057.6s 2290 lambda=0.60  alpha=0.10  ->  lesion-discrimination AUC = 0.3611  (n=8/8 usable batches)
5057.9s 2291 lambda=0.60  alpha=0.20  ->  lesion-discrimination AUC = 0.4257  (n=8/8 usable batches)
5058.2s 2292 lambda=0.80  alpha=0.02  ->  lesion-discrimination AUC = 0.3928  (n=8/8 usable batches)
5058.5s 2293 lambda=0.80  alpha=0.05  ->  lesion-discrimination AUC = 0.3647  (n=8/8 usable batches)
5058.8s 2294 lambda=0.80  alpha=0.10  ->  lesion-discrimination AUC = 0.3992  (n=8/8 usable batches)
5059.1s 2295 lambda=0.80  alpha=0.20  ->  lesion-discrimination AUC = 0.3936  (n=8/8 usable batches)
5059.5s 2296 /tmp/ipykernel_23/1756534611.py:49: FutureWarning: `torch.cuda.amp.GradScaler(args...)` is deprecated. Please use `torch.amp.GradScaler('cuda', args...)` instead.
5059.5s 2297 scaler = torch.cuda.amp.GradScaler(enabled=use_amp)
5059.5s 2298 
5059.5s 2299 /tmp/ipykernel_23/1756534611.py:49: FutureWarning: `torch.cuda.amp.GradScaler(args...)` is deprecated. Please use `torch.amp.GradScaler('cuda', args...)` instead.
5059.5s 2300 scaler = torch.cuda.amp.GradScaler(enabled=use_amp)
5061.6s 2301 [fold4-seed46-Baseline] epoch 01/30  train_loss=1.2827  val_loss=1.2039  val_dice=0.0157  lr=3.00e-04 *
5063.3s 2302 [fold4-seed46-Baseline] epoch 02/30  train_loss=1.1798  val_loss=1.1732  val_dice=0.0132  lr=2.99e-04
5065.1s 2303 [fold4-seed46-Baseline] epoch 03/30  train_loss=1.1753  val_loss=1.1952  val_dice=0.0152  lr=2.97e-04
5066.8s 2304 [fold4-seed46-Baseline] epoch 04/30  train_loss=1.1736  val_loss=1.1443  val_dice=0.0147  lr=2.93e-04
5068.6s 2305 [fold4-seed46-Baseline] epoch 05/30  train_loss=1.1683  val_loss=1.1578  val_dice=0.0155  lr=2.87e-04
5070.4s 2306 [fold4-seed46-Baseline] epoch 06/30  train_loss=1.1660  val_loss=1.1682  val_dice=0.0164  lr=2.80e-04 *
5072.2s 2307 [fold4-seed46-Baseline] epoch 07/30  train_loss=1.1642  val_loss=1.1829  val_dice=0.0177  lr=2.72e-04 *
5073.9s 2308 [fold4-seed46-Baseline] epoch 08/30  train_loss=1.1637  val_loss=1.1456  val_dice=0.0191  lr=2.62e-04 *
5075.7s 2309 [fold4-seed46-Baseline] epoch 09/30  train_loss=1.1625  val_loss=1.1552  val_dice=0.0179  lr=2.51e-04
5077.5s 2310 [fold4-seed46-Baseline] epoch 10/30  train_loss=1.1593  val_loss=1.1442  val_dice=0.0168  lr=2.39e-04
5079.3s 2311 [fold4-seed46-Baseline] epoch 11/30  train_loss=1.1526  val_loss=1.1297  val_dice=0.0186  lr=2.26e-04
5081.1s 2312 [fold4-seed46-Baseline] epoch 12/30  train_loss=1.1499  val_loss=1.1272  val_dice=0.0193  lr=2.12e-04 *
5082.9s 2313 [fold4-seed46-Baseline] epoch 13/30  train_loss=1.1507  val_loss=1.1206  val_dice=0.0186  lr=1.97e-04
5084.7s 2314 [fold4-seed46-Baseline] epoch 14/30  train_loss=1.1457  val_loss=1.0975  val_dice=0.0235  lr=1.82e-04 *
5086.4s 2315 [fold4-seed46-Baseline] epoch 15/30  train_loss=1.1449  val_loss=1.1083  val_dice=0.0195  lr=1.67e-04
5088.2s 2316 [fold4-seed46-Baseline] epoch 16/30  train_loss=1.1415  val_loss=1.1338  val_dice=0.0248  lr=1.51e-04 *
5090.0s 2317 [fold4-seed46-Baseline] epoch 17/30  train_loss=1.1392  val_loss=1.0906  val_dice=0.0252  lr=1.36e-04 *
5091.8s 2318 [fold4-seed46-Baseline] epoch 18/30  train_loss=1.1376  val_loss=1.1134  val_dice=0.0258  lr=1.21e-04 *
5093.6s 2319 [fold4-seed46-Baseline] epoch 19/30  train_loss=1.1350  val_loss=1.0889  val_dice=0.0257  lr=1.06e-04
5095.4s 2320 [fold4-seed46-Baseline] epoch 20/30  train_loss=1.1338  val_loss=1.0860  val_dice=0.0246  lr=9.11e-05
5097.1s 2321 [fold4-seed46-Baseline] epoch 21/30  train_loss=1.1291  val_loss=1.0835  val_dice=0.0272  lr=7.73e-05 *
5098.9s 2322 [fold4-seed46-Baseline] epoch 22/30  train_loss=1.1295  val_loss=1.0819  val_dice=0.0271  lr=6.42e-05
5100.7s 2323 [fold4-seed46-Baseline] epoch 23/30  train_loss=1.1282  val_loss=1.0830  val_dice=0.0341  lr=5.21e-05 *
5102.5s 2324 [fold4-seed46-Baseline] epoch 24/30  train_loss=1.1240  val_loss=1.0783  val_dice=0.0317  lr=4.11e-05
5104.2s 2325 [fold4-seed46-Baseline] epoch 25/30  train_loss=1.1234  val_loss=1.0774  val_dice=0.0306  lr=3.14e-05
5106.0s 2326 [fold4-seed46-Baseline] epoch 26/30  train_loss=1.1227  val_loss=1.0791  val_dice=0.0323  lr=2.29e-05
5107.8s 2327 [fold4-seed46-Baseline] epoch 27/30  train_loss=1.1210  val_loss=1.0778  val_dice=0.0323  lr=1.58e-05
5109.6s 2328 [fold4-seed46-Baseline] epoch 28/30  train_loss=1.1183  val_loss=1.0795  val_dice=0.0328  lr=1.03e-05
5111.3s 2329 [fold4-seed46-Baseline] epoch 29/30  train_loss=1.1214  val_loss=1.0775  val_dice=0.0323  lr=6.25e-06
5111.3s 2330 [fold4-seed46-Baseline] early stopping at epoch 29 (no improvement in val dice for 6 epochs; best was epoch 23)
5115.4s 2331 [fold4-seed46-SCL] epoch 01/30  train_loss=1.2864  val_loss=1.3106  val_dice=0.0124  lr=3.00e-04 *
5118.7s 2332 [fold4-seed46-SCL] epoch 02/30  train_loss=1.1846  val_loss=1.1665  val_dice=0.0137  lr=2.99e-04 *
5122.2s 2333 [fold4-seed46-SCL] epoch 03/30  train_loss=1.1787  val_loss=1.1801  val_dice=0.0138  lr=2.97e-04 *
5125.7s 2334 [fold4-seed46-SCL] epoch 04/30  train_loss=1.1709  val_loss=1.1544  val_dice=0.0157  lr=2.93e-04 *
5129.1s 2335 [fold4-seed46-SCL] epoch 05/30  train_loss=1.1785  val_loss=1.2221  val_dice=0.0140  lr=2.87e-04
5132.5s 2336 [fold4-seed46-SCL] epoch 06/30  train_loss=1.1696  val_loss=1.1435  val_dice=0.0148  lr=2.80e-04
5136.0s 2337 [fold4-seed46-SCL] epoch 07/30  train_loss=1.1640  val_loss=1.1355  val_dice=0.0175  lr=2.72e-04 *
5139.6s 2338 [fold4-seed46-SCL] epoch 08/30  train_loss=1.1645  val_loss=1.1301  val_dice=0.0165  lr=2.62e-04
5143.0s 2339 [fold4-seed46-SCL] epoch 09/30  train_loss=1.1617  val_loss=1.1394  val_dice=0.0164  lr=2.51e-04
5146.6s 2340 [fold4-seed46-SCL] epoch 10/30  train_loss=1.1606  val_loss=1.1588  val_dice=0.0175  lr=2.39e-04
5150.0s 2341 [fold4-seed46-SCL] epoch 11/30  train_loss=1.1573  val_loss=1.1402  val_dice=0.0196  lr=2.26e-04 *
5153.5s 2342 [fold4-seed46-SCL] epoch 12/30  train_loss=1.1509  val_loss=1.1230  val_dice=0.0197  lr=2.12e-04 *
5157.0s 2343 [fold4-seed46-SCL] epoch 13/30  train_loss=1.1532  val_loss=1.1537  val_dice=0.0205  lr=1.97e-04 *
5160.4s 2344 [fold4-seed46-SCL] epoch 14/30  train_loss=1.1502  val_loss=1.1172  val_dice=0.0214  lr=1.82e-04 *
5163.9s 2345 [fold4-seed46-SCL] epoch 15/30  train_loss=1.1445  val_loss=1.1150  val_dice=0.0193  lr=1.67e-04
5167.4s 2346 [fold4-seed46-SCL] epoch 16/30  train_loss=1.1410  val_loss=1.1152  val_dice=0.0224  lr=1.51e-04 *
5170.8s 2347 [fold4-seed46-SCL] epoch 17/30  train_loss=1.1412  val_loss=1.1061  val_dice=0.0220  lr=1.36e-04
5174.3s 2348 [fold4-seed46-SCL] epoch 18/30  train_loss=1.1413  val_loss=1.1136  val_dice=0.0228  lr=1.21e-04 *
5177.9s 2349 [fold4-seed46-SCL] epoch 19/30  train_loss=1.1352  val_loss=1.1017  val_dice=0.0253  lr=1.06e-04 *
5181.3s 2350 [fold4-seed46-SCL] epoch 20/30  train_loss=1.1326  val_loss=1.1157  val_dice=0.0238  lr=9.11e-05
5184.7s 2351 [fold4-seed46-SCL] epoch 21/30  train_loss=1.1302  val_loss=1.1076  val_dice=0.0259  lr=7.73e-05 *
5188.2s 2352 [fold4-seed46-SCL] epoch 22/30  train_loss=1.1259  val_loss=1.1101  val_dice=0.0233  lr=6.42e-05
5191.7s 2353 [fold4-seed46-SCL] epoch 23/30  train_loss=1.1261  val_loss=1.0900  val_dice=0.0249  lr=5.21e-05
5195.2s 2354 [fold4-seed46-SCL] epoch 24/30  train_loss=1.1269  val_loss=1.0937  val_dice=0.0253  lr=4.11e-05
5198.8s 2355 [fold4-seed46-SCL] epoch 25/30  train_loss=1.1238  val_loss=1.0943  val_dice=0.0268  lr=3.14e-05 *
5202.3s 2356 [fold4-seed46-SCL] epoch 26/30  train_loss=1.1215  val_loss=1.0955  val_dice=0.0266  lr=2.29e-05
5205.9s 2357 [fold4-seed46-SCL] epoch 27/30  train_loss=1.1227  val_loss=1.0932  val_dice=0.0253  lr=1.58e-05
5209.4s 2358 [fold4-seed46-SCL] epoch 28/30  train_loss=1.1194  val_loss=1.0987  val_dice=0.0266  lr=1.03e-05
5212.8s 2359 [fold4-seed46-SCL] epoch 29/30  train_loss=1.1193  val_loss=1.0986  val_dice=0.0266  lr=6.25e-06
5216.3s 2360 [fold4-seed46-SCL] epoch 30/30  train_loss=1.1190  val_loss=1.0964  val_dice=0.0265  lr=3.81e-06
5218.1s 2361 [checkpoint] saved fold 4 seed 46 results -> outputs/kfold_checkpoint_2d.csv
5218.1s 2362 
5218.1s 2363 [kfold] fold 5/5: loading 16 train/val + 4 test patient(s) into cache...
5334.0s 2364 [SliceCache] loaded + precomputed 16 patient(s), 687 usable slice(s).
5362.7s 2365 [SliceCache] loaded + precomputed 4 patient(s), 174 usable slice(s).
5362.7s 2366 
5362.7s 2367 ===== Fold 5/5  |  seed 42 (1/5) =====
5363.4s 2368 lambda=0.20  alpha=0.02  ->  lesion-discrimination AUC = 0.3757  (n=8/8 usable batches)
5363.7s 2369 lambda=0.20  alpha=0.05  ->  lesion-discrimination AUC = 0.3932  (n=8/8 usable batches)
5364.2s 2370 lambda=0.20  alpha=0.10  ->  lesion-discrimination AUC = 0.3897  (n=8/8 usable batches)
5364.3s 2371 lambda=0.20  alpha=0.20  ->  lesion-discrimination AUC = 0.3713  (n=8/8 usable batches)
5364.6s 2372 lambda=0.40  alpha=0.02  ->  lesion-discrimination AUC = 0.4030  (n=8/8 usable batches)
5364.9s 2373 lambda=0.40  alpha=0.05  ->  lesion-discrimination AUC = 0.4127  (n=8/8 usable batches)
5365.3s 2374 lambda=0.40  alpha=0.10  ->  lesion-discrimination AUC = 0.3955  (n=8/8 usable batches)
5365.6s 2375 lambda=0.40  alpha=0.20  ->  lesion-discrimination AUC = 0.3855  (n=8/8 usable batches)
5365.9s 2376 lambda=0.60  alpha=0.02  ->  lesion-discrimination AUC = 0.3908  (n=8/8 usable batches)
5366.3s 2377 lambda=0.60  alpha=0.05  ->  lesion-discrimination AUC = 0.3909  (n=8/8 usable batches)
5366.6s 2378 lambda=0.60  alpha=0.10  ->  lesion-discrimination AUC = 0.4352  (n=8/8 usable batches)
5366.9s 2379 lambda=0.60  alpha=0.20  ->  lesion-discrimination AUC = 0.3621  (n=8/8 usable batches)
5367.2s 2380 lambda=0.80  alpha=0.02  ->  lesion-discrimination AUC = 0.4326  (n=8/8 usable batches)
5367.5s 2381 lambda=0.80  alpha=0.05  ->  lesion-discrimination AUC = 0.3931  (n=8/8 usable batches)
5367.8s 2382 lambda=0.80  alpha=0.10  ->  lesion-discrimination AUC = 0.4054  (n=8/8 usable batches)
5368.1s 2383 lambda=0.80  alpha=0.20  ->  lesion-discrimination AUC = 0.3936  (n=8/8 usable batches)
5368.5s 2384 /tmp/ipykernel_23/1756534611.py:49: FutureWarning: `torch.cuda.amp.GradScaler(args...)` is deprecated. Please use `torch.amp.GradScaler('cuda', args...)` instead.
5368.5s 2385 scaler = torch.cuda.amp.GradScaler(enabled=use_amp)
5368.5s 2386 
5368.5s 2387 /tmp/ipykernel_23/1756534611.py:49: FutureWarning: `torch.cuda.amp.GradScaler(args...)` is deprecated. Please use `torch.amp.GradScaler('cuda', args...)` instead.
5368.5s 2388 scaler = torch.cuda.amp.GradScaler(enabled=use_amp)
5370.5s 2389 [fold5-seed42-Baseline] epoch 01/30  train_loss=1.3822  val_loss=1.1905  val_dice=0.0049  lr=3.00e-04 *
5372.3s 2390 [fold5-seed42-Baseline] epoch 02/30  train_loss=1.1939  val_loss=1.1931  val_dice=0.0040  lr=2.99e-04
5374.1s 2391 [fold5-seed42-Baseline] epoch 03/30  train_loss=1.1759  val_loss=1.1268  val_dice=0.0055  lr=2.97e-04 *
5375.8s 2392 [fold5-seed42-Baseline] epoch 04/30  train_loss=1.1724  val_loss=1.0997  val_dice=0.0059  lr=2.93e-04 *
5377.6s 2393 [fold5-seed42-Baseline] epoch 05/30  train_loss=1.1696  val_loss=1.0854  val_dice=0.0068  lr=2.87e-04 *
5379.4s 2394 [fold5-seed42-Baseline] epoch 06/30  train_loss=1.1653  val_loss=1.1006  val_dice=0.0055  lr=2.80e-04
5381.2s 2395 [fold5-seed42-Baseline] epoch 07/30  train_loss=1.1637  val_loss=1.0947  val_dice=0.0062  lr=2.72e-04
5382.9s 2396 [fold5-seed42-Baseline] epoch 08/30  train_loss=1.1600  val_loss=1.1068  val_dice=0.0052  lr=2.62e-04
5384.7s 2397 [fold5-seed42-Baseline] epoch 09/30  train_loss=1.1554  val_loss=1.1181  val_dice=0.0055  lr=2.51e-04
5386.5s 2398 [fold5-seed42-Baseline] epoch 10/30  train_loss=1.1539  val_loss=1.0832  val_dice=0.0079  lr=2.39e-04 *
5388.3s 2399 [fold5-seed42-Baseline] epoch 11/30  train_loss=1.1479  val_loss=1.0883  val_dice=0.0075  lr=2.26e-04
5390.1s 2400 [fold5-seed42-Baseline] epoch 12/30  train_loss=1.1471  val_loss=1.0972  val_dice=0.0063  lr=2.12e-04
5391.9s 2401 [fold5-seed42-Baseline] epoch 13/30  train_loss=1.1465  val_loss=1.0881  val_dice=0.0062  lr=1.97e-04
5393.7s 2402 [fold5-seed42-Baseline] epoch 14/30  train_loss=1.1399  val_loss=1.0781  val_dice=0.0075  lr=1.82e-04
5395.6s 2403 [fold5-seed42-Baseline] epoch 15/30  train_loss=1.1354  val_loss=1.0958  val_dice=0.0073  lr=1.67e-04
5397.3s 2404 [fold5-seed42-Baseline] epoch 16/30  train_loss=1.1373  val_loss=1.0897  val_dice=0.0072  lr=1.51e-04
5397.3s 2405 [fold5-seed42-Baseline] early stopping at epoch 16 (no improvement in val dice for 6 epochs; best was epoch 10)
5400.8s 2406 [fold5-seed42-SCL] epoch 01/30  train_loss=1.3297  val_loss=1.1533  val_dice=0.0051  lr=3.00e-04 *
5404.5s 2407 [fold5-seed42-SCL] epoch 02/30  train_loss=1.1939  val_loss=1.1097  val_dice=0.0049  lr=2.99e-04
5408.0s 2408 [fold5-seed42-SCL] epoch 03/30  train_loss=1.1780  val_loss=1.1127  val_dice=0.0049  lr=2.97e-04
5411.5s 2409 [fold5-seed42-SCL] epoch 04/30  train_loss=1.1767  val_loss=1.1177  val_dice=0.0044  lr=2.93e-04
5415.0s 2410 [fold5-seed42-SCL] epoch 05/30  train_loss=1.1696  val_loss=1.1215  val_dice=0.0050  lr=2.87e-04
5418.6s 2411 [fold5-seed42-SCL] epoch 06/30  train_loss=1.1660  val_loss=1.1085  val_dice=0.0045  lr=2.80e-04
5422.2s 2412 [fold5-seed42-SCL] epoch 07/30  train_loss=1.1660  val_loss=1.0981  val_dice=0.0053  lr=2.72e-04 *
5425.9s 2413 [fold5-seed42-SCL] epoch 08/30  train_loss=1.1635  val_loss=1.0991  val_dice=0.0050  lr=2.62e-04
5429.2s 2414 [fold5-seed42-SCL] epoch 09/30  train_loss=1.1592  val_loss=1.0879  val_dice=0.0061  lr=2.51e-04 *
5432.6s 2415 [fold5-seed42-SCL] epoch 10/30  train_loss=1.1570  val_loss=1.0938  val_dice=0.0059  lr=2.39e-04
5436.0s 2416 [fold5-seed42-SCL] epoch 11/30  train_loss=1.1585  val_loss=1.1048  val_dice=0.0057  lr=2.26e-04
5439.5s 2417 [fold5-seed42-SCL] epoch 12/30  train_loss=1.1554  val_loss=1.0913  val_dice=0.0057  lr=2.12e-04
5443.0s 2418 [fold5-seed42-SCL] epoch 13/30  train_loss=1.1528  val_loss=1.0911  val_dice=0.0063  lr=1.97e-04 *
5446.5s 2419 [fold5-seed42-SCL] epoch 14/30  train_loss=1.1480  val_loss=1.0948  val_dice=0.0059  lr=1.82e-04
5450.0s 2420 [fold5-seed42-SCL] epoch 15/30  train_loss=1.1448  val_loss=1.0897  val_dice=0.0064  lr=1.67e-04 *
5453.4s 2421 [fold5-seed42-SCL] epoch 16/30  train_loss=1.1402  val_loss=1.0999  val_dice=0.0048  lr=1.51e-04
5456.9s 2422 [fold5-seed42-SCL] epoch 17/30  train_loss=1.1389  val_loss=1.1210  val_dice=0.0051  lr=1.36e-04
5460.4s 2423 [fold5-seed42-SCL] epoch 18/30  train_loss=1.1387  val_loss=1.0973  val_dice=0.0054  lr=1.21e-04
5463.8s 2424 [fold5-seed42-SCL] epoch 19/30  train_loss=1.1354  val_loss=1.0922  val_dice=0.0056  lr=1.06e-04
5467.4s 2425 [fold5-seed42-SCL] epoch 20/30  train_loss=1.1308  val_loss=1.0853  val_dice=0.0069  lr=9.11e-05 *
5470.8s 2426 [fold5-seed42-SCL] epoch 21/30  train_loss=1.1287  val_loss=1.0937  val_dice=0.0065  lr=7.73e-05
5474.3s 2427 [fold5-seed42-SCL] epoch 22/30  train_loss=1.1275  val_loss=1.0911  val_dice=0.0072  lr=6.42e-05 *
5477.7s 2428 [fold5-seed42-SCL] epoch 23/30  train_loss=1.1215  val_loss=1.0855  val_dice=0.0075  lr=5.21e-05 *
5481.2s 2429 [fold5-seed42-SCL] epoch 24/30  train_loss=1.1214  val_loss=1.0898  val_dice=0.0071  lr=4.11e-05
5484.7s 2430 [fold5-seed42-SCL] epoch 25/30  train_loss=1.1191  val_loss=1.0893  val_dice=0.0073  lr=3.14e-05
5488.2s 2431 [fold5-seed42-SCL] epoch 26/30  train_loss=1.1169  val_loss=1.0902  val_dice=0.0066  lr=2.29e-05
5491.7s 2432 [fold5-seed42-SCL] epoch 27/30  train_loss=1.1183  val_loss=1.0885  val_dice=0.0071  lr=1.58e-05
5495.1s 2433 [fold5-seed42-SCL] epoch 28/30  train_loss=1.1142  val_loss=1.0887  val_dice=0.0070  lr=1.03e-05
5498.5s 2434 [fold5-seed42-SCL] epoch 29/30  train_loss=1.1150  val_loss=1.0913  val_dice=0.0069  lr=6.25e-06
5498.5s 2435 [fold5-seed42-SCL] early stopping at epoch 29 (no improvement in val dice for 6 epochs; best was epoch 23)
5500.6s 2436 [checkpoint] saved fold 5 seed 42 results -> outputs/kfold_checkpoint_2d.csv
5500.6s 2437 
5500.6s 2438 ===== Fold 5/5  |  seed 43 (2/5) =====
5501.3s 2439 lambda=0.20  alpha=0.02  ->  lesion-discrimination AUC = 0.4494  (n=8/8 usable batches)
5501.6s 2440 lambda=0.20  alpha=0.05  ->  lesion-discrimination AUC = 0.3401  (n=8/8 usable batches)
5501.9s 2441 lambda=0.20  alpha=0.10  ->  lesion-discrimination AUC = 0.3841  (n=8/8 usable batches)
5502.2s 2442 lambda=0.20  alpha=0.20  ->  lesion-discrimination AUC = 0.4152  (n=8/8 usable batches)
5502.5s 2443 lambda=0.40  alpha=0.02  ->  lesion-discrimination AUC = 0.3952  (n=8/8 usable batches)
5502.8s 2444 lambda=0.40  alpha=0.05  ->  lesion-discrimination AUC = 0.3750  (n=8/8 usable batches)
5503.2s 2445 lambda=0.40  alpha=0.10  ->  lesion-discrimination AUC = 0.3889  (n=8/8 usable batches)
5503.5s 2446 lambda=0.40  alpha=0.20  ->  lesion-discrimination AUC = 0.4150  (n=8/8 usable batches)
5503.8s 2447 lambda=0.60  alpha=0.02  ->  lesion-discrimination AUC = 0.4429  (n=8/8 usable batches)
5504.1s 2448 lambda=0.60  alpha=0.05  ->  lesion-discrimination AUC = 0.4098  (n=8/8 usable batches)
5504.4s 2449 lambda=0.60  alpha=0.10  ->  lesion-discrimination AUC = 0.4360  (n=8/8 usable batches)
5504.7s 2450 lambda=0.60  alpha=0.20  ->  lesion-discrimination AUC = 0.4505  (n=8/8 usable batches)
5505.0s 2451 lambda=0.80  alpha=0.02  ->  lesion-discrimination AUC = 0.3926  (n=8/8 usable batches)
5505.3s 2452 lambda=0.80  alpha=0.05  ->  lesion-discrimination AUC = 0.4347  (n=8/8 usable batches)
5505.6s 2453 lambda=0.80  alpha=0.10  ->  lesion-discrimination AUC = 0.3705  (n=8/8 usable batches)
5506.0s 2454 lambda=0.80  alpha=0.20  ->  lesion-discrimination AUC = 0.4098  (n=8/8 usable batches)
5506.4s 2455 /tmp/ipykernel_23/1756534611.py:49: FutureWarning: `torch.cuda.amp.GradScaler(args...)` is deprecated. Please use `torch.amp.GradScaler('cuda', args...)` instead.
5506.4s 2456 scaler = torch.cuda.amp.GradScaler(enabled=use_amp)
5506.4s 2457 
5506.4s 2458 /tmp/ipykernel_23/1756534611.py:49: FutureWarning: `torch.cuda.amp.GradScaler(args...)` is deprecated. Please use `torch.amp.GradScaler('cuda', args...)` instead.
5506.4s 2459 scaler = torch.cuda.amp.GradScaler(enabled=use_amp)
5508.4s 2460 [fold5-seed43-Baseline] epoch 01/30  train_loss=1.2595  val_loss=1.3541  val_dice=0.0325  lr=3.00e-04 *
5510.2s 2461 [fold5-seed43-Baseline] epoch 02/30  train_loss=1.1568  val_loss=1.3180  val_dice=0.0287  lr=2.99e-04
5511.9s 2462 [fold5-seed43-Baseline] epoch 03/30  train_loss=1.1455  val_loss=1.3094  val_dice=0.0272  lr=2.97e-04
5513.7s 2463 [fold5-seed43-Baseline] epoch 04/30  train_loss=1.1448  val_loss=1.3603  val_dice=0.0294  lr=2.93e-04
5515.5s 2464 [fold5-seed43-Baseline] epoch 05/30  train_loss=1.1391  val_loss=1.2811  val_dice=0.0266  lr=2.87e-04
5517.2s 2465 [fold5-seed43-Baseline] epoch 06/30  train_loss=1.1353  val_loss=1.3097  val_dice=0.0271  lr=2.80e-04
5519.1s 2466 [fold5-seed43-Baseline] epoch 07/30  train_loss=1.1343  val_loss=1.2998  val_dice=0.0302  lr=2.72e-04
5519.1s 2467 [fold5-seed43-Baseline] early stopping at epoch 7 (no improvement in val dice for 6 epochs; best was epoch 1)
5522.6s 2468 [fold5-seed43-SCL] epoch 01/30  train_loss=1.3081  val_loss=1.3387  val_dice=0.0309  lr=3.00e-04 *
5526.1s 2469 [fold5-seed43-SCL] epoch 02/30  train_loss=1.1603  val_loss=1.4435  val_dice=0.0233  lr=2.99e-04
5529.5s 2470 [fold5-seed43-SCL] epoch 03/30  train_loss=1.1508  val_loss=1.3535  val_dice=0.0244  lr=2.97e-04
5533.0s 2471 [fold5-seed43-SCL] epoch 04/30  train_loss=1.1461  val_loss=1.2962  val_dice=0.0290  lr=2.93e-04
5536.6s 2472 [fold5-seed43-SCL] epoch 05/30  train_loss=1.1427  val_loss=1.3214  val_dice=0.0280  lr=2.87e-04
5540.1s 2473 [fold5-seed43-SCL] epoch 06/30  train_loss=1.1376  val_loss=1.2969  val_dice=0.0291  lr=2.80e-04
5543.6s 2474 [fold5-seed43-SCL] epoch 07/30  train_loss=1.1364  val_loss=1.3251  val_dice=0.0292  lr=2.72e-04
5543.6s 2475 [fold5-seed43-SCL] early stopping at epoch 7 (no improvement in val dice for 6 epochs; best was epoch 1)
5545.4s 2476 [checkpoint] saved fold 5 seed 43 results -> outputs/kfold_checkpoint_2d.csv
5545.4s 2477 
5545.4s 2478 ===== Fold 5/5  |  seed 44 (3/5) =====
5546.0s 2479 lambda=0.20  alpha=0.02  ->  lesion-discrimination AUC = 0.3864  (n=8/8 usable batches)
5546.3s 2480 lambda=0.20  alpha=0.05  ->  lesion-discrimination AUC = 0.3688  (n=8/8 usable batches)
5546.7s 2481 lambda=0.20  alpha=0.10  ->  lesion-discrimination AUC = 0.3874  (n=8/8 usable batches)
5547.0s 2482 lambda=0.20  alpha=0.20  ->  lesion-discrimination AUC = 0.3701  (n=8/8 usable batches)
5547.3s 2483 lambda=0.40  alpha=0.02  ->  lesion-discrimination AUC = 0.4040  (n=8/8 usable batches)
5547.6s 2484 lambda=0.40  alpha=0.05  ->  lesion-discrimination AUC = 0.3868  (n=8/8 usable batches)
5547.9s 2485 lambda=0.40  alpha=0.10  ->  lesion-discrimination AUC = 0.4043  (n=8/8 usable batches)
5548.3s 2486 lambda=0.40  alpha=0.20  ->  lesion-discrimination AUC = 0.3871  (n=8/8 usable batches)
5548.6s 2487 lambda=0.60  alpha=0.02  ->  lesion-discrimination AUC = 0.3688  (n=8/8 usable batches)
5548.9s 2488 lambda=0.60  alpha=0.05  ->  lesion-discrimination AUC = 0.3907  (n=8/8 usable batches)
5549.4s 2489 lambda=0.60  alpha=0.10  ->  lesion-discrimination AUC = 0.4088  (n=8/8 usable batches)
5549.6s 2490 lambda=0.60  alpha=0.20  ->  lesion-discrimination AUC = 0.3578  (n=8/8 usable batches)
5549.9s 2491 lambda=0.80  alpha=0.02  ->  lesion-discrimination AUC = 0.3971  (n=8/8 usable batches)
5550.2s 2492 lambda=0.80  alpha=0.05  ->  lesion-discrimination AUC = 0.3927  (n=8/8 usable batches)
5550.5s 2493 lambda=0.80  alpha=0.10  ->  lesion-discrimination AUC = 0.3588  (n=8/8 usable batches)
5550.9s 2494 lambda=0.80  alpha=0.20  ->  lesion-discrimination AUC = 0.4211  (n=8/8 usable batches)
5551.3s 2495 /tmp/ipykernel_23/1756534611.py:49: FutureWarning: `torch.cuda.amp.GradScaler(args...)` is deprecated. Please use `torch.amp.GradScaler('cuda', args...)` instead.
5551.3s 2496 scaler = torch.cuda.amp.GradScaler(enabled=use_amp)
5551.3s 2497 
5551.3s 2498 /tmp/ipykernel_23/1756534611.py:49: FutureWarning: `torch.cuda.amp.GradScaler(args...)` is deprecated. Please use `torch.amp.GradScaler('cuda', args...)` instead.
5551.3s 2499 scaler = torch.cuda.amp.GradScaler(enabled=use_amp)
5553.3s 2500 [fold5-seed44-Baseline] epoch 01/30  train_loss=1.2988  val_loss=1.0737  val_dice=0.0025  lr=3.00e-04 *
5555.1s 2501 [fold5-seed44-Baseline] epoch 02/30  train_loss=1.1908  val_loss=1.1020  val_dice=0.0018  lr=2.99e-04
5556.8s 2502 [fold5-seed44-Baseline] epoch 03/30  train_loss=1.1839  val_loss=1.0977  val_dice=0.0017  lr=2.97e-04
5558.6s 2503 [fold5-seed44-Baseline] epoch 04/30  train_loss=1.1871  val_loss=1.0633  val_dice=0.0019  lr=2.93e-04
5560.4s 2504 [fold5-seed44-Baseline] epoch 05/30  train_loss=1.1772  val_loss=1.0588  val_dice=0.0019  lr=2.87e-04
5562.1s 2505 [fold5-seed44-Baseline] epoch 06/30  train_loss=1.1717  val_loss=1.0565  val_dice=0.0021  lr=2.80e-04
5563.9s 2506 [fold5-seed44-Baseline] epoch 07/30  train_loss=1.1678  val_loss=1.0829  val_dice=0.0018  lr=2.72e-04
5563.9s 2507 [fold5-seed44-Baseline] early stopping at epoch 7 (no improvement in val dice for 6 epochs; best was epoch 1)
5567.9s 2508 [fold5-seed44-SCL] epoch 01/30  train_loss=1.3913  val_loss=1.1053  val_dice=0.0022  lr=3.00e-04 *
5571.4s 2509 [fold5-seed44-SCL] epoch 02/30  train_loss=1.2180  val_loss=1.0981  val_dice=0.0018  lr=2.99e-04
5574.9s 2510 [fold5-seed44-SCL] epoch 03/30  train_loss=1.1864  val_loss=1.0613  val_dice=0.0020  lr=2.97e-04
5578.4s 2511 [fold5-seed44-SCL] epoch 04/30  train_loss=1.1777  val_loss=1.0937  val_dice=0.0018  lr=2.93e-04
5582.0s 2512 [fold5-seed44-SCL] epoch 05/30  train_loss=1.1772  val_loss=1.0643  val_dice=0.0021  lr=2.87e-04
5585.5s 2513 [fold5-seed44-SCL] epoch 06/30  train_loss=1.1720  val_loss=1.1064  val_dice=0.0018  lr=2.80e-04
5588.9s 2514 [fold5-seed44-SCL] epoch 07/30  train_loss=1.1704  val_loss=1.0601  val_dice=0.0021  lr=2.72e-04
5588.9s 2515 [fold5-seed44-SCL] early stopping at epoch 7 (no improvement in val dice for 6 epochs; best was epoch 1)
5590.7s 2516 [checkpoint] saved fold 5 seed 44 results -> outputs/kfold_checkpoint_2d.csv
5590.7s 2517 
5590.7s 2518 ===== Fold 5/5  |  seed 45 (4/5) =====
5591.4s 2519 lambda=0.20  alpha=0.02  ->  lesion-discrimination AUC = 0.4070  (n=8/8 usable batches)
5591.7s 2520 lambda=0.20  alpha=0.05  ->  lesion-discrimination AUC = 0.3936  (n=8/8 usable batches)
5592.0s 2521 lambda=0.20  alpha=0.10  ->  lesion-discrimination AUC = 0.4042  (n=8/8 usable batches)
5592.3s 2522 lambda=0.20  alpha=0.20  ->  lesion-discrimination AUC = 0.3751  (n=8/8 usable batches)
5592.6s 2523 lambda=0.40  alpha=0.02  ->  lesion-discrimination AUC = 0.4248  (n=8/8 usable batches)
5592.9s 2524 lambda=0.40  alpha=0.05  ->  lesion-discrimination AUC = 0.4193  (n=8/8 usable batches)
5593.2s 2525 lambda=0.40  alpha=0.10  ->  lesion-discrimination AUC = 0.3973  (n=8/8 usable batches)
5593.6s 2526 lambda=0.40  alpha=0.20  ->  lesion-discrimination AUC = 0.4194  (n=8/8 usable batches)
5593.9s 2527 lambda=0.60  alpha=0.02  ->  lesion-discrimination AUC = 0.3902  (n=8/8 usable batches)
5594.2s 2528 lambda=0.60  alpha=0.05  ->  lesion-discrimination AUC = 0.3941  (n=8/8 usable batches)
5594.5s 2529 lambda=0.60  alpha=0.10  ->  lesion-discrimination AUC = 0.3379  (n=8/8 usable batches)
5594.8s 2530 lambda=0.60  alpha=0.20  ->  lesion-discrimination AUC = 0.3520  (n=8/8 usable batches)
5595.1s 2531 lambda=0.80  alpha=0.02  ->  lesion-discrimination AUC = 0.3557  (n=8/8 usable batches)
5595.4s 2532 lambda=0.80  alpha=0.05  ->  lesion-discrimination AUC = 0.4175  (n=8/8 usable batches)
5595.7s 2533 lambda=0.80  alpha=0.10  ->  lesion-discrimination AUC = 0.4125  (n=8/8 usable batches)
5596.1s 2534 lambda=0.80  alpha=0.20  ->  lesion-discrimination AUC = 0.3948  (n=8/8 usable batches)
5596.4s 2535 /tmp/ipykernel_23/1756534611.py:49: FutureWarning: `torch.cuda.amp.GradScaler(args...)` is deprecated. Please use `torch.amp.GradScaler('cuda', args...)` instead.
5596.4s 2536 scaler = torch.cuda.amp.GradScaler(enabled=use_amp)
5596.4s 2537 
5596.4s 2538 /tmp/ipykernel_23/1756534611.py:49: FutureWarning: `torch.cuda.amp.GradScaler(args...)` is deprecated. Please use `torch.amp.GradScaler('cuda', args...)` instead.
5596.4s 2539 scaler = torch.cuda.amp.GradScaler(enabled=use_amp)
5598.4s 2540 [fold5-seed45-Baseline] epoch 01/30  train_loss=1.2808  val_loss=1.2038  val_dice=0.0107  lr=3.00e-04 *
5600.2s 2541 [fold5-seed45-Baseline] epoch 02/30  train_loss=1.1749  val_loss=1.1953  val_dice=0.0096  lr=2.99e-04
5602.0s 2542 [fold5-seed45-Baseline] epoch 03/30  train_loss=1.1670  val_loss=1.1955  val_dice=0.0116  lr=2.97e-04 *
5603.8s 2543 [fold5-seed45-Baseline] epoch 04/30  train_loss=1.1588  val_loss=1.1955  val_dice=0.0125  lr=2.93e-04 *
5605.5s 2544 [fold5-seed45-Baseline] epoch 05/30  train_loss=1.1605  val_loss=1.1897  val_dice=0.0117  lr=2.87e-04
5607.3s 2545 [fold5-seed45-Baseline] epoch 06/30  train_loss=1.1553  val_loss=1.1764  val_dice=0.0107  lr=2.80e-04
5609.0s 2546 [fold5-seed45-Baseline] epoch 07/30  train_loss=1.1505  val_loss=1.1656  val_dice=0.0112  lr=2.72e-04
5610.8s 2547 [fold5-seed45-Baseline] epoch 08/30  train_loss=1.1460  val_loss=1.1712  val_dice=0.0128  lr=2.62e-04 *
5612.8s 2548 [fold5-seed45-Baseline] epoch 09/30  train_loss=1.1419  val_loss=1.2336  val_dice=0.0121  lr=2.51e-04
5614.4s 2549 [fold5-seed45-Baseline] epoch 10/30  train_loss=1.1458  val_loss=1.1710  val_dice=0.0165  lr=2.39e-04 *
5616.2s 2550 [fold5-seed45-Baseline] epoch 11/30  train_loss=1.1347  val_loss=1.1685  val_dice=0.0120  lr=2.26e-04
5618.0s 2551 [fold5-seed45-Baseline] epoch 12/30  train_loss=1.1321  val_loss=1.1456  val_dice=0.0154  lr=2.12e-04
5619.8s 2552 [fold5-seed45-Baseline] epoch 13/30  train_loss=1.1289  val_loss=1.2192  val_dice=0.0098  lr=1.97e-04
5621.6s 2553 [fold5-seed45-Baseline] epoch 14/30  train_loss=1.1268  val_loss=1.1685  val_dice=0.0141  lr=1.82e-04
5623.3s 2554 [fold5-seed45-Baseline] epoch 15/30  train_loss=1.1237  val_loss=1.1484  val_dice=0.0149  lr=1.67e-04
5625.1s 2555 [fold5-seed45-Baseline] epoch 16/30  train_loss=1.1222  val_loss=1.1481  val_dice=0.0160  lr=1.51e-04
5625.1s 2556 [fold5-seed45-Baseline] early stopping at epoch 16 (no improvement in val dice for 6 epochs; best was epoch 10)
5628.6s 2557 [fold5-seed45-SCL] epoch 01/30  train_loss=1.3097  val_loss=1.2471  val_dice=0.0125  lr=3.00e-04 *
5632.1s 2558 [fold5-seed45-SCL] epoch 02/30  train_loss=1.1762  val_loss=1.3288  val_dice=0.0085  lr=2.99e-04
5635.7s 2559 [fold5-seed45-SCL] epoch 03/30  train_loss=1.1711  val_loss=1.1830  val_dice=0.0123  lr=2.97e-04
5639.3s 2560 [fold5-seed45-SCL] epoch 04/30  train_loss=1.1670  val_loss=1.2272  val_dice=0.0101  lr=2.93e-04
5642.8s 2561 [fold5-seed45-SCL] epoch 05/30  train_loss=1.1594  val_loss=1.2156  val_dice=0.0120  lr=2.87e-04
5646.4s 2562 [fold5-seed45-SCL] epoch 06/30  train_loss=1.1598  val_loss=1.1830  val_dice=0.0131  lr=2.80e-04 *
5649.8s 2563 [fold5-seed45-SCL] epoch 07/30  train_loss=1.1567  val_loss=1.3701  val_dice=0.0085  lr=2.72e-04
5653.4s 2564 [fold5-seed45-SCL] epoch 08/30  train_loss=1.1546  val_loss=1.1637  val_dice=0.0122  lr=2.62e-04
5656.9s 2565 [fold5-seed45-SCL] epoch 09/30  train_loss=1.1551  val_loss=1.1948  val_dice=0.0120  lr=2.51e-04
5660.3s 2566 [fold5-seed45-SCL] epoch 10/30  train_loss=1.1498  val_loss=1.1643  val_dice=0.0131  lr=2.39e-04 *
5663.7s 2567 [fold5-seed45-SCL] epoch 11/30  train_loss=1.1472  val_loss=1.1594  val_dice=0.0133  lr=2.26e-04 *
5667.2s 2568 [fold5-seed45-SCL] epoch 12/30  train_loss=1.1451  val_loss=1.1573  val_dice=0.0135  lr=2.12e-04 *
5670.7s 2569 [fold5-seed45-SCL] epoch 13/30  train_loss=1.1460  val_loss=1.2012  val_dice=0.0143  lr=1.97e-04 *
5674.2s 2570 [fold5-seed45-SCL] epoch 14/30  train_loss=1.1400  val_loss=1.1609  val_dice=0.0149  lr=1.82e-04 *
5677.7s 2571 [fold5-seed45-SCL] epoch 15/30  train_loss=1.1382  val_loss=1.1548  val_dice=0.0149  lr=1.67e-04
5681.0s 2572 [fold5-seed45-SCL] epoch 16/30  train_loss=1.1359  val_loss=1.1671  val_dice=0.0115  lr=1.51e-04
5684.5s 2573 [fold5-seed45-SCL] epoch 17/30  train_loss=1.1326  val_loss=1.1681  val_dice=0.0160  lr=1.36e-04 *
5688.1s 2574 [fold5-seed45-SCL] epoch 18/30  train_loss=1.1306  val_loss=1.1817  val_dice=0.0154  lr=1.21e-04
5691.6s 2575 [fold5-seed45-SCL] epoch 19/30  train_loss=1.1262  val_loss=1.1526  val_dice=0.0126  lr=1.06e-04
5695.0s 2576 [fold5-seed45-SCL] epoch 20/30  train_loss=1.1239  val_loss=1.1478  val_dice=0.0160  lr=9.11e-05 *
5698.6s 2577 [fold5-seed45-SCL] epoch 21/30  train_loss=1.1204  val_loss=1.1489  val_dice=0.0146  lr=7.73e-05
5702.2s 2578 [fold5-seed45-SCL] epoch 22/30  train_loss=1.1179  val_loss=1.1882  val_dice=0.0169  lr=6.42e-05 *
5705.6s 2579 [fold5-seed45-SCL] epoch 23/30  train_loss=1.1148  val_loss=1.1507  val_dice=0.0170  lr=5.21e-05 *
5709.3s 2580 [fold5-seed45-SCL] epoch 24/30  train_loss=1.1126  val_loss=1.1651  val_dice=0.0162  lr=4.11e-05
5712.8s 2581 [fold5-seed45-SCL] epoch 25/30  train_loss=1.1102  val_loss=1.1592  val_dice=0.0166  lr=3.14e-05
5716.3s 2582 [fold5-seed45-SCL] epoch 26/30  train_loss=1.1122  val_loss=1.1637  val_dice=0.0168  lr=2.29e-05
5719.7s 2583 [fold5-seed45-SCL] epoch 27/30  train_loss=1.1095  val_loss=1.1628  val_dice=0.0171  lr=1.58e-05 *
5723.3s 2584 [fold5-seed45-SCL] epoch 28/30  train_loss=1.1088  val_loss=1.1545  val_dice=0.0165  lr=1.03e-05
5726.7s 2585 [fold5-seed45-SCL] epoch 29/30  train_loss=1.1066  val_loss=1.1651  val_dice=0.0167  lr=6.25e-06
5730.1s 2586 [fold5-seed45-SCL] epoch 30/30  train_loss=1.1069  val_loss=1.1627  val_dice=0.0163  lr=3.81e-06
5731.9s 2587 [checkpoint] saved fold 5 seed 45 results -> outputs/kfold_checkpoint_2d.csv
5731.9s 2588 
5731.9s 2589 ===== Fold 5/5  |  seed 46 (5/5) =====
5732.6s 2590 lambda=0.20  alpha=0.02  ->  lesion-discrimination AUC = 0.3425  (n=8/8 usable batches)
5732.9s 2591 lambda=0.20  alpha=0.05  ->  lesion-discrimination AUC = 0.3614  (n=8/8 usable batches)
5733.3s 2592 lambda=0.20  alpha=0.10  ->  lesion-discrimination AUC = 0.3492  (n=8/8 usable batches)
5733.6s 2593 lambda=0.20  alpha=0.20  ->  lesion-discrimination AUC = 0.3468  (n=8/8 usable batches)
5733.9s 2594 lambda=0.40  alpha=0.02  ->  lesion-discrimination AUC = 0.3444  (n=8/8 usable batches)
5734.2s 2595 lambda=0.40  alpha=0.05  ->  lesion-discrimination AUC = 0.3389  (n=8/8 usable batches)
5734.5s 2596 lambda=0.40  alpha=0.10  ->  lesion-discrimination AUC = 0.3945  (n=8/8 usable batches)
5734.8s 2597 lambda=0.40  alpha=0.20  ->  lesion-discrimination AUC = 0.3592  (n=8/8 usable batches)
5735.1s 2598 lambda=0.60  alpha=0.02  ->  lesion-discrimination AUC = 0.3355  (n=8/8 usable batches)
5735.4s 2599 lambda=0.60  alpha=0.05  ->  lesion-discrimination AUC = 0.4122  (n=8/8 usable batches)
5735.7s 2600 lambda=0.60  alpha=0.10  ->  lesion-discrimination AUC = 0.3556  (n=8/8 usable batches)
5736.0s 2601 lambda=0.60  alpha=0.20  ->  lesion-discrimination AUC = 0.3672  (n=8/8 usable batches)
5736.3s 2602 lambda=0.80  alpha=0.02  ->  lesion-discrimination AUC = 0.3810  (n=8/8 usable batches)
5736.6s 2603 lambda=0.80  alpha=0.05  ->  lesion-discrimination AUC = 0.3822  (n=8/8 usable batches)
5737.0s 2604 lambda=0.80  alpha=0.10  ->  lesion-discrimination AUC = 0.3721  (n=8/8 usable batches)
5737.3s 2605 lambda=0.80  alpha=0.20  ->  lesion-discrimination AUC = 0.3397  (n=8/8 usable batches)
5737.7s 2606 /tmp/ipykernel_23/1756534611.py:49: FutureWarning: `torch.cuda.amp.GradScaler(args...)` is deprecated. Please use `torch.amp.GradScaler('cuda', args...)` instead.
5737.7s 2607 scaler = torch.cuda.amp.GradScaler(enabled=use_amp)
5737.7s 2608 
5737.7s 2609 /tmp/ipykernel_23/1756534611.py:49: FutureWarning: `torch.cuda.amp.GradScaler(args...)` is deprecated. Please use `torch.amp.GradScaler('cuda', args...)` instead.
5737.7s 2610 scaler = torch.cuda.amp.GradScaler(enabled=use_amp)
5739.8s 2611 [fold5-seed46-Baseline] epoch 01/30  train_loss=1.2783  val_loss=1.2234  val_dice=0.0173  lr=3.00e-04 *
5741.5s 2612 [fold5-seed46-Baseline] epoch 02/30  train_loss=1.1713  val_loss=1.2115  val_dice=0.0145  lr=2.99e-04
5743.2s 2613 [fold5-seed46-Baseline] epoch 03/30  train_loss=1.1638  val_loss=1.1846  val_dice=0.0160  lr=2.97e-04
5745.0s 2614 [fold5-seed46-Baseline] epoch 04/30  train_loss=1.1605  val_loss=1.1792  val_dice=0.0160  lr=2.93e-04
5746.7s 2615 [fold5-seed46-Baseline] epoch 05/30  train_loss=1.1563  val_loss=1.1951  val_dice=0.0156  lr=2.87e-04
5748.5s 2616 [fold5-seed46-Baseline] epoch 06/30  train_loss=1.1535  val_loss=1.2938  val_dice=0.0144  lr=2.80e-04
5750.3s 2617 [fold5-seed46-Baseline] epoch 07/30  train_loss=1.1529  val_loss=1.1596  val_dice=0.0167  lr=2.72e-04
5750.3s 2618 [fold5-seed46-Baseline] early stopping at epoch 7 (no improvement in val dice for 6 epochs; best was epoch 1)
5753.8s 2619 [fold5-seed46-SCL] epoch 01/30  train_loss=1.2745  val_loss=1.2425  val_dice=0.0153  lr=3.00e-04 *
5757.3s 2620 [fold5-seed46-SCL] epoch 02/30  train_loss=1.1697  val_loss=1.1919  val_dice=0.0164  lr=2.99e-04 *
5760.7s 2621 [fold5-seed46-SCL] epoch 03/30  train_loss=1.1658  val_loss=1.2092  val_dice=0.0157  lr=2.97e-04
5764.3s 2622 [fold5-seed46-SCL] epoch 04/30  train_loss=1.1632  val_loss=1.1855  val_dice=0.0156  lr=2.93e-04
5767.8s 2623 [fold5-seed46-SCL] epoch 05/30  train_loss=1.1582  val_loss=1.1748  val_dice=0.0151  lr=2.87e-04
5771.5s 2624 [fold5-seed46-SCL] epoch 06/30  train_loss=1.1590  val_loss=1.4098  val_dice=0.0117  lr=2.80e-04
5774.8s 2625 [fold5-seed46-SCL] epoch 07/30  train_loss=1.1564  val_loss=1.1658  val_dice=0.0159  lr=2.72e-04
5778.2s 2626 [fold5-seed46-SCL] epoch 08/30  train_loss=1.1520  val_loss=1.2152  val_dice=0.0165  lr=2.62e-04 *
5781.8s 2627 [fold5-seed46-SCL] epoch 09/30  train_loss=1.1512  val_loss=1.2061  val_dice=0.0182  lr=2.51e-04 *
5785.2s 2628 [fold5-seed46-SCL] epoch 10/30  train_loss=1.1505  val_loss=1.2594  val_dice=0.0159  lr=2.39e-04
5788.7s 2629 [fold5-seed46-SCL] epoch 11/30  train_loss=1.1471  val_loss=1.2389  val_dice=0.0189  lr=2.26e-04 *
5792.2s 2630 [fold5-seed46-SCL] epoch 12/30  train_loss=1.1443  val_loss=1.1747  val_dice=0.0193  lr=2.12e-04 *
5795.7s 2631 [fold5-seed46-SCL] epoch 13/30  train_loss=1.1389  val_loss=1.1605  val_dice=0.0195  lr=1.97e-04 *
5799.2s 2632 [fold5-seed46-SCL] epoch 14/30  train_loss=1.1371  val_loss=1.2128  val_dice=0.0201  lr=1.82e-04 *
5802.8s 2633 [fold5-seed46-SCL] epoch 15/30  train_loss=1.1380  val_loss=1.1704  val_dice=0.0219  lr=1.67e-04 *
5806.2s 2634 [fold5-seed46-SCL] epoch 16/30  train_loss=1.1341  val_loss=1.2015  val_dice=0.0220  lr=1.51e-04 *
5809.6s 2635 [fold5-seed46-SCL] epoch 17/30  train_loss=1.1311  val_loss=1.1701  val_dice=0.0224  lr=1.36e-04 *
5813.1s 2636 [fold5-seed46-SCL] epoch 18/30  train_loss=1.1322  val_loss=1.1648  val_dice=0.0222  lr=1.21e-04
5816.6s 2637 [fold5-seed46-SCL] epoch 19/30  train_loss=1.1290  val_loss=1.1743  val_dice=0.0232  lr=1.06e-04 *
5820.0s 2638 [fold5-seed46-SCL] epoch 20/30  train_loss=1.1245  val_loss=1.1933  val_dice=0.0235  lr=9.11e-05 *
5823.5s 2639 [fold5-seed46-SCL] epoch 21/30  train_loss=1.1227  val_loss=1.1496  val_dice=0.0234  lr=7.73e-05
5827.0s 2640 [fold5-seed46-SCL] epoch 22/30  train_loss=1.1231  val_loss=1.2209  val_dice=0.0229  lr=6.42e-05
5830.4s 2641 [fold5-seed46-SCL] epoch 23/30  train_loss=1.1211  val_loss=1.1801  val_dice=0.0244  lr=5.21e-05 *
5834.1s 2642 [fold5-seed46-SCL] epoch 24/30  train_loss=1.1196  val_loss=1.2005  val_dice=0.0245  lr=4.11e-05 *
5837.4s 2643 [fold5-seed46-SCL] epoch 25/30  train_loss=1.1172  val_loss=1.1690  val_dice=0.0243  lr=3.14e-05
5841.0s 2644 [fold5-seed46-SCL] epoch 26/30  train_loss=1.1155  val_loss=1.1840  val_dice=0.0254  lr=2.29e-05 *
5844.5s 2645 [fold5-seed46-SCL] epoch 27/30  train_loss=1.1153  val_loss=1.1693  val_dice=0.0252  lr=1.58e-05
5847.9s 2646 [fold5-seed46-SCL] epoch 28/30  train_loss=1.1131  val_loss=1.1907  val_dice=0.0257  lr=1.03e-05 *
5851.4s 2647 [fold5-seed46-SCL] epoch 29/30  train_loss=1.1124  val_loss=1.1886  val_dice=0.0256  lr=6.25e-06
5854.9s 2648 [fold5-seed46-SCL] epoch 30/30  train_loss=1.1137  val_loss=1.1827  val_dice=0.0257  lr=3.81e-06
5856.7s 2649 [checkpoint] saved fold 5 seed 46 results -> outputs/kfold_checkpoint_2d.csv
5856.7s 2650 
5856.7s 2651 Per-fold-per-seed results:
5856.7s 2652 model  fold  seed  psnr_mean  ssim_mean  dice_mean
5856.7s 2653 0    Baseline     1    42  25.680770   0.767825   0.355667
5856.7s 2654 1   SCL-World     1    42  25.733815   0.848957   0.359405
5856.7s 2655 2    Baseline     1    43  17.633314   0.577627   0.199282
5856.7s 2656 3   SCL-World     1    43  23.723206   0.643468   0.480156
5856.7s 2657 4    Baseline     1    44  25.397573   0.771652   0.340686
5856.7s 2658 5   SCL-World     1    44  25.611136   0.812925   0.273254
5856.7s 2659 6    Baseline     1    45  19.510199   0.608017   0.130312
5856.7s 2660 7   SCL-World     1    45  18.789292   0.307250   0.478603
5856.7s 2661 8    Baseline     1    46  19.423204   0.428732   0.229503
5856.7s 2662 9   SCL-World     1    46  25.756405   0.779552   0.264357
5856.7s 2663 10   Baseline     2    42  26.347496   0.801203   0.296694
5856.7s 2664 11  SCL-World     2    42  23.866751   0.668924   0.197968
5856.7s 2665 12   Baseline     2    43  26.694323   0.736189   0.388821
5856.7s 2666 13  SCL-World     2    43  27.121304   0.773391   0.404759
5856.7s 2667 14   Baseline     2    44  20.375688   0.539779   0.492231
5856.7s 2668 15  SCL-World     2    44  26.648010   0.497140   0.411367
5856.7s 2669 16   Baseline     2    45  19.657651   0.452782   0.492231
5856.7s 2670 17  SCL-World     2    45  27.343224   0.805897   0.409871
5856.7s 2671 18   Baseline     2    46  19.553625   0.257503   0.492231
5856.7s 2672 19  SCL-World     2    46  21.467135   0.424296   0.279696
5856.7s 2673 20   Baseline     3    42  23.591280   0.726955   0.241404
5856.7s 2674 21  SCL-World     3    42  22.316085   0.694295   0.281568
5856.7s 2675 22   Baseline     3    43  23.644022   0.830477   0.193171
5856.7s 2676 23  SCL-World     3    43  23.756580   0.676800   0.268044
5856.7s 2677 24   Baseline     3    44  22.478597   0.637339   0.284981
5856.7s 2678 25  SCL-World     3    44  17.920202   0.252545   0.295153
5856.7s 2679 26   Baseline     3    45  23.569855   0.777085   0.219993
5856.7s 2680 27  SCL-World     3    45  23.688759   0.814715   0.225944
5856.7s 2681 28   Baseline     3    46  23.799355   0.837765   0.225033
5856.7s 2682 29  SCL-World     3    46  23.941795   0.816235   0.284487
5856.7s 2683 30   Baseline     4    42  26.493817   0.772438   0.260221
5856.7s 2684 31  SCL-World     4    42  26.995452   0.837177   0.451762
5856.7s 2685 32   Baseline     4    43  20.284637   0.530403   0.165347
5856.7s 2686 33  SCL-World     4    43  19.460863   0.438713   0.620251
5856.7s 2687 34   Baseline     4    44  26.901795   0.852721   0.561505
5856.7s 2688 35  SCL-World     4    44  27.015522   0.800772   0.313401
5856.7s 2689 36   Baseline     4    45  19.371669   0.382251   0.617935
5856.7s 2690 37  SCL-World     4    45  20.186334   0.629902   0.576995
5856.7s 2691 38   Baseline     4    46  26.552899   0.822512   0.494820
5856.7s 2692 39  SCL-World     4    46  27.010350   0.719646   0.336661
5856.7s 2693 40   Baseline     5    42  26.004850   0.680357   0.305892
5856.7s 2694 41  SCL-World     5    42  27.786316   0.790646   0.265612
5856.7s 2695 42   Baseline     5    43  18.862911   0.496730   0.364357
5856.7s 2696 43  SCL-World     5    43  19.708732   0.494370   0.371411
5856.7s 2697 44   Baseline     5    44  20.334248   0.664910   0.357538
5856.7s 2698 45  SCL-World     5    44  17.575963   0.381112   0.408185
5856.7s 2699 46   Baseline     5    45  26.742796   0.646921   0.358463
5856.7s 2700 47  SCL-World     5    45  28.180405   0.842907   0.290303
5856.7s 2701 48   Baseline     5    46  19.747240   0.366442   0.357957
5856.7s 2702 49  SCL-World     5    46  28.160577   0.804281   0.326735
5856.7s 2703 
5856.7s 2704 Across-fold x seed summary (patient-level, mean +/- std, k=5 folds x 5 seeds = 25 runs per model):
5856.7s 2705 psnr_mean           ssim_mean           dice_mean
5856.7s 2706 mean       std      mean       std      mean       std
5856.7s 2707 model
5856.7s 2708 Baseline   22.746153  3.164376  0.638665  0.168791  0.337051  0.129356
5856.7s 2709 SCL-World  23.990569  3.423681  0.662237  0.183857  0.355038  0.106097
5857.3s 2710 [kfold-curv] using plain KFold (k=5, no stratification).
5857.3s 2711 [kfold-curv] training under 5 seed(s) per fold: [42, 43, 44, 45, 46]  (5 folds x 5 seeds = 25 runs for CurvatureDynamics)
5857.3s 2712 
5857.3s 2713 [kfold-curv] fold 1/5: loading 16 train/val + 4 test patient(s) into cache...
5974.9s 2714 [SliceCache] loaded + precomputed 16 patient(s), 691 usable slice(s).
5998.3s 2715 [SliceCache] loaded + precomputed 4 patient(s), 170 usable slice(s).
5998.3s 2716 
5998.3s 2717 ===== [CurvatureDynamics] Fold 1/5  |  seed 42 (1/5) =====
5998.9s 2718 lambda=0.20  alpha=0.02  ->  lesion-discrimination AUC = 0.3971  (n=8/8 usable batches)
5999.2s 2719 lambda=0.20  alpha=0.05  ->  lesion-discrimination AUC = 0.3787  (n=8/8 usable batches)
5999.5s 2720 lambda=0.20  alpha=0.10  ->  lesion-discrimination AUC = 0.3769  (n=8/8 usable batches)
5999.9s 2721 lambda=0.20  alpha=0.20  ->  lesion-discrimination AUC = 0.3895  (n=8/8 usable batches)
6000.2s 2722 lambda=0.40  alpha=0.02  ->  lesion-discrimination AUC = 0.3764  (n=8/8 usable batches)
6000.5s 2723 lambda=0.40  alpha=0.05  ->  lesion-discrimination AUC = 0.3940  (n=8/8 usable batches)
6000.8s 2724 lambda=0.40  alpha=0.10  ->  lesion-discrimination AUC = 0.4102  (n=8/8 usable batches)
6001.1s 2725 lambda=0.40  alpha=0.20  ->  lesion-discrimination AUC = 0.3778  (n=8/8 usable batches)
6001.4s 2726 lambda=0.60  alpha=0.02  ->  lesion-discrimination AUC = 0.4218  (n=8/8 usable batches)
6001.8s 2727 lambda=0.60  alpha=0.05  ->  lesion-discrimination AUC = 0.3663  (n=8/8 usable batches)
6002.1s 2728 lambda=0.60  alpha=0.10  ->  lesion-discrimination AUC = 0.4147  (n=8/8 usable batches)
6002.4s 2729 lambda=0.60  alpha=0.20  ->  lesion-discrimination AUC = 0.3851  (n=8/8 usable batches)
6002.7s 2730 lambda=0.80  alpha=0.02  ->  lesion-discrimination AUC = 0.4027  (n=8/8 usable batches)
6003.0s 2731 lambda=0.80  alpha=0.05  ->  lesion-discrimination AUC = 0.3949  (n=8/8 usable batches)
6003.3s 2732 lambda=0.80  alpha=0.10  ->  lesion-discrimination AUC = 0.3755  (n=8/8 usable batches)
6003.6s 2733 lambda=0.80  alpha=0.20  ->  lesion-discrimination AUC = 0.3739  (n=8/8 usable batches)
6004.0s 2734 /tmp/ipykernel_23/1756534611.py:49: FutureWarning: `torch.cuda.amp.GradScaler(args...)` is deprecated. Please use `torch.amp.GradScaler('cuda', args...)` instead.
6004.0s 2735 scaler = torch.cuda.amp.GradScaler(enabled=use_amp)
6004.0s 2736 
6004.0s 2737 /tmp/ipykernel_23/1756534611.py:49: FutureWarning: `torch.cuda.amp.GradScaler(args...)` is deprecated. Please use `torch.amp.GradScaler('cuda', args...)` instead.
6004.0s 2738 scaler = torch.cuda.amp.GradScaler(enabled=use_amp)
6008.2s 2739 [fold1-seed42-CurvatureDynamics] epoch 01/30  train_loss=1.2845  val_loss=2.0287  val_dice=0.0014  lr=3.00e-04 *
6011.9s 2740 [fold1-seed42-CurvatureDynamics] epoch 02/30  train_loss=1.1772  val_loss=1.2217  val_dice=0.0077  lr=2.99e-04 *
6015.7s 2741 [fold1-seed42-CurvatureDynamics] epoch 03/30  train_loss=1.1677  val_loss=1.1827  val_dice=0.0104  lr=2.97e-04 *
6019.6s 2742 [fold1-seed42-CurvatureDynamics] epoch 04/30  train_loss=1.1577  val_loss=1.2269  val_dice=0.0123  lr=2.93e-04 *
6023.6s 2743 [fold1-seed42-CurvatureDynamics] epoch 05/30  train_loss=1.1526  val_loss=1.1899  val_dice=0.0132  lr=2.87e-04 *
6027.5s 2744 [fold1-seed42-CurvatureDynamics] epoch 06/30  train_loss=1.1492  val_loss=1.1786  val_dice=0.0137  lr=2.80e-04 *
6031.5s 2745 [fold1-seed42-CurvatureDynamics] epoch 07/30  train_loss=1.1499  val_loss=1.1843  val_dice=0.0113  lr=2.72e-04
6035.4s 2746 [fold1-seed42-CurvatureDynamics] epoch 08/30  train_loss=1.1440  val_loss=1.1809  val_dice=0.0101  lr=2.62e-04
6039.5s 2747 [fold1-seed42-CurvatureDynamics] epoch 09/30  train_loss=1.1400  val_loss=1.1807  val_dice=0.0113  lr=2.51e-04
6043.4s 2748 [fold1-seed42-CurvatureDynamics] epoch 10/30  train_loss=1.1378  val_loss=1.2037  val_dice=0.0126  lr=2.39e-04
6047.3s 2749 [fold1-seed42-CurvatureDynamics] epoch 11/30  train_loss=1.1336  val_loss=1.1637  val_dice=0.0139  lr=2.26e-04 *
6051.3s 2750 [fold1-seed42-CurvatureDynamics] epoch 12/30  train_loss=1.1325  val_loss=1.1796  val_dice=0.0140  lr=2.12e-04 *
6055.2s 2751 [fold1-seed42-CurvatureDynamics] epoch 13/30  train_loss=1.1317  val_loss=1.1917  val_dice=0.0105  lr=1.97e-04
6059.1s 2752 [fold1-seed42-CurvatureDynamics] epoch 14/30  train_loss=1.1254  val_loss=1.2026  val_dice=0.0107  lr=1.82e-04
6063.1s 2753 [fold1-seed42-CurvatureDynamics] epoch 15/30  train_loss=1.1223  val_loss=1.1778  val_dice=0.0152  lr=1.67e-04 *
6067.1s 2754 [fold1-seed42-CurvatureDynamics] epoch 16/30  train_loss=1.1178  val_loss=1.1764  val_dice=0.0153  lr=1.51e-04 *
6071.0s 2755 [fold1-seed42-CurvatureDynamics] epoch 17/30  train_loss=1.1163  val_loss=1.1977  val_dice=0.0115  lr=1.36e-04
6074.8s 2756 [fold1-seed42-CurvatureDynamics] epoch 18/30  train_loss=1.1176  val_loss=1.2124  val_dice=0.0187  lr=1.21e-04 *
6078.6s 2757 [fold1-seed42-CurvatureDynamics] epoch 19/30  train_loss=1.1119  val_loss=1.1741  val_dice=0.0134  lr=1.06e-04
6082.4s 2758 [fold1-seed42-CurvatureDynamics] epoch 20/30  train_loss=1.1103  val_loss=1.1925  val_dice=0.0147  lr=9.11e-05
6086.2s 2759 [fold1-seed42-CurvatureDynamics] epoch 21/30  train_loss=1.1063  val_loss=1.1844  val_dice=0.0133  lr=7.73e-05
6090.0s 2760 [fold1-seed42-CurvatureDynamics] epoch 22/30  train_loss=1.1077  val_loss=1.2184  val_dice=0.0163  lr=6.42e-05
6093.9s 2761 [fold1-seed42-CurvatureDynamics] epoch 23/30  train_loss=1.1041  val_loss=1.2199  val_dice=0.0151  lr=5.21e-05
6097.6s 2762 [fold1-seed42-CurvatureDynamics] epoch 24/30  train_loss=1.1042  val_loss=1.2016  val_dice=0.0159  lr=4.11e-05
6097.6s 2763 [fold1-seed42-CurvatureDynamics] early stopping at epoch 24 (no improvement in val dice for 6 epochs; best was epoch 18)
6098.9s 2764 [checkpoint] saved fold 1 seed 42 CurvatureDynamics result -> outputs/kfold_checkpoint_curvature_2d.csv
6098.9s 2765 
6098.9s 2766 ===== [CurvatureDynamics] Fold 1/5  |  seed 43 (2/5) =====
6099.5s 2767 lambda=0.20  alpha=0.02  ->  lesion-discrimination AUC = 0.3579  (n=8/8 usable batches)
6099.8s 2768 lambda=0.20  alpha=0.05  ->  lesion-discrimination AUC = 0.3432  (n=8/8 usable batches)
6100.1s 2769 lambda=0.20  alpha=0.10  ->  lesion-discrimination AUC = 0.3234  (n=8/8 usable batches)
6100.4s 2770 lambda=0.20  alpha=0.20  ->  lesion-discrimination AUC = 0.3630  (n=8/8 usable batches)
6100.7s 2771 lambda=0.40  alpha=0.02  ->  lesion-discrimination AUC = 0.3262  (n=8/8 usable batches)
6101.4s 2772 lambda=0.40  alpha=0.05  ->  lesion-discrimination AUC = 0.3938  (n=8/8 usable batches)
6101.4s 2773 lambda=0.40  alpha=0.10  ->  lesion-discrimination AUC = 0.3738  (n=8/8 usable batches)
6101.7s 2774 lambda=0.40  alpha=0.20  ->  lesion-discrimination AUC = 0.3404  (n=8/8 usable batches)
6102.0s 2775 lambda=0.60  alpha=0.02  ->  lesion-discrimination AUC = 0.3725  (n=8/8 usable batches)
6102.3s 2776 lambda=0.60  alpha=0.05  ->  lesion-discrimination AUC = 0.3648  (n=8/8 usable batches)
6102.6s 2777 lambda=0.60  alpha=0.10  ->  lesion-discrimination AUC = 0.3379  (n=8/8 usable batches)
6102.9s 2778 lambda=0.60  alpha=0.20  ->  lesion-discrimination AUC = 0.4003  (n=8/8 usable batches)
6103.3s 2779 lambda=0.80  alpha=0.02  ->  lesion-discrimination AUC = 0.3741  (n=8/8 usable batches)
6103.6s 2780 lambda=0.80  alpha=0.05  ->  lesion-discrimination AUC = 0.3747  (n=8/8 usable batches)
6103.9s 2781 lambda=0.80  alpha=0.10  ->  lesion-discrimination AUC = 0.3660  (n=8/8 usable batches)
6104.2s 2782 lambda=0.80  alpha=0.20  ->  lesion-discrimination AUC = 0.3693  (n=8/8 usable batches)
6104.6s 2783 /tmp/ipykernel_23/1756534611.py:49: FutureWarning: `torch.cuda.amp.GradScaler(args...)` is deprecated. Please use `torch.amp.GradScaler('cuda', args...)` instead.
6104.6s 2784 scaler = torch.cuda.amp.GradScaler(enabled=use_amp)
6104.6s 2785 
6104.6s 2786 /tmp/ipykernel_23/1756534611.py:49: FutureWarning: `torch.cuda.amp.GradScaler(args...)` is deprecated. Please use `torch.amp.GradScaler('cuda', args...)` instead.
6104.6s 2787 scaler = torch.cuda.amp.GradScaler(enabled=use_amp)
6108.8s 2788 [fold1-seed43-CurvatureDynamics] epoch 01/30  train_loss=1.2973  val_loss=1.2050  val_dice=0.0135  lr=3.00e-04 *
6112.7s 2789 [fold1-seed43-CurvatureDynamics] epoch 02/30  train_loss=1.1737  val_loss=1.2199  val_dice=0.0107  lr=2.99e-04
6116.6s 2790 [fold1-seed43-CurvatureDynamics] epoch 03/30  train_loss=1.1624  val_loss=1.2022  val_dice=0.0112  lr=2.97e-04
6120.5s 2791 [fold1-seed43-CurvatureDynamics] epoch 04/30  train_loss=1.1625  val_loss=1.1878  val_dice=0.0111  lr=2.93e-04
6124.5s 2792 [fold1-seed43-CurvatureDynamics] epoch 05/30  train_loss=1.1603  val_loss=1.1779  val_dice=0.0109  lr=2.87e-04
6128.5s 2793 [fold1-seed43-CurvatureDynamics] epoch 06/30  train_loss=1.1470  val_loss=1.1818  val_dice=0.0111  lr=2.80e-04
6132.5s 2794 [fold1-seed43-CurvatureDynamics] epoch 07/30  train_loss=1.1440  val_loss=1.1957  val_dice=0.0116  lr=2.72e-04
6132.5s 2795 [fold1-seed43-CurvatureDynamics] early stopping at epoch 7 (no improvement in val dice for 6 epochs; best was epoch 1)
6133.4s 2796 [checkpoint] saved fold 1 seed 43 CurvatureDynamics result -> outputs/kfold_checkpoint_curvature_2d.csv
6133.4s 2797 
6133.4s 2798 ===== [CurvatureDynamics] Fold 1/5  |  seed 44 (3/5) =====
6134.1s 2799 lambda=0.20  alpha=0.02  ->  lesion-discrimination AUC = 0.3511  (n=8/8 usable batches)
6134.4s 2800 lambda=0.20  alpha=0.05  ->  lesion-discrimination AUC = 0.3931  (n=8/8 usable batches)
6134.7s 2801 lambda=0.20  alpha=0.10  ->  lesion-discrimination AUC = 0.3598  (n=8/8 usable batches)
6135.0s 2802 lambda=0.20  alpha=0.20  ->  lesion-discrimination AUC = 0.3480  (n=8/8 usable batches)
6135.3s 2803 lambda=0.40  alpha=0.02  ->  lesion-discrimination AUC = 0.3622  (n=8/8 usable batches)
6135.6s 2804 lambda=0.40  alpha=0.05  ->  lesion-discrimination AUC = 0.3854  (n=8/8 usable batches)
6135.9s 2805 lambda=0.40  alpha=0.10  ->  lesion-discrimination AUC = 0.3937  (n=8/8 usable batches)
6136.2s 2806 lambda=0.40  alpha=0.20  ->  lesion-discrimination AUC = 0.3897  (n=8/8 usable batches)
6136.5s 2807 lambda=0.60  alpha=0.02  ->  lesion-discrimination AUC = 0.4081  (n=8/8 usable batches)
6136.9s 2808 lambda=0.60  alpha=0.05  ->  lesion-discrimination AUC = 0.3848  (n=8/8 usable batches)
6137.2s 2809 lambda=0.60  alpha=0.10  ->  lesion-discrimination AUC = 0.3882  (n=8/8 usable batches)
6137.5s 2810 lambda=0.60  alpha=0.20  ->  lesion-discrimination AUC = 0.3657  (n=8/8 usable batches)
6137.8s 2811 lambda=0.80  alpha=0.02  ->  lesion-discrimination AUC = 0.3677  (n=8/8 usable batches)
6138.1s 2812 lambda=0.80  alpha=0.05  ->  lesion-discrimination AUC = 0.3809  (n=8/8 usable batches)
6138.4s 2813 lambda=0.80  alpha=0.10  ->  lesion-discrimination AUC = 0.3547  (n=8/8 usable batches)
6138.7s 2814 lambda=0.80  alpha=0.20  ->  lesion-discrimination AUC = 0.3636  (n=8/8 usable batches)
6139.1s 2815 /tmp/ipykernel_23/1756534611.py:49: FutureWarning: `torch.cuda.amp.GradScaler(args...)` is deprecated. Please use `torch.amp.GradScaler('cuda', args...)` instead.
6139.1s 2816 scaler = torch.cuda.amp.GradScaler(enabled=use_amp)
6139.1s 2817 
6139.1s 2818 /tmp/ipykernel_23/1756534611.py:49: FutureWarning: `torch.cuda.amp.GradScaler(args...)` is deprecated. Please use `torch.amp.GradScaler('cuda', args...)` instead.
6139.1s 2819 scaler = torch.cuda.amp.GradScaler(enabled=use_amp)
6143.2s 2820 [fold1-seed44-CurvatureDynamics] epoch 01/30  train_loss=1.2866  val_loss=1.2321  val_dice=0.0056  lr=3.00e-04 *
6147.1s 2821 [fold1-seed44-CurvatureDynamics] epoch 02/30  train_loss=1.1837  val_loss=1.1460  val_dice=0.0053  lr=2.99e-04
6151.0s 2822 [fold1-seed44-CurvatureDynamics] epoch 03/30  train_loss=1.1733  val_loss=1.1311  val_dice=0.0058  lr=2.97e-04 *
6154.9s 2823 [fold1-seed44-CurvatureDynamics] epoch 04/30  train_loss=1.1671  val_loss=1.1103  val_dice=0.0067  lr=2.93e-04 *
6158.9s 2824 [fold1-seed44-CurvatureDynamics] epoch 05/30  train_loss=1.1639  val_loss=1.1320  val_dice=0.0055  lr=2.87e-04
6163.0s 2825 [fold1-seed44-CurvatureDynamics] epoch 06/30  train_loss=1.1588  val_loss=1.1237  val_dice=0.0059  lr=2.80e-04
6166.9s 2826 [fold1-seed44-CurvatureDynamics] epoch 07/30  train_loss=1.1584  val_loss=1.1057  val_dice=0.0067  lr=2.72e-04
6170.8s 2827 [fold1-seed44-CurvatureDynamics] epoch 08/30  train_loss=1.1512  val_loss=1.1009  val_dice=0.0089  lr=2.62e-04 *
6174.7s 2828 [fold1-seed44-CurvatureDynamics] epoch 09/30  train_loss=1.1470  val_loss=1.0968  val_dice=0.0077  lr=2.51e-04
6178.6s 2829 [fold1-seed44-CurvatureDynamics] epoch 10/30  train_loss=1.1407  val_loss=1.1016  val_dice=0.0101  lr=2.39e-04 *
6182.5s 2830 [fold1-seed44-CurvatureDynamics] epoch 11/30  train_loss=1.1389  val_loss=1.0946  val_dice=0.0092  lr=2.26e-04
6186.3s 2831 [fold1-seed44-CurvatureDynamics] epoch 12/30  train_loss=1.1333  val_loss=1.0982  val_dice=0.0096  lr=2.12e-04
6190.2s 2832 [fold1-seed44-CurvatureDynamics] epoch 13/30  train_loss=1.1345  val_loss=1.0955  val_dice=0.0095  lr=1.97e-04
6194.2s 2833 [fold1-seed44-CurvatureDynamics] epoch 14/30  train_loss=1.1306  val_loss=1.0928  val_dice=0.0107  lr=1.82e-04 *
6197.9s 2834 [fold1-seed44-CurvatureDynamics] epoch 15/30  train_loss=1.1273  val_loss=1.0895  val_dice=0.0099  lr=1.67e-04
6201.8s 2835 [fold1-seed44-CurvatureDynamics] epoch 16/30  train_loss=1.1274  val_loss=1.0915  val_dice=0.0102  lr=1.51e-04
6205.6s 2836 [fold1-seed44-CurvatureDynamics] epoch 17/30  train_loss=1.1238  val_loss=1.0934  val_dice=0.0123  lr=1.36e-04 *
6209.6s 2837 [fold1-seed44-CurvatureDynamics] epoch 18/30  train_loss=1.1192  val_loss=1.0825  val_dice=0.0113  lr=1.21e-04
6213.5s 2838 [fold1-seed44-CurvatureDynamics] epoch 19/30  train_loss=1.1178  val_loss=1.0968  val_dice=0.0098  lr=1.06e-04
6217.3s 2839 [fold1-seed44-CurvatureDynamics] epoch 20/30  train_loss=1.1189  val_loss=1.0857  val_dice=0.0127  lr=9.11e-05 *
6221.2s 2840 [fold1-seed44-CurvatureDynamics] epoch 21/30  train_loss=1.1152  val_loss=1.0870  val_dice=0.0119  lr=7.73e-05
6225.2s 2841 [fold1-seed44-CurvatureDynamics] epoch 22/30  train_loss=1.1128  val_loss=1.0920  val_dice=0.0137  lr=6.42e-05 *
6228.9s 2842 [fold1-seed44-CurvatureDynamics] epoch 23/30  train_loss=1.1105  val_loss=1.1113  val_dice=0.0149  lr=5.21e-05 *
6232.8s 2843 [fold1-seed44-CurvatureDynamics] epoch 24/30  train_loss=1.1109  val_loss=1.0840  val_dice=0.0117  lr=4.11e-05
6236.7s 2844 [fold1-seed44-CurvatureDynamics] epoch 25/30  train_loss=1.1089  val_loss=1.0866  val_dice=0.0129  lr=3.14e-05
6240.6s 2845 [fold1-seed44-CurvatureDynamics] epoch 26/30  train_loss=1.1059  val_loss=1.0848  val_dice=0.0128  lr=2.29e-05
6244.6s 2846 [fold1-seed44-CurvatureDynamics] epoch 27/30  train_loss=1.1076  val_loss=1.0831  val_dice=0.0126  lr=1.58e-05
6248.4s 2847 [fold1-seed44-CurvatureDynamics] epoch 28/30  train_loss=1.1053  val_loss=1.0850  val_dice=0.0130  lr=1.03e-05
6252.4s 2848 [fold1-seed44-CurvatureDynamics] epoch 29/30  train_loss=1.1067  val_loss=1.0855  val_dice=0.0134  lr=6.25e-06
6252.4s 2849 [fold1-seed44-CurvatureDynamics] early stopping at epoch 29 (no improvement in val dice for 6 epochs; best was epoch 23)
6253.4s 2850 [checkpoint] saved fold 1 seed 44 CurvatureDynamics result -> outputs/kfold_checkpoint_curvature_2d.csv
6253.4s 2851 
6253.4s 2852 ===== [CurvatureDynamics] Fold 1/5  |  seed 45 (4/5) =====
6254.0s 2853 lambda=0.20  alpha=0.02  ->  lesion-discrimination AUC = 0.4222  (n=8/8 usable batches)
6254.3s 2854 lambda=0.20  alpha=0.05  ->  lesion-discrimination AUC = 0.4074  (n=8/8 usable batches)
6254.6s 2855 lambda=0.20  alpha=0.10  ->  lesion-discrimination AUC = 0.3773  (n=8/8 usable batches)
6254.9s 2856 lambda=0.20  alpha=0.20  ->  lesion-discrimination AUC = 0.4303  (n=8/8 usable batches)
6255.4s 2857 lambda=0.40  alpha=0.02  ->  lesion-discrimination AUC = 0.3842  (n=8/8 usable batches)
6255.5s 2858 lambda=0.40  alpha=0.05  ->  lesion-discrimination AUC = 0.4198  (n=8/8 usable batches)
6255.9s 2859 lambda=0.40  alpha=0.10  ->  lesion-discrimination AUC = 0.4384  (n=8/8 usable batches)
6256.2s 2860 lambda=0.40  alpha=0.20  ->  lesion-discrimination AUC = 0.3734  (n=8/8 usable batches)
6256.5s 2861 lambda=0.60  alpha=0.02  ->  lesion-discrimination AUC = 0.4098  (n=8/8 usable batches)
6256.8s 2862 lambda=0.60  alpha=0.05  ->  lesion-discrimination AUC = 0.4051  (n=8/8 usable batches)
6257.1s 2863 lambda=0.60  alpha=0.10  ->  lesion-discrimination AUC = 0.3778  (n=8/8 usable batches)
6257.4s 2864 lambda=0.60  alpha=0.20  ->  lesion-discrimination AUC = 0.4238  (n=8/8 usable batches)
6257.8s 2865 lambda=0.80  alpha=0.02  ->  lesion-discrimination AUC = 0.4076  (n=8/8 usable batches)
6258.1s 2866 lambda=0.80  alpha=0.05  ->  lesion-discrimination AUC = 0.4011  (n=8/8 usable batches)
6258.4s 2867 lambda=0.80  alpha=0.10  ->  lesion-discrimination AUC = 0.3971  (n=8/8 usable batches)
6258.7s 2868 lambda=0.80  alpha=0.20  ->  lesion-discrimination AUC = 0.4154  (n=8/8 usable batches)
6259.1s 2869 /tmp/ipykernel_23/1756534611.py:49: FutureWarning: `torch.cuda.amp.GradScaler(args...)` is deprecated. Please use `torch.amp.GradScaler('cuda', args...)` instead.
6259.1s 2870 scaler = torch.cuda.amp.GradScaler(enabled=use_amp)
6259.1s 2871 
6259.1s 2872 /tmp/ipykernel_23/1756534611.py:49: FutureWarning: `torch.cuda.amp.GradScaler(args...)` is deprecated. Please use `torch.amp.GradScaler('cuda', args...)` instead.
6259.1s 2873 scaler = torch.cuda.amp.GradScaler(enabled=use_amp)
6263.3s 2874 [fold1-seed45-CurvatureDynamics] epoch 01/30  train_loss=1.4059  val_loss=1.3958  val_dice=0.0245  lr=3.00e-04 *
6267.2s 2875 [fold1-seed45-CurvatureDynamics] epoch 02/30  train_loss=1.1936  val_loss=1.3829  val_dice=0.0174  lr=2.99e-04
6271.1s 2876 [fold1-seed45-CurvatureDynamics] epoch 03/30  train_loss=1.1678  val_loss=1.3250  val_dice=0.0173  lr=2.97e-04
6275.0s 2877 [fold1-seed45-CurvatureDynamics] epoch 04/30  train_loss=1.1527  val_loss=1.2967  val_dice=0.0202  lr=2.93e-04
6279.0s 2878 [fold1-seed45-CurvatureDynamics] epoch 05/30  train_loss=1.1450  val_loss=1.3100  val_dice=0.0181  lr=2.87e-04
6282.9s 2879 [fold1-seed45-CurvatureDynamics] epoch 06/30  train_loss=1.1408  val_loss=1.3030  val_dice=0.0205  lr=2.80e-04
6286.9s 2880 [fold1-seed45-CurvatureDynamics] epoch 07/30  train_loss=1.1409  val_loss=1.3468  val_dice=0.0222  lr=2.72e-04
6286.9s 2881 [fold1-seed45-CurvatureDynamics] early stopping at epoch 7 (no improvement in val dice for 6 epochs; best was epoch 1)
6287.9s 2882 [checkpoint] saved fold 1 seed 45 CurvatureDynamics result -> outputs/kfold_checkpoint_curvature_2d.csv
6287.9s 2883 
6287.9s 2884 ===== [CurvatureDynamics] Fold 1/5  |  seed 46 (5/5) =====
6288.5s 2885 lambda=0.20  alpha=0.02  ->  lesion-discrimination AUC = 0.3451  (n=8/8 usable batches)
6288.8s 2886 lambda=0.20  alpha=0.05  ->  lesion-discrimination AUC = 0.3860  (n=8/8 usable batches)
6289.1s 2887 lambda=0.20  alpha=0.10  ->  lesion-discrimination AUC = 0.4116  (n=8/8 usable batches)
6289.4s 2888 lambda=0.20  alpha=0.20  ->  lesion-discrimination AUC = 0.3912  (n=8/8 usable batches)
6289.7s 2889 lambda=0.40  alpha=0.02  ->  lesion-discrimination AUC = 0.3541  (n=8/8 usable batches)
6290.0s 2890 lambda=0.40  alpha=0.05  ->  lesion-discrimination AUC = 0.3282  (n=8/8 usable batches)
6290.3s 2891 lambda=0.40  alpha=0.10  ->  lesion-discrimination AUC = 0.4334  (n=8/8 usable batches)
6290.6s 2892 lambda=0.40  alpha=0.20  ->  lesion-discrimination AUC = 0.3655  (n=8/8 usable batches)
6290.9s 2893 lambda=0.60  alpha=0.02  ->  lesion-discrimination AUC = 0.3834  (n=8/8 usable batches)
6291.3s 2894 lambda=0.60  alpha=0.05  ->  lesion-discrimination AUC = 0.3822  (n=8/8 usable batches)
6291.6s 2895 lambda=0.60  alpha=0.10  ->  lesion-discrimination AUC = 0.3585  (n=8/8 usable batches)
6291.9s 2896 lambda=0.60  alpha=0.20  ->  lesion-discrimination AUC = 0.3807  (n=8/8 usable batches)
6292.2s 2897 lambda=0.80  alpha=0.02  ->  lesion-discrimination AUC = 0.3974  (n=8/8 usable batches)
6292.5s 2898 lambda=0.80  alpha=0.05  ->  lesion-discrimination AUC = 0.3698  (n=8/8 usable batches)
6292.8s 2899 lambda=0.80  alpha=0.10  ->  lesion-discrimination AUC = 0.4067  (n=8/8 usable batches)
6293.1s 2900 lambda=0.80  alpha=0.20  ->  lesion-discrimination AUC = 0.3703  (n=8/8 usable batches)
6293.6s 2901 /tmp/ipykernel_23/1756534611.py:49: FutureWarning: `torch.cuda.amp.GradScaler(args...)` is deprecated. Please use `torch.amp.GradScaler('cuda', args...)` instead.
6293.6s 2902 scaler = torch.cuda.amp.GradScaler(enabled=use_amp)
6293.6s 2903 
6293.6s 2904 /tmp/ipykernel_23/1756534611.py:49: FutureWarning: `torch.cuda.amp.GradScaler(args...)` is deprecated. Please use `torch.amp.GradScaler('cuda', args...)` instead.
6293.6s 2905 scaler = torch.cuda.amp.GradScaler(enabled=use_amp)
6297.7s 2906 [fold1-seed46-CurvatureDynamics] epoch 01/30  train_loss=1.3242  val_loss=1.2416  val_dice=0.0023  lr=3.00e-04 *
6301.7s 2907 [fold1-seed46-CurvatureDynamics] epoch 02/30  train_loss=1.1929  val_loss=1.1202  val_dice=0.0053  lr=2.99e-04 *
6305.5s 2908 [fold1-seed46-CurvatureDynamics] epoch 03/30  train_loss=1.1768  val_loss=1.1359  val_dice=0.0042  lr=2.97e-04
6309.4s 2909 [fold1-seed46-CurvatureDynamics] epoch 04/30  train_loss=1.1798  val_loss=1.1134  val_dice=0.0048  lr=2.93e-04
6313.4s 2910 [fold1-seed46-CurvatureDynamics] epoch 05/30  train_loss=1.1635  val_loss=1.1027  val_dice=0.0049  lr=2.87e-04
6317.4s 2911 [fold1-seed46-CurvatureDynamics] epoch 06/30  train_loss=1.1635  val_loss=1.0989  val_dice=0.0060  lr=2.80e-04 *
6321.3s 2912 [fold1-seed46-CurvatureDynamics] epoch 07/30  train_loss=1.1597  val_loss=1.1021  val_dice=0.0056  lr=2.72e-04
6325.2s 2913 [fold1-seed46-CurvatureDynamics] epoch 08/30  train_loss=1.1579  val_loss=1.0962  val_dice=0.0068  lr=2.62e-04 *
6329.2s 2914 [fold1-seed46-CurvatureDynamics] epoch 09/30  train_loss=1.1532  val_loss=1.0969  val_dice=0.0069  lr=2.51e-04 *
6333.0s 2915 [fold1-seed46-CurvatureDynamics] epoch 10/30  train_loss=1.1536  val_loss=1.0986  val_dice=0.0079  lr=2.39e-04 *
6336.9s 2916 [fold1-seed46-CurvatureDynamics] epoch 11/30  train_loss=1.1486  val_loss=1.0992  val_dice=0.0076  lr=2.26e-04
6340.7s 2917 [fold1-seed46-CurvatureDynamics] epoch 12/30  train_loss=1.1439  val_loss=1.0969  val_dice=0.0064  lr=2.12e-04
6344.6s 2918 [fold1-seed46-CurvatureDynamics] epoch 13/30  train_loss=1.1370  val_loss=1.0870  val_dice=0.0088  lr=1.97e-04 *
6348.6s 2919 [fold1-seed46-CurvatureDynamics] epoch 14/30  train_loss=1.1358  val_loss=1.0938  val_dice=0.0088  lr=1.82e-04 *
6352.4s 2920 [fold1-seed46-CurvatureDynamics] epoch 15/30  train_loss=1.1336  val_loss=1.0967  val_dice=0.0096  lr=1.67e-04 *
6356.3s 2921 [fold1-seed46-CurvatureDynamics] epoch 16/30  train_loss=1.1300  val_loss=1.0807  val_dice=0.0083  lr=1.51e-04
6360.1s 2922 [fold1-seed46-CurvatureDynamics] epoch 17/30  train_loss=1.1283  val_loss=1.0814  val_dice=0.0093  lr=1.36e-04
6364.0s 2923 [fold1-seed46-CurvatureDynamics] epoch 18/30  train_loss=1.1261  val_loss=1.0954  val_dice=0.0109  lr=1.21e-04 *
6368.0s 2924 [fold1-seed46-CurvatureDynamics] epoch 19/30  train_loss=1.1231  val_loss=1.0794  val_dice=0.0108  lr=1.06e-04
6371.8s 2925 [fold1-seed46-CurvatureDynamics] epoch 20/30  train_loss=1.1208  val_loss=1.0908  val_dice=0.0108  lr=9.11e-05
6375.7s 2926 [fold1-seed46-CurvatureDynamics] epoch 21/30  train_loss=1.1207  val_loss=1.0950  val_dice=0.0110  lr=7.73e-05 *
6379.7s 2927 [fold1-seed46-CurvatureDynamics] epoch 22/30  train_loss=1.1182  val_loss=1.0816  val_dice=0.0121  lr=6.42e-05 *
6383.5s 2928 [fold1-seed46-CurvatureDynamics] epoch 23/30  train_loss=1.1146  val_loss=1.0905  val_dice=0.0120  lr=5.21e-05
6387.4s 2929 [fold1-seed46-CurvatureDynamics] epoch 24/30  train_loss=1.1111  val_loss=1.1000  val_dice=0.0114  lr=4.11e-05
6391.3s 2930 [fold1-seed46-CurvatureDynamics] epoch 25/30  train_loss=1.1133  val_loss=1.0771  val_dice=0.0127  lr=3.14e-05 *
6395.3s 2931 [fold1-seed46-CurvatureDynamics] epoch 26/30  train_loss=1.1103  val_loss=1.0845  val_dice=0.0129  lr=2.29e-05 *
6399.2s 2932 [fold1-seed46-CurvatureDynamics] epoch 27/30  train_loss=1.1113  val_loss=1.0852  val_dice=0.0140  lr=1.58e-05 *
6403.1s 2933 [fold1-seed46-CurvatureDynamics] epoch 28/30  train_loss=1.1074  val_loss=1.0796  val_dice=0.0139  lr=1.03e-05
6407.0s 2934 [fold1-seed46-CurvatureDynamics] epoch 29/30  train_loss=1.1065  val_loss=1.0825  val_dice=0.0139  lr=6.25e-06
6411.1s 2935 [fold1-seed46-CurvatureDynamics] epoch 30/30  train_loss=1.1070  val_loss=1.0827  val_dice=0.0137  lr=3.81e-06
6412.0s 2936 [checkpoint] saved fold 1 seed 46 CurvatureDynamics result -> outputs/kfold_checkpoint_curvature_2d.csv
6412.0s 2937 
6412.0s 2938 [kfold-curv] fold 2/5: loading 16 train/val + 4 test patient(s) into cache...
6525.8s 2939 [SliceCache] loaded + precomputed 16 patient(s), 689 usable slice(s).
6554.7s 2940 [SliceCache] loaded + precomputed 4 patient(s), 172 usable slice(s).
6554.7s 2941 
6554.7s 2942 ===== [CurvatureDynamics] Fold 2/5  |  seed 42 (1/5) =====
6555.3s 2943 lambda=0.20  alpha=0.02  ->  lesion-discrimination AUC = 0.3862  (n=8/8 usable batches)
6555.6s 2944 lambda=0.20  alpha=0.05  ->  lesion-discrimination AUC = 0.3668  (n=8/8 usable batches)
6556.1s 2945 lambda=0.20  alpha=0.10  ->  lesion-discrimination AUC = 0.3504  (n=8/8 usable batches)
6556.3s 2946 lambda=0.20  alpha=0.20  ->  lesion-discrimination AUC = 0.3753  (n=8/8 usable batches)
6556.6s 2947 lambda=0.40  alpha=0.02  ->  lesion-discrimination AUC = 0.4010  (n=8/8 usable batches)
6557.0s 2948 lambda=0.40  alpha=0.05  ->  lesion-discrimination AUC = 0.4038  (n=8/8 usable batches)
6557.3s 2949 lambda=0.40  alpha=0.10  ->  lesion-discrimination AUC = 0.3905  (n=8/8 usable batches)
6557.6s 2950 lambda=0.40  alpha=0.20  ->  lesion-discrimination AUC = 0.3618  (n=8/8 usable batches)
6557.9s 2951 lambda=0.60  alpha=0.02  ->  lesion-discrimination AUC = 0.3903  (n=8/8 usable batches)
6558.2s 2952 lambda=0.60  alpha=0.05  ->  lesion-discrimination AUC = 0.3915  (n=8/8 usable batches)
6558.5s 2953 lambda=0.60  alpha=0.10  ->  lesion-discrimination AUC = 0.3691  (n=8/8 usable batches)
6558.9s 2954 lambda=0.60  alpha=0.20  ->  lesion-discrimination AUC = 0.3685  (n=8/8 usable batches)
6559.2s 2955 lambda=0.80  alpha=0.02  ->  lesion-discrimination AUC = 0.3670  (n=8/8 usable batches)
6559.5s 2956 lambda=0.80  alpha=0.05  ->  lesion-discrimination AUC = 0.3957  (n=8/8 usable batches)
6559.9s 2957 lambda=0.80  alpha=0.10  ->  lesion-discrimination AUC = 0.4040  (n=8/8 usable batches)
6560.2s 2958 lambda=0.80  alpha=0.20  ->  lesion-discrimination AUC = 0.4032  (n=8/8 usable batches)
6560.6s 2959 /tmp/ipykernel_23/1756534611.py:49: FutureWarning: `torch.cuda.amp.GradScaler(args...)` is deprecated. Please use `torch.amp.GradScaler('cuda', args...)` instead.
6560.6s 2960 scaler = torch.cuda.amp.GradScaler(enabled=use_amp)
6560.6s 2961 
6560.6s 2962 /tmp/ipykernel_23/1756534611.py:49: FutureWarning: `torch.cuda.amp.GradScaler(args...)` is deprecated. Please use `torch.amp.GradScaler('cuda', args...)` instead.
6560.6s 2963 scaler = torch.cuda.amp.GradScaler(enabled=use_amp)
6564.7s 2964 [fold2-seed42-CurvatureDynamics] epoch 01/30  train_loss=1.2964  val_loss=1.2377  val_dice=0.0166  lr=3.00e-04 *
6568.5s 2965 [fold2-seed42-CurvatureDynamics] epoch 02/30  train_loss=1.1808  val_loss=1.2342  val_dice=0.0154  lr=2.99e-04
6572.3s 2966 [fold2-seed42-CurvatureDynamics] epoch 03/30  train_loss=1.1729  val_loss=1.2081  val_dice=0.0160  lr=2.97e-04
6576.3s 2967 [fold2-seed42-CurvatureDynamics] epoch 04/30  train_loss=1.1653  val_loss=1.1816  val_dice=0.0159  lr=2.93e-04
6580.2s 2968 [fold2-seed42-CurvatureDynamics] epoch 05/30  train_loss=1.1595  val_loss=1.2081  val_dice=0.0177  lr=2.87e-04 *
6584.1s 2969 [fold2-seed42-CurvatureDynamics] epoch 06/30  train_loss=1.1582  val_loss=1.1728  val_dice=0.0171  lr=2.80e-04
6588.2s 2970 [fold2-seed42-CurvatureDynamics] epoch 07/30  train_loss=1.1575  val_loss=1.2130  val_dice=0.0172  lr=2.72e-04
6592.0s 2971 [fold2-seed42-CurvatureDynamics] epoch 08/30  train_loss=1.1499  val_loss=1.2764  val_dice=0.0165  lr=2.62e-04
6595.9s 2972 [fold2-seed42-CurvatureDynamics] epoch 09/30  train_loss=1.1467  val_loss=1.2574  val_dice=0.0154  lr=2.51e-04
6600.0s 2973 [fold2-seed42-CurvatureDynamics] epoch 10/30  train_loss=1.1455  val_loss=1.1841  val_dice=0.0176  lr=2.39e-04
6604.0s 2974 [fold2-seed42-CurvatureDynamics] epoch 11/30  train_loss=1.1449  val_loss=1.1918  val_dice=0.0188  lr=2.26e-04 *
6607.9s 2975 [fold2-seed42-CurvatureDynamics] epoch 12/30  train_loss=1.1425  val_loss=1.1985  val_dice=0.0165  lr=2.12e-04
6611.8s 2976 [fold2-seed42-CurvatureDynamics] epoch 13/30  train_loss=1.1398  val_loss=1.1942  val_dice=0.0183  lr=1.97e-04
6615.7s 2977 [fold2-seed42-CurvatureDynamics] epoch 14/30  train_loss=1.1347  val_loss=1.2123  val_dice=0.0194  lr=1.82e-04 *
6619.6s 2978 [fold2-seed42-CurvatureDynamics] epoch 15/30  train_loss=1.1349  val_loss=1.1991  val_dice=0.0191  lr=1.67e-04
6623.4s 2979 [fold2-seed42-CurvatureDynamics] epoch 16/30  train_loss=1.1362  val_loss=1.1737  val_dice=0.0188  lr=1.51e-04
6627.3s 2980 [fold2-seed42-CurvatureDynamics] epoch 17/30  train_loss=1.1307  val_loss=1.2120  val_dice=0.0194  lr=1.36e-04 *
6631.2s 2981 [fold2-seed42-CurvatureDynamics] epoch 18/30  train_loss=1.1319  val_loss=1.1853  val_dice=0.0169  lr=1.21e-04
6635.0s 2982 [fold2-seed42-CurvatureDynamics] epoch 19/30  train_loss=1.1275  val_loss=1.1788  val_dice=0.0183  lr=1.06e-04
6638.8s 2983 [fold2-seed42-CurvatureDynamics] epoch 20/30  train_loss=1.1243  val_loss=1.1964  val_dice=0.0198  lr=9.11e-05 *
6642.7s 2984 [fold2-seed42-CurvatureDynamics] epoch 21/30  train_loss=1.1231  val_loss=1.1912  val_dice=0.0194  lr=7.73e-05
6646.5s 2985 [fold2-seed42-CurvatureDynamics] epoch 22/30  train_loss=1.1209  val_loss=1.1896  val_dice=0.0192  lr=6.42e-05
6650.4s 2986 [fold2-seed42-CurvatureDynamics] epoch 23/30  train_loss=1.1208  val_loss=1.2099  val_dice=0.0183  lr=5.21e-05
6654.1s 2987 [fold2-seed42-CurvatureDynamics] epoch 24/30  train_loss=1.1182  val_loss=1.2079  val_dice=0.0195  lr=4.11e-05
6658.0s 2988 [fold2-seed42-CurvatureDynamics] epoch 25/30  train_loss=1.1152  val_loss=1.1894  val_dice=0.0207  lr=3.14e-05 *
6661.8s 2989 [fold2-seed42-CurvatureDynamics] epoch 26/30  train_loss=1.1138  val_loss=1.1817  val_dice=0.0186  lr=2.29e-05
6665.7s 2990 [fold2-seed42-CurvatureDynamics] epoch 27/30  train_loss=1.1105  val_loss=1.1936  val_dice=0.0193  lr=1.58e-05
6669.6s 2991 [fold2-seed42-CurvatureDynamics] epoch 28/30  train_loss=1.1120  val_loss=1.1909  val_dice=0.0199  lr=1.03e-05
6673.4s 2992 [fold2-seed42-CurvatureDynamics] epoch 29/30  train_loss=1.1114  val_loss=1.1967  val_dice=0.0195  lr=6.25e-06
6677.1s 2993 [fold2-seed42-CurvatureDynamics] epoch 30/30  train_loss=1.1074  val_loss=1.1959  val_dice=0.0200  lr=3.81e-06
6678.4s 2994 [checkpoint] saved fold 2 seed 42 CurvatureDynamics result -> outputs/kfold_checkpoint_curvature_2d.csv
6678.4s 2995 
6678.4s 2996 ===== [CurvatureDynamics] Fold 2/5  |  seed 43 (2/5) =====
6679.0s 2997 lambda=0.20  alpha=0.02  ->  lesion-discrimination AUC = 0.4011  (n=8/8 usable batches)
6679.3s 2998 lambda=0.20  alpha=0.05  ->  lesion-discrimination AUC = 0.3687  (n=8/8 usable batches)
6679.6s 2999 lambda=0.20  alpha=0.10  ->  lesion-discrimination AUC = 0.3401  (n=8/8 usable batches)
6679.9s 3000 lambda=0.20  alpha=0.20  ->  lesion-discrimination AUC = 0.3682  (n=8/8 usable batches)
6680.2s 3001 lambda=0.40  alpha=0.02  ->  lesion-discrimination AUC = 0.3706  (n=8/8 usable batches)
6680.7s 3002 lambda=0.40  alpha=0.05  ->  lesion-discrimination AUC = 0.3454  (n=8/8 usable batches)
6680.9s 3003 lambda=0.40  alpha=0.10  ->  lesion-discrimination AUC = 0.3987  (n=8/8 usable batches)
6681.2s 3004 lambda=0.40  alpha=0.20  ->  lesion-discrimination AUC = 0.3556  (n=8/8 usable batches)
6681.5s 3005 lambda=0.60  alpha=0.02  ->  lesion-discrimination AUC = 0.3903  (n=8/8 usable batches)
6681.9s 3006 lambda=0.60  alpha=0.05  ->  lesion-discrimination AUC = 0.4034  (n=8/8 usable batches)
6682.2s 3007 lambda=0.60  alpha=0.10  ->  lesion-discrimination AUC = 0.3962  (n=8/8 usable batches)
6682.5s 3008 lambda=0.60  alpha=0.20  ->  lesion-discrimination AUC = 0.3616  (n=8/8 usable batches)
6682.8s 3009 lambda=0.80  alpha=0.02  ->  lesion-discrimination AUC = 0.3891  (n=8/8 usable batches)
6683.1s 3010 lambda=0.80  alpha=0.05  ->  lesion-discrimination AUC = 0.3934  (n=8/8 usable batches)
6683.4s 3011 lambda=0.80  alpha=0.10  ->  lesion-discrimination AUC = 0.3624  (n=8/8 usable batches)
6683.7s 3012 lambda=0.80  alpha=0.20  ->  lesion-discrimination AUC = 0.3439  (n=8/8 usable batches)
6684.1s 3013 /tmp/ipykernel_23/1756534611.py:49: FutureWarning: `torch.cuda.amp.GradScaler(args...)` is deprecated. Please use `torch.amp.GradScaler('cuda', args...)` instead.
6684.1s 3014 scaler = torch.cuda.amp.GradScaler(enabled=use_amp)
6684.1s 3015 
6684.1s 3016 /tmp/ipykernel_23/1756534611.py:49: FutureWarning: `torch.cuda.amp.GradScaler(args...)` is deprecated. Please use `torch.amp.GradScaler('cuda', args...)` instead.
6684.1s 3017 scaler = torch.cuda.amp.GradScaler(enabled=use_amp)
6688.2s 3018 [fold2-seed43-CurvatureDynamics] epoch 01/30  train_loss=1.3075  val_loss=1.7105  val_dice=0.0020  lr=3.00e-04 *
6692.1s 3019 [fold2-seed43-CurvatureDynamics] epoch 02/30  train_loss=1.1872  val_loss=1.1438  val_dice=0.0086  lr=2.99e-04 *
6696.1s 3020 [fold2-seed43-CurvatureDynamics] epoch 03/30  train_loss=1.1832  val_loss=1.1397  val_dice=0.0080  lr=2.97e-04
6700.0s 3021 [fold2-seed43-CurvatureDynamics] epoch 04/30  train_loss=1.1757  val_loss=1.1533  val_dice=0.0098  lr=2.93e-04 *
6703.9s 3022 [fold2-seed43-CurvatureDynamics] epoch 05/30  train_loss=1.1707  val_loss=1.1398  val_dice=0.0097  lr=2.87e-04
6707.8s 3023 [fold2-seed43-CurvatureDynamics] epoch 06/30  train_loss=1.1672  val_loss=1.1325  val_dice=0.0091  lr=2.80e-04
6711.8s 3024 [fold2-seed43-CurvatureDynamics] epoch 07/30  train_loss=1.1595  val_loss=1.1329  val_dice=0.0098  lr=2.72e-04
6715.6s 3025 [fold2-seed43-CurvatureDynamics] epoch 08/30  train_loss=1.1585  val_loss=1.1248  val_dice=0.0097  lr=2.62e-04
6719.6s 3026 [fold2-seed43-CurvatureDynamics] epoch 09/30  train_loss=1.1586  val_loss=1.1535  val_dice=0.0109  lr=2.51e-04 *
6723.5s 3027 [fold2-seed43-CurvatureDynamics] epoch 10/30  train_loss=1.1569  val_loss=1.1257  val_dice=0.0101  lr=2.39e-04
6727.3s 3028 [fold2-seed43-CurvatureDynamics] epoch 11/30  train_loss=1.1571  val_loss=1.1184  val_dice=0.0105  lr=2.26e-04
6731.2s 3029 [fold2-seed43-CurvatureDynamics] epoch 12/30  train_loss=1.1512  val_loss=1.1429  val_dice=0.0130  lr=2.12e-04 *
6735.0s 3030 [fold2-seed43-CurvatureDynamics] epoch 13/30  train_loss=1.1488  val_loss=1.1341  val_dice=0.0114  lr=1.97e-04
6738.9s 3031 [fold2-seed43-CurvatureDynamics] epoch 14/30  train_loss=1.1460  val_loss=1.1386  val_dice=0.0105  lr=1.82e-04
6742.9s 3032 [fold2-seed43-CurvatureDynamics] epoch 15/30  train_loss=1.1492  val_loss=1.1495  val_dice=0.0124  lr=1.67e-04
6746.6s 3033 [fold2-seed43-CurvatureDynamics] epoch 16/30  train_loss=1.1422  val_loss=1.1200  val_dice=0.0122  lr=1.51e-04
6750.4s 3034 [fold2-seed43-CurvatureDynamics] epoch 17/30  train_loss=1.1407  val_loss=1.2936  val_dice=0.0103  lr=1.36e-04
6754.3s 3035 [fold2-seed43-CurvatureDynamics] epoch 18/30  train_loss=1.1400  val_loss=1.1265  val_dice=0.0124  lr=1.21e-04
6754.3s 3036 [fold2-seed43-CurvatureDynamics] early stopping at epoch 18 (no improvement in val dice for 6 epochs; best was epoch 12)
6755.2s 3037 [checkpoint] saved fold 2 seed 43 CurvatureDynamics result -> outputs/kfold_checkpoint_curvature_2d.csv
6755.2s 3038 
6755.2s 3039 ===== [CurvatureDynamics] Fold 2/5  |  seed 44 (3/5) =====
6755.9s 3040 lambda=0.20  alpha=0.02  ->  lesion-discrimination AUC = 0.3533  (n=8/8 usable batches)
6756.2s 3041 lambda=0.20  alpha=0.05  ->  lesion-discrimination AUC = 0.3485  (n=8/8 usable batches)
6756.5s 3042 lambda=0.20  alpha=0.10  ->  lesion-discrimination AUC = 0.3763  (n=8/8 usable batches)
6756.8s 3043 lambda=0.20  alpha=0.20  ->  lesion-discrimination AUC = 0.4008  (n=8/8 usable batches)
6757.1s 3044 lambda=0.40  alpha=0.02  ->  lesion-discrimination AUC = 0.4195  (n=8/8 usable batches)
6757.4s 3045 lambda=0.40  alpha=0.05  ->  lesion-discrimination AUC = 0.4029  (n=8/8 usable batches)
6757.8s 3046 lambda=0.40  alpha=0.10  ->  lesion-discrimination AUC = 0.3807  (n=8/8 usable batches)
6758.1s 3047 lambda=0.40  alpha=0.20  ->  lesion-discrimination AUC = 0.4104  (n=8/8 usable batches)
6758.4s 3048 lambda=0.60  alpha=0.02  ->  lesion-discrimination AUC = 0.3425  (n=8/8 usable batches)
6758.7s 3049 lambda=0.60  alpha=0.05  ->  lesion-discrimination AUC = 0.3842  (n=8/8 usable batches)
6759.0s 3050 lambda=0.60  alpha=0.10  ->  lesion-discrimination AUC = 0.3418  (n=8/8 usable batches)
6759.3s 3051 lambda=0.60  alpha=0.20  ->  lesion-discrimination AUC = 0.4022  (n=8/8 usable batches)
6759.6s 3052 lambda=0.80  alpha=0.02  ->  lesion-discrimination AUC = 0.3905  (n=8/8 usable batches)
6759.9s 3053 lambda=0.80  alpha=0.05  ->  lesion-discrimination AUC = 0.3758  (n=8/8 usable batches)
6760.2s 3054 lambda=0.80  alpha=0.10  ->  lesion-discrimination AUC = 0.3558  (n=8/8 usable batches)
6760.5s 3055 lambda=0.80  alpha=0.20  ->  lesion-discrimination AUC = 0.3736  (n=8/8 usable batches)
6760.9s 3056 /tmp/ipykernel_23/1756534611.py:49: FutureWarning: `torch.cuda.amp.GradScaler(args...)` is deprecated. Please use `torch.amp.GradScaler('cuda', args...)` instead.
6760.9s 3057 scaler = torch.cuda.amp.GradScaler(enabled=use_amp)
6760.9s 3058 
6760.9s 3059 /tmp/ipykernel_23/1756534611.py:49: FutureWarning: `torch.cuda.amp.GradScaler(args...)` is deprecated. Please use `torch.amp.GradScaler('cuda', args...)` instead.
6760.9s 3060 scaler = torch.cuda.amp.GradScaler(enabled=use_amp)
6765.0s 3061 [fold2-seed44-CurvatureDynamics] epoch 01/30  train_loss=1.2701  val_loss=1.6082  val_dice=0.0205  lr=3.00e-04 *
6768.8s 3062 [fold2-seed44-CurvatureDynamics] epoch 02/30  train_loss=1.1687  val_loss=1.2604  val_dice=0.0184  lr=2.99e-04
6772.7s 3063 [fold2-seed44-CurvatureDynamics] epoch 03/30  train_loss=1.1650  val_loss=1.2892  val_dice=0.0166  lr=2.97e-04
6776.8s 3064 [fold2-seed44-CurvatureDynamics] epoch 04/30  train_loss=1.1567  val_loss=1.3017  val_dice=0.0174  lr=2.93e-04
6780.6s 3065 [fold2-seed44-CurvatureDynamics] epoch 05/30  train_loss=1.1576  val_loss=1.2896  val_dice=0.0179  lr=2.87e-04
6784.5s 3066 [fold2-seed44-CurvatureDynamics] epoch 06/30  train_loss=1.1490  val_loss=1.3411  val_dice=0.0150  lr=2.80e-04
6788.4s 3067 [fold2-seed44-CurvatureDynamics] epoch 07/30  train_loss=1.1470  val_loss=1.2931  val_dice=0.0171  lr=2.72e-04
6788.4s 3068 [fold2-seed44-CurvatureDynamics] early stopping at epoch 7 (no improvement in val dice for 6 epochs; best was epoch 1)
6789.4s 3069 [checkpoint] saved fold 2 seed 44 CurvatureDynamics result -> outputs/kfold_checkpoint_curvature_2d.csv
6789.4s 3070 
6789.4s 3071 ===== [CurvatureDynamics] Fold 2/5  |  seed 45 (4/5) =====
6790.1s 3072 lambda=0.20  alpha=0.02  ->  lesion-discrimination AUC = 0.3756  (n=8/8 usable batches)
6790.4s 3073 lambda=0.20  alpha=0.05  ->  lesion-discrimination AUC = 0.3584  (n=8/8 usable batches)
6790.7s 3074 lambda=0.20  alpha=0.10  ->  lesion-discrimination AUC = 0.3452  (n=8/8 usable batches)
6791.1s 3075 lambda=0.20  alpha=0.20  ->  lesion-discrimination AUC = 0.3522  (n=8/8 usable batches)
6791.4s 3076 lambda=0.40  alpha=0.02  ->  lesion-discrimination AUC = 0.3730  (n=8/8 usable batches)
6791.7s 3077 lambda=0.40  alpha=0.05  ->  lesion-discrimination AUC = 0.4128  (n=8/8 usable batches)
6792.1s 3078 lambda=0.40  alpha=0.10  ->  lesion-discrimination AUC = 0.3714  (n=8/8 usable batches)
6792.4s 3079 lambda=0.40  alpha=0.20  ->  lesion-discrimination AUC = 0.3814  (n=8/8 usable batches)
6792.7s 3080 lambda=0.60  alpha=0.02  ->  lesion-discrimination AUC = 0.3937  (n=8/8 usable batches)
6793.0s 3081 lambda=0.60  alpha=0.05  ->  lesion-discrimination AUC = 0.3880  (n=8/8 usable batches)
6793.3s 3082 lambda=0.60  alpha=0.10  ->  lesion-discrimination AUC = 0.3835  (n=8/8 usable batches)
6793.6s 3083 lambda=0.60  alpha=0.20  ->  lesion-discrimination AUC = 0.3466  (n=8/8 usable batches)
6793.9s 3084 lambda=0.80  alpha=0.02  ->  lesion-discrimination AUC = 0.3439  (n=8/8 usable batches)
6794.3s 3085 lambda=0.80  alpha=0.05  ->  lesion-discrimination AUC = 0.3946  (n=8/8 usable batches)
6794.6s 3086 lambda=0.80  alpha=0.10  ->  lesion-discrimination AUC = 0.3822  (n=8/8 usable batches)
6794.9s 3087 lambda=0.80  alpha=0.20  ->  lesion-discrimination AUC = 0.3531  (n=8/8 usable batches)
6795.2s 3088 /tmp/ipykernel_23/1756534611.py:49: FutureWarning: `torch.cuda.amp.GradScaler(args...)` is deprecated. Please use `torch.amp.GradScaler('cuda', args...)` instead.
6795.2s 3089 scaler = torch.cuda.amp.GradScaler(enabled=use_amp)
6795.2s 3090 
6795.2s 3091 /tmp/ipykernel_23/1756534611.py:49: FutureWarning: `torch.cuda.amp.GradScaler(args...)` is deprecated. Please use `torch.amp.GradScaler('cuda', args...)` instead.
6795.2s 3092 scaler = torch.cuda.amp.GradScaler(enabled=use_amp)
6799.4s 3093 [fold2-seed45-CurvatureDynamics] epoch 01/30  train_loss=1.4591  val_loss=1.1808  val_dice=0.0061  lr=3.00e-04 *
6803.3s 3094 [fold2-seed45-CurvatureDynamics] epoch 02/30  train_loss=1.2464  val_loss=1.1665  val_dice=0.0043  lr=2.99e-04
6807.3s 3095 [fold2-seed45-CurvatureDynamics] epoch 03/30  train_loss=1.2149  val_loss=1.1432  val_dice=0.0047  lr=2.97e-04
6811.1s 3096 [fold2-seed45-CurvatureDynamics] epoch 04/30  train_loss=1.1959  val_loss=1.1514  val_dice=0.0043  lr=2.93e-04
6815.0s 3097 [fold2-seed45-CurvatureDynamics] epoch 05/30  train_loss=1.1851  val_loss=1.1142  val_dice=0.0048  lr=2.87e-04
6819.0s 3098 [fold2-seed45-CurvatureDynamics] epoch 06/30  train_loss=1.1760  val_loss=1.1022  val_dice=0.0054  lr=2.80e-04
6823.0s 3099 [fold2-seed45-CurvatureDynamics] epoch 07/30  train_loss=1.1700  val_loss=1.1000  val_dice=0.0055  lr=2.72e-04
6823.0s 3100 [fold2-seed45-CurvatureDynamics] early stopping at epoch 7 (no improvement in val dice for 6 epochs; best was epoch 1)
6824.0s 3101 [checkpoint] saved fold 2 seed 45 CurvatureDynamics result -> outputs/kfold_checkpoint_curvature_2d.csv
6824.0s 3102 
6824.0s 3103 ===== [CurvatureDynamics] Fold 2/5  |  seed 46 (5/5) =====
6824.7s 3104 lambda=0.20  alpha=0.02  ->  lesion-discrimination AUC = 0.4036  (n=8/8 usable batches)
6825.0s 3105 lambda=0.20  alpha=0.05  ->  lesion-discrimination AUC = 0.3562  (n=8/8 usable batches)
6825.3s 3106 lambda=0.20  alpha=0.10  ->  lesion-discrimination AUC = 0.3679  (n=8/8 usable batches)
6825.6s 3107 lambda=0.20  alpha=0.20  ->  lesion-discrimination AUC = 0.3884  (n=8/8 usable batches)
6825.9s 3108 lambda=0.40  alpha=0.02  ->  lesion-discrimination AUC = 0.4058  (n=8/8 usable batches)
6826.2s 3109 lambda=0.40  alpha=0.05  ->  lesion-discrimination AUC = 0.3575  (n=8/8 usable batches)
6826.5s 3110 lambda=0.40  alpha=0.10  ->  lesion-discrimination AUC = 0.4143  (n=8/8 usable batches)
6826.8s 3111 lambda=0.40  alpha=0.20  ->  lesion-discrimination AUC = 0.3575  (n=8/8 usable batches)
6827.2s 3112 lambda=0.60  alpha=0.02  ->  lesion-discrimination AUC = 0.3871  (n=8/8 usable batches)
6827.5s 3113 lambda=0.60  alpha=0.05  ->  lesion-discrimination AUC = 0.3467  (n=8/8 usable batches)
6827.8s 3114 lambda=0.60  alpha=0.10  ->  lesion-discrimination AUC = 0.4209  (n=8/8 usable batches)
6828.1s 3115 lambda=0.60  alpha=0.20  ->  lesion-discrimination AUC = 0.3432  (n=8/8 usable batches)
6828.4s 3116 lambda=0.80  alpha=0.02  ->  lesion-discrimination AUC = 0.3825  (n=8/8 usable batches)
6828.7s 3117 lambda=0.80  alpha=0.05  ->  lesion-discrimination AUC = 0.3532  (n=8/8 usable batches)
6829.1s 3118 lambda=0.80  alpha=0.10  ->  lesion-discrimination AUC = 0.3624  (n=8/8 usable batches)
6829.4s 3119 lambda=0.80  alpha=0.20  ->  lesion-discrimination AUC = 0.3329  (n=8/8 usable batches)
6829.8s 3120 /tmp/ipykernel_23/1756534611.py:49: FutureWarning: `torch.cuda.amp.GradScaler(args...)` is deprecated. Please use `torch.amp.GradScaler('cuda', args...)` instead.
6829.8s 3121 scaler = torch.cuda.amp.GradScaler(enabled=use_amp)
6829.8s 3122 
6829.8s 3123 /tmp/ipykernel_23/1756534611.py:49: FutureWarning: `torch.cuda.amp.GradScaler(args...)` is deprecated. Please use `torch.amp.GradScaler('cuda', args...)` instead.
6829.8s 3124 scaler = torch.cuda.amp.GradScaler(enabled=use_amp)
6833.9s 3125 [fold2-seed46-CurvatureDynamics] epoch 01/30  train_loss=1.3150  val_loss=1.2554  val_dice=0.0194  lr=3.00e-04 *
6837.8s 3126 [fold2-seed46-CurvatureDynamics] epoch 02/30  train_loss=1.1776  val_loss=1.2387  val_dice=0.0171  lr=2.99e-04
6841.6s 3127 [fold2-seed46-CurvatureDynamics] epoch 03/30  train_loss=1.1651  val_loss=1.2276  val_dice=0.0160  lr=2.97e-04
6845.5s 3128 [fold2-seed46-CurvatureDynamics] epoch 04/30  train_loss=1.1639  val_loss=1.2296  val_dice=0.0154  lr=2.93e-04
6849.3s 3129 [fold2-seed46-CurvatureDynamics] epoch 05/30  train_loss=1.1578  val_loss=1.2373  val_dice=0.0187  lr=2.87e-04
6853.2s 3130 [fold2-seed46-CurvatureDynamics] epoch 06/30  train_loss=1.1555  val_loss=1.2337  val_dice=0.0162  lr=2.80e-04
6857.1s 3131 [fold2-seed46-CurvatureDynamics] epoch 07/30  train_loss=1.1548  val_loss=1.2186  val_dice=0.0165  lr=2.72e-04
6857.1s 3132 [fold2-seed46-CurvatureDynamics] early stopping at epoch 7 (no improvement in val dice for 6 epochs; best was epoch 1)
6858.1s 3133 [checkpoint] saved fold 2 seed 46 CurvatureDynamics result -> outputs/kfold_checkpoint_curvature_2d.csv
6858.1s 3134 
6858.1s 3135 [kfold-curv] fold 3/5: loading 16 train/val + 4 test patient(s) into cache...
6980.1s 3136 [SliceCache] loaded + precomputed 16 patient(s), 688 usable slice(s).
7012.5s 3137 [SliceCache] loaded + precomputed 4 patient(s), 173 usable slice(s).
7012.5s 3138 
7012.5s 3139 ===== [CurvatureDynamics] Fold 3/5  |  seed 42 (1/5) =====
7013.0s 3140 lambda=0.20  alpha=0.02  ->  lesion-discrimination AUC = 0.3913  (n=8/8 usable batches)
7013.4s 3141 lambda=0.20  alpha=0.05  ->  lesion-discrimination AUC = 0.4464  (n=8/8 usable batches)
7013.7s 3142 lambda=0.20  alpha=0.10  ->  lesion-discrimination AUC = 0.4208  (n=8/8 usable batches)
7014.0s 3143 lambda=0.20  alpha=0.20  ->  lesion-discrimination AUC = 0.4222  (n=8/8 usable batches)
7014.3s 3144 lambda=0.40  alpha=0.02  ->  lesion-discrimination AUC = 0.4729  (n=8/8 usable batches)
7014.6s 3145 lambda=0.40  alpha=0.05  ->  lesion-discrimination AUC = 0.4318  (n=8/8 usable batches)
7014.9s 3146 lambda=0.40  alpha=0.10  ->  lesion-discrimination AUC = 0.4363  (n=8/8 usable batches)
7015.2s 3147 lambda=0.40  alpha=0.20  ->  lesion-discrimination AUC = 0.4137  (n=8/8 usable batches)
7015.5s 3148 lambda=0.60  alpha=0.02  ->  lesion-discrimination AUC = 0.4630  (n=8/8 usable batches)
7015.8s 3149 lambda=0.60  alpha=0.05  ->  lesion-discrimination AUC = 0.4461  (n=8/8 usable batches)
7016.1s 3150 lambda=0.60  alpha=0.10  ->  lesion-discrimination AUC = 0.4595  (n=8/8 usable batches)
7016.5s 3151 lambda=0.60  alpha=0.20  ->  lesion-discrimination AUC = 0.4855  (n=8/8 usable batches)
7016.8s 3152 lambda=0.80  alpha=0.02  ->  lesion-discrimination AUC = 0.4749  (n=8/8 usable batches)
7017.1s 3153 lambda=0.80  alpha=0.05  ->  lesion-discrimination AUC = 0.4621  (n=8/8 usable batches)
7017.4s 3154 lambda=0.80  alpha=0.10  ->  lesion-discrimination AUC = 0.4553  (n=8/8 usable batches)
7017.7s 3155 lambda=0.80  alpha=0.20  ->  lesion-discrimination AUC = 0.4134  (n=8/8 usable batches)
7018.1s 3156 /tmp/ipykernel_23/1756534611.py:49: FutureWarning: `torch.cuda.amp.GradScaler(args...)` is deprecated. Please use `torch.amp.GradScaler('cuda', args...)` instead.
7018.1s 3157 scaler = torch.cuda.amp.GradScaler(enabled=use_amp)
7018.1s 3158 
7018.1s 3159 /tmp/ipykernel_23/1756534611.py:49: FutureWarning: `torch.cuda.amp.GradScaler(args...)` is deprecated. Please use `torch.amp.GradScaler('cuda', args...)` instead.
7018.1s 3160 scaler = torch.cuda.amp.GradScaler(enabled=use_amp)
7022.2s 3161 [fold3-seed42-CurvatureDynamics] epoch 01/30  train_loss=1.2632  val_loss=1.2504  val_dice=0.0061  lr=3.00e-04 *
7026.1s 3162 [fold3-seed42-CurvatureDynamics] epoch 02/30  train_loss=1.1501  val_loss=1.1442  val_dice=0.0067  lr=2.99e-04 *
7030.0s 3163 [fold3-seed42-CurvatureDynamics] epoch 03/30  train_loss=1.1426  val_loss=1.1643  val_dice=0.0076  lr=2.97e-04 *
7034.0s 3164 [fold3-seed42-CurvatureDynamics] epoch 04/30  train_loss=1.1365  val_loss=1.1227  val_dice=0.0081  lr=2.93e-04 *
7037.9s 3165 [fold3-seed42-CurvatureDynamics] epoch 05/30  train_loss=1.1317  val_loss=1.1213  val_dice=0.0084  lr=2.87e-04 *
7041.9s 3166 [fold3-seed42-CurvatureDynamics] epoch 06/30  train_loss=1.1316  val_loss=1.1147  val_dice=0.0078  lr=2.80e-04
7045.9s 3167 [fold3-seed42-CurvatureDynamics] epoch 07/30  train_loss=1.1297  val_loss=1.1093  val_dice=0.0084  lr=2.72e-04
7049.8s 3168 [fold3-seed42-CurvatureDynamics] epoch 08/30  train_loss=1.1262  val_loss=1.1131  val_dice=0.0095  lr=2.62e-04 *
7053.8s 3169 [fold3-seed42-CurvatureDynamics] epoch 09/30  train_loss=1.1224  val_loss=1.1207  val_dice=0.0087  lr=2.51e-04
7057.7s 3170 [fold3-seed42-CurvatureDynamics] epoch 10/30  train_loss=1.1204  val_loss=1.1632  val_dice=0.0088  lr=2.39e-04
7061.7s 3171 [fold3-seed42-CurvatureDynamics] epoch 11/30  train_loss=1.1165  val_loss=1.1116  val_dice=0.0104  lr=2.26e-04 *
7065.5s 3172 [fold3-seed42-CurvatureDynamics] epoch 12/30  train_loss=1.1133  val_loss=1.1568  val_dice=0.0077  lr=2.12e-04
7069.4s 3173 [fold3-seed42-CurvatureDynamics] epoch 13/30  train_loss=1.1124  val_loss=1.0991  val_dice=0.0104  lr=1.97e-04 *
7073.3s 3174 [fold3-seed42-CurvatureDynamics] epoch 14/30  train_loss=1.1065  val_loss=1.1064  val_dice=0.0106  lr=1.82e-04 *
7077.2s 3175 [fold3-seed42-CurvatureDynamics] epoch 15/30  train_loss=1.1027  val_loss=1.1164  val_dice=0.0129  lr=1.67e-04 *
7080.9s 3176 [fold3-seed42-CurvatureDynamics] epoch 16/30  train_loss=1.0999  val_loss=1.1540  val_dice=0.0128  lr=1.51e-04
7084.8s 3177 [fold3-seed42-CurvatureDynamics] epoch 17/30  train_loss=1.1006  val_loss=1.0954  val_dice=0.0122  lr=1.36e-04
7088.6s 3178 [fold3-seed42-CurvatureDynamics] epoch 18/30  train_loss=1.0985  val_loss=1.0875  val_dice=0.0128  lr=1.21e-04
7092.5s 3179 [fold3-seed42-CurvatureDynamics] epoch 19/30  train_loss=1.0945  val_loss=1.1288  val_dice=0.0122  lr=1.06e-04
7096.3s 3180 [fold3-seed42-CurvatureDynamics] epoch 20/30  train_loss=1.0905  val_loss=1.1262  val_dice=0.0147  lr=9.11e-05 *
7100.1s 3181 [fold3-seed42-CurvatureDynamics] epoch 21/30  train_loss=1.0935  val_loss=1.0923  val_dice=0.0139  lr=7.73e-05
7103.9s 3182 [fold3-seed42-CurvatureDynamics] epoch 22/30  train_loss=1.0873  val_loss=1.2341  val_dice=0.0096  lr=6.42e-05
7107.9s 3183 [fold3-seed42-CurvatureDynamics] epoch 23/30  train_loss=1.0871  val_loss=1.1313  val_dice=0.0177  lr=5.21e-05 *
7111.6s 3184 [fold3-seed42-CurvatureDynamics] epoch 24/30  train_loss=1.0882  val_loss=1.1023  val_dice=0.0177  lr=4.11e-05
7115.5s 3185 [fold3-seed42-CurvatureDynamics] epoch 25/30  train_loss=1.0848  val_loss=1.1843  val_dice=0.0140  lr=3.14e-05
7119.4s 3186 [fold3-seed42-CurvatureDynamics] epoch 26/30  train_loss=1.0829  val_loss=1.0927  val_dice=0.0189  lr=2.29e-05 *
7123.4s 3187 [fold3-seed42-CurvatureDynamics] epoch 27/30  train_loss=1.0823  val_loss=1.1049  val_dice=0.0194  lr=1.58e-05 *
7127.4s 3188 [fold3-seed42-CurvatureDynamics] epoch 28/30  train_loss=1.0798  val_loss=1.1175  val_dice=0.0194  lr=1.03e-05 *
7131.3s 3189 [fold3-seed42-CurvatureDynamics] epoch 29/30  train_loss=1.0790  val_loss=1.1168  val_dice=0.0197  lr=6.25e-06 *
7135.0s 3190 [fold3-seed42-CurvatureDynamics] epoch 30/30  train_loss=1.0801  val_loss=1.1230  val_dice=0.0195  lr=3.81e-06
7136.4s 3191 [checkpoint] saved fold 3 seed 42 CurvatureDynamics result -> outputs/kfold_checkpoint_curvature_2d.csv
7136.4s 3192 
7136.4s 3193 ===== [CurvatureDynamics] Fold 3/5  |  seed 43 (2/5) =====
7137.0s 3194 lambda=0.20  alpha=0.02  ->  lesion-discrimination AUC = 0.3896  (n=8/8 usable batches)
7137.2s 3195 lambda=0.20  alpha=0.05  ->  lesion-discrimination AUC = 0.4697  (n=8/8 usable batches)
7137.6s 3196 lambda=0.20  alpha=0.10  ->  lesion-discrimination AUC = 0.4281  (n=8/8 usable batches)
7137.9s 3197 lambda=0.20  alpha=0.20  ->  lesion-discrimination AUC = 0.4198  (n=8/8 usable batches)
7138.3s 3198 lambda=0.40  alpha=0.02  ->  lesion-discrimination AUC = 0.4673  (n=8/8 usable batches)
7138.5s 3199 lambda=0.40  alpha=0.05  ->  lesion-discrimination AUC = 0.4330  (n=8/8 usable batches)
7138.8s 3200 lambda=0.40  alpha=0.10  ->  lesion-discrimination AUC = 0.4377  (n=8/8 usable batches)
7139.1s 3201 lambda=0.40  alpha=0.20  ->  lesion-discrimination AUC = 0.4276  (n=8/8 usable batches)
7139.4s 3202 lambda=0.60  alpha=0.02  ->  lesion-discrimination AUC = 0.4438  (n=8/8 usable batches)
7139.7s 3203 lambda=0.60  alpha=0.05  ->  lesion-discrimination AUC = 0.4492  (n=8/8 usable batches)
7140.1s 3204 lambda=0.60  alpha=0.10  ->  lesion-discrimination AUC = 0.4475  (n=8/8 usable batches)
7140.4s 3205 lambda=0.60  alpha=0.20  ->  lesion-discrimination AUC = 0.4477  (n=8/8 usable batches)
7140.7s 3206 lambda=0.80  alpha=0.02  ->  lesion-discrimination AUC = 0.4352  (n=8/8 usable batches)
7141.0s 3207 lambda=0.80  alpha=0.05  ->  lesion-discrimination AUC = 0.4371  (n=8/8 usable batches)
7141.3s 3208 lambda=0.80  alpha=0.10  ->  lesion-discrimination AUC = 0.4102  (n=8/8 usable batches)
7141.6s 3209 lambda=0.80  alpha=0.20  ->  lesion-discrimination AUC = 0.4542  (n=8/8 usable batches)
7142.0s 3210 /tmp/ipykernel_23/1756534611.py:49: FutureWarning: `torch.cuda.amp.GradScaler(args...)` is deprecated. Please use `torch.amp.GradScaler('cuda', args...)` instead.
7142.0s 3211 scaler = torch.cuda.amp.GradScaler(enabled=use_amp)
7142.0s 3212 
7142.0s 3213 /tmp/ipykernel_23/1756534611.py:49: FutureWarning: `torch.cuda.amp.GradScaler(args...)` is deprecated. Please use `torch.amp.GradScaler('cuda', args...)` instead.
7142.0s 3214 scaler = torch.cuda.amp.GradScaler(enabled=use_amp)
7146.1s 3215 [fold3-seed43-CurvatureDynamics] epoch 01/30  train_loss=1.2697  val_loss=1.3584  val_dice=0.0092  lr=3.00e-04 *
7150.0s 3216 [fold3-seed43-CurvatureDynamics] epoch 02/30  train_loss=1.1439  val_loss=1.1826  val_dice=0.0104  lr=2.99e-04 *
7154.0s 3217 [fold3-seed43-CurvatureDynamics] epoch 03/30  train_loss=1.1397  val_loss=1.1626  val_dice=0.0114  lr=2.97e-04 *
7157.9s 3218 [fold3-seed43-CurvatureDynamics] epoch 04/30  train_loss=1.1356  val_loss=1.1614  val_dice=0.0114  lr=2.93e-04 *
7161.8s 3219 [fold3-seed43-CurvatureDynamics] epoch 05/30  train_loss=1.1294  val_loss=1.1834  val_dice=0.0124  lr=2.87e-04 *
7165.7s 3220 [fold3-seed43-CurvatureDynamics] epoch 06/30  train_loss=1.1280  val_loss=1.1791  val_dice=0.0114  lr=2.80e-04
7169.8s 3221 [fold3-seed43-CurvatureDynamics] epoch 07/30  train_loss=1.1233  val_loss=1.1660  val_dice=0.0130  lr=2.72e-04 *
7173.6s 3222 [fold3-seed43-CurvatureDynamics] epoch 08/30  train_loss=1.1217  val_loss=1.1590  val_dice=0.0119  lr=2.62e-04
7177.5s 3223 [fold3-seed43-CurvatureDynamics] epoch 09/30  train_loss=1.1177  val_loss=1.1780  val_dice=0.0125  lr=2.51e-04
7181.4s 3224 [fold3-seed43-CurvatureDynamics] epoch 10/30  train_loss=1.1162  val_loss=1.1544  val_dice=0.0123  lr=2.39e-04
7185.3s 3225 [fold3-seed43-CurvatureDynamics] epoch 11/30  train_loss=1.1112  val_loss=1.2583  val_dice=0.0125  lr=2.26e-04
7189.2s 3226 [fold3-seed43-CurvatureDynamics] epoch 12/30  train_loss=1.1103  val_loss=1.1838  val_dice=0.0123  lr=2.12e-04
7193.1s 3227 [fold3-seed43-CurvatureDynamics] epoch 13/30  train_loss=1.1044  val_loss=1.1770  val_dice=0.0146  lr=1.97e-04 *
7196.9s 3228 [fold3-seed43-CurvatureDynamics] epoch 14/30  train_loss=1.1012  val_loss=1.1692  val_dice=0.0155  lr=1.82e-04 *
7201.0s 3229 [fold3-seed43-CurvatureDynamics] epoch 15/30  train_loss=1.1008  val_loss=1.1525  val_dice=0.0162  lr=1.67e-04 *
7204.7s 3230 [fold3-seed43-CurvatureDynamics] epoch 16/30  train_loss=1.0960  val_loss=1.1575  val_dice=0.0172  lr=1.51e-04 *
7208.6s 3231 [fold3-seed43-CurvatureDynamics] epoch 17/30  train_loss=1.0919  val_loss=1.2283  val_dice=0.0222  lr=1.36e-04 *
7212.5s 3232 [fold3-seed43-CurvatureDynamics] epoch 18/30  train_loss=1.0883  val_loss=1.1577  val_dice=0.0196  lr=1.21e-04
7216.3s 3233 [fold3-seed43-CurvatureDynamics] epoch 19/30  train_loss=1.0867  val_loss=1.1572  val_dice=0.0188  lr=1.06e-04
7220.2s 3234 [fold3-seed43-CurvatureDynamics] epoch 20/30  train_loss=1.0812  val_loss=1.3053  val_dice=0.0229  lr=9.11e-05 *
7224.0s 3235 [fold3-seed43-CurvatureDynamics] epoch 21/30  train_loss=1.0806  val_loss=1.1673  val_dice=0.0193  lr=7.73e-05
7227.9s 3236 [fold3-seed43-CurvatureDynamics] epoch 22/30  train_loss=1.0797  val_loss=1.1683  val_dice=0.0187  lr=6.42e-05
7231.8s 3237 [fold3-seed43-CurvatureDynamics] epoch 23/30  train_loss=1.0768  val_loss=1.2626  val_dice=0.0230  lr=5.21e-05 *
7235.5s 3238 [fold3-seed43-CurvatureDynamics] epoch 24/30  train_loss=1.0760  val_loss=1.2760  val_dice=0.0222  lr=4.11e-05
7239.4s 3239 [fold3-seed43-CurvatureDynamics] epoch 25/30  train_loss=1.0761  val_loss=1.1660  val_dice=0.0205  lr=3.14e-05
7243.3s 3240 [fold3-seed43-CurvatureDynamics] epoch 26/30  train_loss=1.0724  val_loss=1.2339  val_dice=0.0228  lr=2.29e-05
7247.1s 3241 [fold3-seed43-CurvatureDynamics] epoch 27/30  train_loss=1.0727  val_loss=1.2170  val_dice=0.0223  lr=1.58e-05
7251.1s 3242 [fold3-seed43-CurvatureDynamics] epoch 28/30  train_loss=1.0730  val_loss=1.2026  val_dice=0.0220  lr=1.03e-05
7255.0s 3243 [fold3-seed43-CurvatureDynamics] epoch 29/30  train_loss=1.0702  val_loss=1.2265  val_dice=0.0224  lr=6.25e-06
7255.0s 3244 [fold3-seed43-CurvatureDynamics] early stopping at epoch 29 (no improvement in val dice for 6 epochs; best was epoch 23)
7256.0s 3245 [checkpoint] saved fold 3 seed 43 CurvatureDynamics result -> outputs/kfold_checkpoint_curvature_2d.csv
7256.0s 3246 
7256.0s 3247 ===== [CurvatureDynamics] Fold 3/5  |  seed 44 (3/5) =====
7256.6s 3248 lambda=0.20  alpha=0.02  ->  lesion-discrimination AUC = 0.3746  (n=8/8 usable batches)
7256.9s 3249 lambda=0.20  alpha=0.05  ->  lesion-discrimination AUC = 0.4476  (n=8/8 usable batches)
7257.2s 3250 lambda=0.20  alpha=0.10  ->  lesion-discrimination AUC = 0.4235  (n=8/8 usable batches)
7257.6s 3251 lambda=0.20  alpha=0.20  ->  lesion-discrimination AUC = 0.4072  (n=8/8 usable batches)
7257.8s 3252 lambda=0.40  alpha=0.02  ->  lesion-discrimination AUC = 0.3895  (n=8/8 usable batches)
7258.2s 3253 lambda=0.40  alpha=0.05  ->  lesion-discrimination AUC = 0.4514  (n=8/8 usable batches)
7258.5s 3254 lambda=0.40  alpha=0.10  ->  lesion-discrimination AUC = 0.4218  (n=8/8 usable batches)
7258.8s 3255 lambda=0.40  alpha=0.20  ->  lesion-discrimination AUC = 0.4419  (n=8/8 usable batches)
7259.1s 3256 lambda=0.60  alpha=0.02  ->  lesion-discrimination AUC = 0.4240  (n=8/8 usable batches)
7259.4s 3257 lambda=0.60  alpha=0.05  ->  lesion-discrimination AUC = 0.4898  (n=8/8 usable batches)
7259.7s 3258 lambda=0.60  alpha=0.10  ->  lesion-discrimination AUC = 0.4272  (n=8/8 usable batches)
7260.0s 3259 lambda=0.60  alpha=0.20  ->  lesion-discrimination AUC = 0.4472  (n=8/8 usable batches)
7260.3s 3260 lambda=0.80  alpha=0.02  ->  lesion-discrimination AUC = 0.4450  (n=8/8 usable batches)
7260.6s 3261 lambda=0.80  alpha=0.05  ->  lesion-discrimination AUC = 0.4558  (n=8/8 usable batches)
7260.9s 3262 lambda=0.80  alpha=0.10  ->  lesion-discrimination AUC = 0.4304  (n=8/8 usable batches)
7261.2s 3263 lambda=0.80  alpha=0.20  ->  lesion-discrimination AUC = 0.4219  (n=8/8 usable batches)
7261.6s 3264 /tmp/ipykernel_23/1756534611.py:49: FutureWarning: `torch.cuda.amp.GradScaler(args...)` is deprecated. Please use `torch.amp.GradScaler('cuda', args...)` instead.
7261.6s 3265 scaler = torch.cuda.amp.GradScaler(enabled=use_amp)
7261.6s 3266 
7261.6s 3267 /tmp/ipykernel_23/1756534611.py:49: FutureWarning: `torch.cuda.amp.GradScaler(args...)` is deprecated. Please use `torch.amp.GradScaler('cuda', args...)` instead.
7261.6s 3268 scaler = torch.cuda.amp.GradScaler(enabled=use_amp)
7265.8s 3269 [fold3-seed44-CurvatureDynamics] epoch 01/30  train_loss=1.2604  val_loss=1.1509  val_dice=0.0028  lr=3.00e-04 *
7269.5s 3270 [fold3-seed44-CurvatureDynamics] epoch 02/30  train_loss=1.1557  val_loss=1.0834  val_dice=0.0030  lr=2.99e-04 *
7273.4s 3271 [fold3-seed44-CurvatureDynamics] epoch 03/30  train_loss=1.1453  val_loss=1.0905  val_dice=0.0029  lr=2.97e-04
7277.3s 3272 [fold3-seed44-CurvatureDynamics] epoch 04/30  train_loss=1.1433  val_loss=1.0774  val_dice=0.0026  lr=2.93e-04
7281.2s 3273 [fold3-seed44-CurvatureDynamics] epoch 05/30  train_loss=1.1375  val_loss=1.0777  val_dice=0.0030  lr=2.87e-04
7285.2s 3274 [fold3-seed44-CurvatureDynamics] epoch 06/30  train_loss=1.1371  val_loss=1.0795  val_dice=0.0031  lr=2.80e-04 *
7289.1s 3275 [fold3-seed44-CurvatureDynamics] epoch 07/30  train_loss=1.1322  val_loss=1.0812  val_dice=0.0032  lr=2.72e-04 *
7293.1s 3276 [fold3-seed44-CurvatureDynamics] epoch 08/30  train_loss=1.1268  val_loss=1.0723  val_dice=0.0028  lr=2.62e-04
7297.1s 3277 [fold3-seed44-CurvatureDynamics] epoch 09/30  train_loss=1.1226  val_loss=1.0732  val_dice=0.0033  lr=2.51e-04 *
7300.8s 3278 [fold3-seed44-CurvatureDynamics] epoch 10/30  train_loss=1.1193  val_loss=1.0792  val_dice=0.0035  lr=2.39e-04 *
7304.7s 3279 [fold3-seed44-CurvatureDynamics] epoch 11/30  train_loss=1.1140  val_loss=1.0798  val_dice=0.0036  lr=2.26e-04 *
7308.5s 3280 [fold3-seed44-CurvatureDynamics] epoch 12/30  train_loss=1.1101  val_loss=1.0794  val_dice=0.0039  lr=2.12e-04 *
7312.5s 3281 [fold3-seed44-CurvatureDynamics] epoch 13/30  train_loss=1.1052  val_loss=1.0702  val_dice=0.0038  lr=1.97e-04
7316.3s 3282 [fold3-seed44-CurvatureDynamics] epoch 14/30  train_loss=1.1049  val_loss=1.0925  val_dice=0.0039  lr=1.82e-04
7320.1s 3283 [fold3-seed44-CurvatureDynamics] epoch 15/30  train_loss=1.1004  val_loss=1.0641  val_dice=0.0044  lr=1.67e-04 *
7324.0s 3284 [fold3-seed44-CurvatureDynamics] epoch 16/30  train_loss=1.0981  val_loss=1.0705  val_dice=0.0052  lr=1.51e-04 *
7328.0s 3285 [fold3-seed44-CurvatureDynamics] epoch 17/30  train_loss=1.0984  val_loss=1.0907  val_dice=0.0041  lr=1.36e-04
7331.7s 3286 [fold3-seed44-CurvatureDynamics] epoch 18/30  train_loss=1.0963  val_loss=1.0590  val_dice=0.0061  lr=1.21e-04 *
7335.6s 3287 [fold3-seed44-CurvatureDynamics] epoch 19/30  train_loss=1.0901  val_loss=1.0609  val_dice=0.0054  lr=1.06e-04
7339.5s 3288 [fold3-seed44-CurvatureDynamics] epoch 20/30  train_loss=1.0915  val_loss=1.0619  val_dice=0.0059  lr=9.11e-05
7343.3s 3289 [fold3-seed44-CurvatureDynamics] epoch 21/30  train_loss=1.0877  val_loss=1.0751  val_dice=0.0044  lr=7.73e-05
7347.2s 3290 [fold3-seed44-CurvatureDynamics] epoch 22/30  train_loss=1.0859  val_loss=1.0611  val_dice=0.0063  lr=6.42e-05 *
7351.1s 3291 [fold3-seed44-CurvatureDynamics] epoch 23/30  train_loss=1.0859  val_loss=1.0828  val_dice=0.0043  lr=5.21e-05
7355.0s 3292 [fold3-seed44-CurvatureDynamics] epoch 24/30  train_loss=1.0841  val_loss=1.0616  val_dice=0.0062  lr=4.11e-05
7359.1s 3293 [fold3-seed44-CurvatureDynamics] epoch 25/30  train_loss=1.0834  val_loss=1.0641  val_dice=0.0063  lr=3.14e-05 *
7362.8s 3294 [fold3-seed44-CurvatureDynamics] epoch 26/30  train_loss=1.0833  val_loss=1.0637  val_dice=0.0066  lr=2.29e-05 *
7366.8s 3295 [fold3-seed44-CurvatureDynamics] epoch 27/30  train_loss=1.0811  val_loss=1.0602  val_dice=0.0069  lr=1.58e-05 *
7370.6s 3296 [fold3-seed44-CurvatureDynamics] epoch 28/30  train_loss=1.0787  val_loss=1.0611  val_dice=0.0063  lr=1.03e-05
7374.5s 3297 [fold3-seed44-CurvatureDynamics] epoch 29/30  train_loss=1.0786  val_loss=1.0610  val_dice=0.0066  lr=6.25e-06
7378.3s 3298 [fold3-seed44-CurvatureDynamics] epoch 30/30  train_loss=1.0742  val_loss=1.0602  val_dice=0.0064  lr=3.81e-06
7379.3s 3299 [checkpoint] saved fold 3 seed 44 CurvatureDynamics result -> outputs/kfold_checkpoint_curvature_2d.csv
7379.3s 3300 
7379.3s 3301 ===== [CurvatureDynamics] Fold 3/5  |  seed 45 (4/5) =====
7379.9s 3302 lambda=0.20  alpha=0.02  ->  lesion-discrimination AUC = 0.4507  (n=8/8 usable batches)
7380.3s 3303 lambda=0.20  alpha=0.05  ->  lesion-discrimination AUC = 0.4252  (n=8/8 usable batches)
7380.6s 3304 lambda=0.20  alpha=0.10  ->  lesion-discrimination AUC = 0.4511  (n=8/8 usable batches)
7380.9s 3305 lambda=0.20  alpha=0.20  ->  lesion-discrimination AUC = 0.4119  (n=8/8 usable batches)
7381.3s 3306 lambda=0.40  alpha=0.02  ->  lesion-discrimination AUC = 0.4481  (n=8/8 usable batches)
7381.6s 3307 lambda=0.40  alpha=0.05  ->  lesion-discrimination AUC = 0.3901  (n=8/8 usable batches)
7381.9s 3308 lambda=0.40  alpha=0.10  ->  lesion-discrimination AUC = 0.4316  (n=8/8 usable batches)
7382.2s 3309 lambda=0.40  alpha=0.20  ->  lesion-discrimination AUC = 0.4224  (n=8/8 usable batches)
7382.5s 3310 lambda=0.60  alpha=0.02  ->  lesion-discrimination AUC = 0.4042  (n=8/8 usable batches)
7382.8s 3311 lambda=0.60  alpha=0.05  ->  lesion-discrimination AUC = 0.3921  (n=8/8 usable batches)
7383.1s 3312 lambda=0.60  alpha=0.10  ->  lesion-discrimination AUC = 0.4519  (n=8/8 usable batches)
7383.4s 3313 lambda=0.60  alpha=0.20  ->  lesion-discrimination AUC = 0.3866  (n=8/8 usable batches)
7383.7s 3314 lambda=0.80  alpha=0.02  ->  lesion-discrimination AUC = 0.4353  (n=8/8 usable batches)
7384.0s 3315 lambda=0.80  alpha=0.05  ->  lesion-discrimination AUC = 0.4462  (n=8/8 usable batches)
7384.4s 3316 lambda=0.80  alpha=0.10  ->  lesion-discrimination AUC = 0.4600  (n=8/8 usable batches)
7384.7s 3317 lambda=0.80  alpha=0.20  ->  lesion-discrimination AUC = 0.4359  (n=8/8 usable batches)
7385.1s 3318 /tmp/ipykernel_23/1756534611.py:49: FutureWarning: `torch.cuda.amp.GradScaler(args...)` is deprecated. Please use `torch.amp.GradScaler('cuda', args...)` instead.
7385.1s 3319 scaler = torch.cuda.amp.GradScaler(enabled=use_amp)
7385.1s 3320 
7385.1s 3321 /tmp/ipykernel_23/1756534611.py:49: FutureWarning: `torch.cuda.amp.GradScaler(args...)` is deprecated. Please use `torch.amp.GradScaler('cuda', args...)` instead.
7385.1s 3322 scaler = torch.cuda.amp.GradScaler(enabled=use_amp)
7389.4s 3323 [fold3-seed45-CurvatureDynamics] epoch 01/30  train_loss=1.4026  val_loss=1.2804  val_dice=0.0079  lr=3.00e-04 *
7393.1s 3324 [fold3-seed45-CurvatureDynamics] epoch 02/30  train_loss=1.1953  val_loss=1.2318  val_dice=0.0086  lr=2.99e-04 *
7397.0s 3325 [fold3-seed45-CurvatureDynamics] epoch 03/30  train_loss=1.1695  val_loss=1.2170  val_dice=0.0094  lr=2.97e-04 *
7400.9s 3326 [fold3-seed45-CurvatureDynamics] epoch 04/30  train_loss=1.1537  val_loss=1.1754  val_dice=0.0091  lr=2.93e-04
7404.7s 3327 [fold3-seed45-CurvatureDynamics] epoch 05/30  train_loss=1.1362  val_loss=1.1675  val_dice=0.0092  lr=2.87e-04
7408.7s 3328 [fold3-seed45-CurvatureDynamics] epoch 06/30  train_loss=1.1325  val_loss=1.1558  val_dice=0.0095  lr=2.80e-04 *
7412.6s 3329 [fold3-seed45-CurvatureDynamics] epoch 07/30  train_loss=1.1316  val_loss=1.1544  val_dice=0.0098  lr=2.72e-04 *
7416.5s 3330 [fold3-seed45-CurvatureDynamics] epoch 08/30  train_loss=1.1263  val_loss=1.1718  val_dice=0.0104  lr=2.62e-04 *
7420.6s 3331 [fold3-seed45-CurvatureDynamics] epoch 09/30  train_loss=1.1266  val_loss=1.1649  val_dice=0.0099  lr=2.51e-04
7424.3s 3332 [fold3-seed45-CurvatureDynamics] epoch 10/30  train_loss=1.1187  val_loss=1.1661  val_dice=0.0117  lr=2.39e-04 *
7428.2s 3333 [fold3-seed45-CurvatureDynamics] epoch 11/30  train_loss=1.1185  val_loss=1.1509  val_dice=0.0116  lr=2.26e-04
7432.1s 3334 [fold3-seed45-CurvatureDynamics] epoch 12/30  train_loss=1.1180  val_loss=1.1506  val_dice=0.0113  lr=2.12e-04
7436.0s 3335 [fold3-seed45-CurvatureDynamics] epoch 13/30  train_loss=1.1115  val_loss=1.1512  val_dice=0.0118  lr=1.97e-04 *
7439.9s 3336 [fold3-seed45-CurvatureDynamics] epoch 14/30  train_loss=1.1103  val_loss=1.1454  val_dice=0.0131  lr=1.82e-04 *
7443.8s 3337 [fold3-seed45-CurvatureDynamics] epoch 15/30  train_loss=1.1063  val_loss=1.1400  val_dice=0.0138  lr=1.67e-04 *
7447.6s 3338 [fold3-seed45-CurvatureDynamics] epoch 16/30  train_loss=1.1008  val_loss=1.1743  val_dice=0.0147  lr=1.51e-04 *
7451.6s 3339 [fold3-seed45-CurvatureDynamics] epoch 17/30  train_loss=1.1001  val_loss=1.1414  val_dice=0.0134  lr=1.36e-04
7455.3s 3340 [fold3-seed45-CurvatureDynamics] epoch 18/30  train_loss=1.0991  val_loss=1.1337  val_dice=0.0180  lr=1.21e-04 *
7459.2s 3341 [fold3-seed45-CurvatureDynamics] epoch 19/30  train_loss=1.0942  val_loss=1.1634  val_dice=0.0204  lr=1.06e-04 *
7463.1s 3342 [fold3-seed45-CurvatureDynamics] epoch 20/30  train_loss=1.0920  val_loss=1.1402  val_dice=0.0197  lr=9.11e-05
7466.9s 3343 [fold3-seed45-CurvatureDynamics] epoch 21/30  train_loss=1.0897  val_loss=1.1506  val_dice=0.0222  lr=7.73e-05 *
7470.7s 3344 [fold3-seed45-CurvatureDynamics] epoch 22/30  train_loss=1.0885  val_loss=1.1358  val_dice=0.0198  lr=6.42e-05
7474.6s 3345 [fold3-seed45-CurvatureDynamics] epoch 23/30  train_loss=1.0851  val_loss=1.1182  val_dice=0.0167  lr=5.21e-05
7478.5s 3346 [fold3-seed45-CurvatureDynamics] epoch 24/30  train_loss=1.0843  val_loss=1.1990  val_dice=0.0256  lr=4.11e-05 *
7482.5s 3347 [fold3-seed45-CurvatureDynamics] epoch 25/30  train_loss=1.0833  val_loss=1.1287  val_dice=0.0214  lr=3.14e-05
7486.3s 3348 [fold3-seed45-CurvatureDynamics] epoch 26/30  train_loss=1.0813  val_loss=1.1417  val_dice=0.0223  lr=2.29e-05
7490.1s 3349 [fold3-seed45-CurvatureDynamics] epoch 27/30  train_loss=1.0805  val_loss=1.1440  val_dice=0.0232  lr=1.58e-05
7494.0s 3350 [fold3-seed45-CurvatureDynamics] epoch 28/30  train_loss=1.0775  val_loss=1.1427  val_dice=0.0230  lr=1.03e-05
7497.9s 3351 [fold3-seed45-CurvatureDynamics] epoch 29/30  train_loss=1.0787  val_loss=1.1496  val_dice=0.0229  lr=6.25e-06
7501.7s 3352 [fold3-seed45-CurvatureDynamics] epoch 30/30  train_loss=1.0776  val_loss=1.1462  val_dice=0.0228  lr=3.81e-06
7501.7s 3353 [fold3-seed45-CurvatureDynamics] early stopping at epoch 30 (no improvement in val dice for 6 epochs; best was epoch 24)
7502.8s 3354 [checkpoint] saved fold 3 seed 45 CurvatureDynamics result -> outputs/kfold_checkpoint_curvature_2d.csv
7502.8s 3355 
7502.8s 3356 ===== [CurvatureDynamics] Fold 3/5  |  seed 46 (5/5) =====
7503.4s 3357 lambda=0.20  alpha=0.02  ->  lesion-discrimination AUC = 0.4455  (n=8/8 usable batches)
7503.7s 3358 lambda=0.20  alpha=0.05  ->  lesion-discrimination AUC = 0.3822  (n=8/8 usable batches)
7504.0s 3359 lambda=0.20  alpha=0.10  ->  lesion-discrimination AUC = 0.4482  (n=8/8 usable batches)
7504.3s 3360 lambda=0.20  alpha=0.20  ->  lesion-discrimination AUC = 0.4417  (n=8/8 usable batches)
7504.6s 3361 lambda=0.40  alpha=0.02  ->  lesion-discrimination AUC = 0.4576  (n=8/8 usable batches)
7504.9s 3362 lambda=0.40  alpha=0.05  ->  lesion-discrimination AUC = 0.4200  (n=8/8 usable batches)
7505.2s 3363 lambda=0.40  alpha=0.10  ->  lesion-discrimination AUC = 0.4855  (n=8/8 usable batches)
7505.6s 3364 lambda=0.40  alpha=0.20  ->  lesion-discrimination AUC = 0.4296  (n=8/8 usable batches)
7505.9s 3365 lambda=0.60  alpha=0.02  ->  lesion-discrimination AUC = 0.4270  (n=8/8 usable batches)
7506.2s 3366 lambda=0.60  alpha=0.05  ->  lesion-discrimination AUC = 0.4392  (n=8/8 usable batches)
7506.5s 3367 lambda=0.60  alpha=0.10  ->  lesion-discrimination AUC = 0.4545  (n=8/8 usable batches)
7506.8s 3368 lambda=0.60  alpha=0.20  ->  lesion-discrimination AUC = 0.4185  (n=8/8 usable batches)
7507.1s 3369 lambda=0.80  alpha=0.02  ->  lesion-discrimination AUC = 0.4808  (n=8/8 usable batches)
7507.5s 3370 lambda=0.80  alpha=0.05  ->  lesion-discrimination AUC = 0.4972  (n=8/8 usable batches)
7507.8s 3371 lambda=0.80  alpha=0.10  ->  lesion-discrimination AUC = 0.4646  (n=8/8 usable batches)
7508.1s 3372 lambda=0.80  alpha=0.20  ->  lesion-discrimination AUC = 0.4578  (n=8/8 usable batches)
7508.5s 3373 /tmp/ipykernel_23/1756534611.py:49: FutureWarning: `torch.cuda.amp.GradScaler(args...)` is deprecated. Please use `torch.amp.GradScaler('cuda', args...)` instead.
7508.5s 3374 scaler = torch.cuda.amp.GradScaler(enabled=use_amp)
7508.5s 3375 
7508.5s 3376 /tmp/ipykernel_23/1756534611.py:49: FutureWarning: `torch.cuda.amp.GradScaler(args...)` is deprecated. Please use `torch.amp.GradScaler('cuda', args...)` instead.
7508.5s 3377 scaler = torch.cuda.amp.GradScaler(enabled=use_amp)
7512.8s 3378 [fold3-seed46-CurvatureDynamics] epoch 01/30  train_loss=1.2993  val_loss=1.1170  val_dice=0.0051  lr=3.00e-04 *
7516.6s 3379 [fold3-seed46-CurvatureDynamics] epoch 02/30  train_loss=1.1588  val_loss=1.1082  val_dice=0.0046  lr=2.99e-04
7520.4s 3380 [fold3-seed46-CurvatureDynamics] epoch 03/30  train_loss=1.1454  val_loss=1.0884  val_dice=0.0047  lr=2.97e-04
7524.3s 3381 [fold3-seed46-CurvatureDynamics] epoch 04/30  train_loss=1.1435  val_loss=1.1042  val_dice=0.0048  lr=2.93e-04
7528.3s 3382 [fold3-seed46-CurvatureDynamics] epoch 05/30  train_loss=1.1381  val_loss=1.0813  val_dice=0.0047  lr=2.87e-04
7532.2s 3383 [fold3-seed46-CurvatureDynamics] epoch 06/30  train_loss=1.1387  val_loss=1.0828  val_dice=0.0049  lr=2.80e-04
7536.2s 3384 [fold3-seed46-CurvatureDynamics] epoch 07/30  train_loss=1.1336  val_loss=1.0840  val_dice=0.0049  lr=2.72e-04
7536.2s 3385 [fold3-seed46-CurvatureDynamics] early stopping at epoch 7 (no improvement in val dice for 6 epochs; best was epoch 1)
7537.3s 3386 [checkpoint] saved fold 3 seed 46 CurvatureDynamics result -> outputs/kfold_checkpoint_curvature_2d.csv
7537.3s 3387 
7537.3s 3388 [kfold-curv] fold 4/5: loading 16 train/val + 4 test patient(s) into cache...
7647.1s 3389 [SliceCache] loaded + precomputed 16 patient(s), 689 usable slice(s).
7676.5s 3390 [SliceCache] loaded + precomputed 4 patient(s), 172 usable slice(s).
7676.5s 3391 
7676.5s 3392 ===== [CurvatureDynamics] Fold 4/5  |  seed 42 (1/5) =====
7677.4s 3393 lambda=0.20  alpha=0.02  ->  lesion-discrimination AUC = 0.4045  (n=8/8 usable batches)
7677.6s 3394 lambda=0.20  alpha=0.05  ->  lesion-discrimination AUC = 0.4796  (n=8/8 usable batches)
7677.9s 3395 lambda=0.20  alpha=0.10  ->  lesion-discrimination AUC = 0.4599  (n=8/8 usable batches)
7678.2s 3396 lambda=0.20  alpha=0.20  ->  lesion-discrimination AUC = 0.4237  (n=8/8 usable batches)
7678.5s 3397 lambda=0.40  alpha=0.02  ->  lesion-discrimination AUC = 0.4163  (n=8/8 usable batches)
7678.9s 3398 lambda=0.40  alpha=0.05  ->  lesion-discrimination AUC = 0.4187  (n=8/8 usable batches)
7679.2s 3399 lambda=0.40  alpha=0.10  ->  lesion-discrimination AUC = 0.4235  (n=8/8 usable batches)
7679.5s 3400 lambda=0.40  alpha=0.20  ->  lesion-discrimination AUC = 0.4346  (n=8/8 usable batches)
7679.8s 3401 lambda=0.60  alpha=0.02  ->  lesion-discrimination AUC = 0.4200  (n=8/8 usable batches)
7680.1s 3402 lambda=0.60  alpha=0.05  ->  lesion-discrimination AUC = 0.4166  (n=8/8 usable batches)
7680.4s 3403 lambda=0.60  alpha=0.10  ->  lesion-discrimination AUC = 0.3931  (n=8/8 usable batches)
7680.7s 3404 lambda=0.60  alpha=0.20  ->  lesion-discrimination AUC = 0.4014  (n=8/8 usable batches)
7681.1s 3405 lambda=0.80  alpha=0.02  ->  lesion-discrimination AUC = 0.4219  (n=8/8 usable batches)
7681.4s 3406 lambda=0.80  alpha=0.05  ->  lesion-discrimination AUC = 0.4048  (n=8/8 usable batches)
7681.7s 3407 lambda=0.80  alpha=0.10  ->  lesion-discrimination AUC = 0.4295  (n=8/8 usable batches)
7682.1s 3408 lambda=0.80  alpha=0.20  ->  lesion-discrimination AUC = 0.4415  (n=8/8 usable batches)
7682.5s 3409 /tmp/ipykernel_23/1756534611.py:49: FutureWarning: `torch.cuda.amp.GradScaler(args...)` is deprecated. Please use `torch.amp.GradScaler('cuda', args...)` instead.
7682.5s 3410 scaler = torch.cuda.amp.GradScaler(enabled=use_amp)
7682.5s 3411 
7682.5s 3412 /tmp/ipykernel_23/1756534611.py:49: FutureWarning: `torch.cuda.amp.GradScaler(args...)` is deprecated. Please use `torch.amp.GradScaler('cuda', args...)` instead.
7682.5s 3413 scaler = torch.cuda.amp.GradScaler(enabled=use_amp)
7686.5s 3414 [fold4-seed42-CurvatureDynamics] epoch 01/30  train_loss=1.2852  val_loss=1.4300  val_dice=0.0131  lr=3.00e-04 *
7690.4s 3415 [fold4-seed42-CurvatureDynamics] epoch 02/30  train_loss=1.1758  val_loss=1.2839  val_dice=0.0151  lr=2.99e-04 *
7694.2s 3416 [fold4-seed42-CurvatureDynamics] epoch 03/30  train_loss=1.1662  val_loss=1.2432  val_dice=0.0135  lr=2.97e-04
7698.1s 3417 [fold4-seed42-CurvatureDynamics] epoch 04/30  train_loss=1.1605  val_loss=1.2343  val_dice=0.0149  lr=2.93e-04
7702.0s 3418 [fold4-seed42-CurvatureDynamics] epoch 05/30  train_loss=1.1570  val_loss=1.2357  val_dice=0.0160  lr=2.87e-04 *
7705.9s 3419 [fold4-seed42-CurvatureDynamics] epoch 06/30  train_loss=1.1539  val_loss=1.3097  val_dice=0.0166  lr=2.80e-04 *
7710.0s 3420 [fold4-seed42-CurvatureDynamics] epoch 07/30  train_loss=1.1506  val_loss=1.2433  val_dice=0.0154  lr=2.72e-04
7713.8s 3421 [fold4-seed42-CurvatureDynamics] epoch 08/30  train_loss=1.1490  val_loss=1.2308  val_dice=0.0154  lr=2.62e-04
7717.8s 3422 [fold4-seed42-CurvatureDynamics] epoch 09/30  train_loss=1.1452  val_loss=1.2488  val_dice=0.0167  lr=2.51e-04 *
7721.8s 3423 [fold4-seed42-CurvatureDynamics] epoch 10/30  train_loss=1.1397  val_loss=1.3437  val_dice=0.0163  lr=2.39e-04
7725.8s 3424 [fold4-seed42-CurvatureDynamics] epoch 11/30  train_loss=1.1354  val_loss=1.2197  val_dice=0.0180  lr=2.26e-04 *
7729.7s 3425 [fold4-seed42-CurvatureDynamics] epoch 12/30  train_loss=1.1290  val_loss=1.3010  val_dice=0.0198  lr=2.12e-04 *
7733.5s 3426 [fold4-seed42-CurvatureDynamics] epoch 13/30  train_loss=1.1276  val_loss=1.2373  val_dice=0.0170  lr=1.97e-04
7737.4s 3427 [fold4-seed42-CurvatureDynamics] epoch 14/30  train_loss=1.1271  val_loss=1.2551  val_dice=0.0191  lr=1.82e-04
7741.5s 3428 [fold4-seed42-CurvatureDynamics] epoch 15/30  train_loss=1.1249  val_loss=1.2249  val_dice=0.0191  lr=1.67e-04
7745.3s 3429 [fold4-seed42-CurvatureDynamics] epoch 16/30  train_loss=1.1234  val_loss=1.2200  val_dice=0.0199  lr=1.51e-04 *
7749.1s 3430 [fold4-seed42-CurvatureDynamics] epoch 17/30  train_loss=1.1166  val_loss=1.2316  val_dice=0.0205  lr=1.36e-04 *
7752.9s 3431 [fold4-seed42-CurvatureDynamics] epoch 18/30  train_loss=1.1132  val_loss=1.2512  val_dice=0.0223  lr=1.21e-04 *
7756.7s 3432 [fold4-seed42-CurvatureDynamics] epoch 19/30  train_loss=1.1135  val_loss=1.2673  val_dice=0.0218  lr=1.06e-04
7760.5s 3433 [fold4-seed42-CurvatureDynamics] epoch 20/30  train_loss=1.1110  val_loss=1.2348  val_dice=0.0200  lr=9.11e-05
7764.4s 3434 [fold4-seed42-CurvatureDynamics] epoch 21/30  train_loss=1.1065  val_loss=1.3326  val_dice=0.0245  lr=7.73e-05 *
7768.3s 3435 [fold4-seed42-CurvatureDynamics] epoch 22/30  train_loss=1.1051  val_loss=1.2965  val_dice=0.0233  lr=6.42e-05
7772.3s 3436 [fold4-seed42-CurvatureDynamics] epoch 23/30  train_loss=1.1004  val_loss=1.3477  val_dice=0.0247  lr=5.21e-05 *
7776.0s 3437 [fold4-seed42-CurvatureDynamics] epoch 24/30  train_loss=1.1014  val_loss=1.2880  val_dice=0.0236  lr=4.11e-05
7779.9s 3438 [fold4-seed42-CurvatureDynamics] epoch 25/30  train_loss=1.1009  val_loss=1.2854  val_dice=0.0238  lr=3.14e-05
7783.8s 3439 [fold4-seed42-CurvatureDynamics] epoch 26/30  train_loss=1.0959  val_loss=1.2323  val_dice=0.0206  lr=2.29e-05
7787.7s 3440 [fold4-seed42-CurvatureDynamics] epoch 27/30  train_loss=1.0971  val_loss=1.2740  val_dice=0.0232  lr=1.58e-05
7791.6s 3441 [fold4-seed42-CurvatureDynamics] epoch 28/30  train_loss=1.0945  val_loss=1.2863  val_dice=0.0232  lr=1.03e-05
7795.2s 3442 [fold4-seed42-CurvatureDynamics] epoch 29/30  train_loss=1.0930  val_loss=1.2810  val_dice=0.0230  lr=6.25e-06
7795.2s 3443 [fold4-seed42-CurvatureDynamics] early stopping at epoch 29 (no improvement in val dice for 6 epochs; best was epoch 23)
7796.6s 3444 [checkpoint] saved fold 4 seed 42 CurvatureDynamics result -> outputs/kfold_checkpoint_curvature_2d.csv
7796.6s 3445 
7796.6s 3446 ===== [CurvatureDynamics] Fold 4/5  |  seed 43 (2/5) =====
7797.2s 3447 lambda=0.20  alpha=0.02  ->  lesion-discrimination AUC = 0.4143  (n=8/8 usable batches)
7797.5s 3448 lambda=0.20  alpha=0.05  ->  lesion-discrimination AUC = 0.4006  (n=8/8 usable batches)
7797.8s 3449 lambda=0.20  alpha=0.10  ->  lesion-discrimination AUC = 0.4237  (n=8/8 usable batches)
7798.1s 3450 lambda=0.20  alpha=0.20  ->  lesion-discrimination AUC = 0.3958  (n=8/8 usable batches)
7798.4s 3451 lambda=0.40  alpha=0.02  ->  lesion-discrimination AUC = 0.4217  (n=8/8 usable batches)
7798.7s 3452 lambda=0.40  alpha=0.05  ->  lesion-discrimination AUC = 0.4215  (n=8/8 usable batches)
7799.0s 3453 lambda=0.40  alpha=0.10  ->  lesion-discrimination AUC = 0.4360  (n=8/8 usable batches)
7799.3s 3454 lambda=0.40  alpha=0.20  ->  lesion-discrimination AUC = 0.4466  (n=8/8 usable batches)
7799.6s 3455 lambda=0.60  alpha=0.02  ->  lesion-discrimination AUC = 0.3909  (n=8/8 usable batches)
7799.9s 3456 lambda=0.60  alpha=0.05  ->  lesion-discrimination AUC = 0.4143  (n=8/8 usable batches)
7800.2s 3457 lambda=0.60  alpha=0.10  ->  lesion-discrimination AUC = 0.4016  (n=8/8 usable batches)
7800.6s 3458 lambda=0.60  alpha=0.20  ->  lesion-discrimination AUC = 0.3804  (n=8/8 usable batches)
7800.9s 3459 lambda=0.80  alpha=0.02  ->  lesion-discrimination AUC = 0.4429  (n=8/8 usable batches)
7801.2s 3460 lambda=0.80  alpha=0.05  ->  lesion-discrimination AUC = 0.4415  (n=8/8 usable batches)
7801.6s 3461 lambda=0.80  alpha=0.10  ->  lesion-discrimination AUC = 0.4425  (n=8/8 usable batches)
7801.9s 3462 lambda=0.80  alpha=0.20  ->  lesion-discrimination AUC = 0.4088  (n=8/8 usable batches)
7802.5s 3463 /tmp/ipykernel_23/1756534611.py:49: FutureWarning: `torch.cuda.amp.GradScaler(args...)` is deprecated. Please use `torch.amp.GradScaler('cuda', args...)` instead.
7802.5s 3464 scaler = torch.cuda.amp.GradScaler(enabled=use_amp)
7802.5s 3465 
7802.5s 3466 /tmp/ipykernel_23/1756534611.py:49: FutureWarning: `torch.cuda.amp.GradScaler(args...)` is deprecated. Please use `torch.amp.GradScaler('cuda', args...)` instead.
7802.5s 3467 scaler = torch.cuda.amp.GradScaler(enabled=use_amp)
7806.5s 3468 [fold4-seed43-CurvatureDynamics] epoch 01/30  train_loss=1.3136  val_loss=1.1314  val_dice=0.0031  lr=3.00e-04 *
7810.4s 3469 [fold4-seed43-CurvatureDynamics] epoch 02/30  train_loss=1.1979  val_loss=1.0914  val_dice=0.0027  lr=2.99e-04
7814.3s 3470 [fold4-seed43-CurvatureDynamics] epoch 03/30  train_loss=1.1865  val_loss=1.0955  val_dice=0.0021  lr=2.97e-04
7818.2s 3471 [fold4-seed43-CurvatureDynamics] epoch 04/30  train_loss=1.1814  val_loss=1.1026  val_dice=0.0024  lr=2.93e-04
7822.1s 3472 [fold4-seed43-CurvatureDynamics] epoch 05/30  train_loss=1.1754  val_loss=1.1082  val_dice=0.0023  lr=2.87e-04
7826.1s 3473 [fold4-seed43-CurvatureDynamics] epoch 06/30  train_loss=1.1726  val_loss=1.0911  val_dice=0.0023  lr=2.80e-04
7830.1s 3474 [fold4-seed43-CurvatureDynamics] epoch 07/30  train_loss=1.1661  val_loss=1.0791  val_dice=0.0027  lr=2.72e-04
7830.1s 3475 [fold4-seed43-CurvatureDynamics] early stopping at epoch 7 (no improvement in val dice for 6 epochs; best was epoch 1)
7831.1s 3476 [checkpoint] saved fold 4 seed 43 CurvatureDynamics result -> outputs/kfold_checkpoint_curvature_2d.csv
7831.1s 3477 
7831.1s 3478 ===== [CurvatureDynamics] Fold 4/5  |  seed 44 (3/5) =====
7831.7s 3479 lambda=0.20  alpha=0.02  ->  lesion-discrimination AUC = 0.4023  (n=8/8 usable batches)
7832.0s 3480 lambda=0.20  alpha=0.05  ->  lesion-discrimination AUC = 0.4457  (n=8/8 usable batches)
7832.4s 3481 lambda=0.20  alpha=0.10  ->  lesion-discrimination AUC = 0.4273  (n=8/8 usable batches)
7832.9s 3482 lambda=0.20  alpha=0.20  ->  lesion-discrimination AUC = 0.3937  (n=8/8 usable batches)
7833.0s 3483 lambda=0.40  alpha=0.02  ->  lesion-discrimination AUC = 0.4501  (n=8/8 usable batches)
7833.3s 3484 lambda=0.40  alpha=0.05  ->  lesion-discrimination AUC = 0.4417  (n=8/8 usable batches)
7833.7s 3485 lambda=0.40  alpha=0.10  ->  lesion-discrimination AUC = 0.3965  (n=8/8 usable batches)
7834.0s 3486 lambda=0.40  alpha=0.20  ->  lesion-discrimination AUC = 0.4182  (n=8/8 usable batches)
7834.3s 3487 lambda=0.60  alpha=0.02  ->  lesion-discrimination AUC = 0.4462  (n=8/8 usable batches)
7834.6s 3488 lambda=0.60  alpha=0.05  ->  lesion-discrimination AUC = 0.4310  (n=8/8 usable batches)
7834.9s 3489 lambda=0.60  alpha=0.10  ->  lesion-discrimination AUC = 0.4286  (n=8/8 usable batches)
7835.2s 3490 lambda=0.60  alpha=0.20  ->  lesion-discrimination AUC = 0.3933  (n=8/8 usable batches)
7835.5s 3491 lambda=0.80  alpha=0.02  ->  lesion-discrimination AUC = 0.3844  (n=8/8 usable batches)
7835.9s 3492 lambda=0.80  alpha=0.05  ->  lesion-discrimination AUC = 0.3921  (n=8/8 usable batches)
7836.2s 3493 lambda=0.80  alpha=0.10  ->  lesion-discrimination AUC = 0.4094  (n=8/8 usable batches)
7836.5s 3494 lambda=0.80  alpha=0.20  ->  lesion-discrimination AUC = 0.4097  (n=8/8 usable batches)
7836.9s 3495 /tmp/ipykernel_23/1756534611.py:49: FutureWarning: `torch.cuda.amp.GradScaler(args...)` is deprecated. Please use `torch.amp.GradScaler('cuda', args...)` instead.
7836.9s 3496 scaler = torch.cuda.amp.GradScaler(enabled=use_amp)
7836.9s 3497 
7836.9s 3498 /tmp/ipykernel_23/1756534611.py:49: FutureWarning: `torch.cuda.amp.GradScaler(args...)` is deprecated. Please use `torch.amp.GradScaler('cuda', args...)` instead.
7836.9s 3499 scaler = torch.cuda.amp.GradScaler(enabled=use_amp)
7841.0s 3500 [fold4-seed44-CurvatureDynamics] epoch 01/30  train_loss=1.2744  val_loss=1.4180  val_dice=0.0213  lr=3.00e-04 *
7844.9s 3501 [fold4-seed44-CurvatureDynamics] epoch 02/30  train_loss=1.1743  val_loss=1.3278  val_dice=0.0251  lr=2.99e-04 *
7848.8s 3502 [fold4-seed44-CurvatureDynamics] epoch 03/30  train_loss=1.1651  val_loss=1.2386  val_dice=0.0225  lr=2.97e-04
7852.7s 3503 [fold4-seed44-CurvatureDynamics] epoch 04/30  train_loss=1.1595  val_loss=1.2473  val_dice=0.0243  lr=2.93e-04
7856.6s 3504 [fold4-seed44-CurvatureDynamics] epoch 05/30  train_loss=1.1564  val_loss=1.2854  val_dice=0.0241  lr=2.87e-04
7860.5s 3505 [fold4-seed44-CurvatureDynamics] epoch 06/30  train_loss=1.1522  val_loss=1.2154  val_dice=0.0251  lr=2.80e-04
7864.6s 3506 [fold4-seed44-CurvatureDynamics] epoch 07/30  train_loss=1.1508  val_loss=1.2730  val_dice=0.0249  lr=2.72e-04
7868.3s 3507 [fold4-seed44-CurvatureDynamics] epoch 08/30  train_loss=1.1431  val_loss=1.2668  val_dice=0.0259  lr=2.62e-04 *
7872.2s 3508 [fold4-seed44-CurvatureDynamics] epoch 09/30  train_loss=1.1429  val_loss=1.2554  val_dice=0.0268  lr=2.51e-04 *
7876.1s 3509 [fold4-seed44-CurvatureDynamics] epoch 10/30  train_loss=1.1366  val_loss=1.3336  val_dice=0.0268  lr=2.39e-04
7879.9s 3510 [fold4-seed44-CurvatureDynamics] epoch 11/30  train_loss=1.1325  val_loss=1.2764  val_dice=0.0281  lr=2.26e-04 *
7883.8s 3511 [fold4-seed44-CurvatureDynamics] epoch 12/30  train_loss=1.1303  val_loss=1.4225  val_dice=0.0300  lr=2.12e-04 *
7887.8s 3512 [fold4-seed44-CurvatureDynamics] epoch 13/30  train_loss=1.1280  val_loss=1.2808  val_dice=0.0270  lr=1.97e-04
7891.6s 3513 [fold4-seed44-CurvatureDynamics] epoch 14/30  train_loss=1.1239  val_loss=1.3992  val_dice=0.0288  lr=1.82e-04
7895.7s 3514 [fold4-seed44-CurvatureDynamics] epoch 15/30  train_loss=1.1217  val_loss=1.2622  val_dice=0.0305  lr=1.67e-04 *
7899.3s 3515 [fold4-seed44-CurvatureDynamics] epoch 16/30  train_loss=1.1211  val_loss=1.2753  val_dice=0.0328  lr=1.51e-04 *
7903.2s 3516 [fold4-seed44-CurvatureDynamics] epoch 17/30  train_loss=1.1160  val_loss=1.2129  val_dice=0.0316  lr=1.36e-04
7907.0s 3517 [fold4-seed44-CurvatureDynamics] epoch 18/30  train_loss=1.1125  val_loss=1.2843  val_dice=0.0314  lr=1.21e-04
7910.9s 3518 [fold4-seed44-CurvatureDynamics] epoch 19/30  train_loss=1.1135  val_loss=1.2712  val_dice=0.0299  lr=1.06e-04
7914.8s 3519 [fold4-seed44-CurvatureDynamics] epoch 20/30  train_loss=1.1101  val_loss=1.2839  val_dice=0.0340  lr=9.11e-05 *
7918.6s 3520 [fold4-seed44-CurvatureDynamics] epoch 21/30  train_loss=1.1079  val_loss=1.2512  val_dice=0.0298  lr=7.73e-05
7922.5s 3521 [fold4-seed44-CurvatureDynamics] epoch 22/30  train_loss=1.1063  val_loss=1.2624  val_dice=0.0328  lr=6.42e-05
7926.5s 3522 [fold4-seed44-CurvatureDynamics] epoch 23/30  train_loss=1.1044  val_loss=1.3109  val_dice=0.0336  lr=5.21e-05
7930.3s 3523 [fold4-seed44-CurvatureDynamics] epoch 24/30  train_loss=1.1067  val_loss=1.4060  val_dice=0.0359  lr=4.11e-05 *
7934.1s 3524 [fold4-seed44-CurvatureDynamics] epoch 25/30  train_loss=1.1046  val_loss=1.2738  val_dice=0.0329  lr=3.14e-05
7937.9s 3525 [fold4-seed44-CurvatureDynamics] epoch 26/30  train_loss=1.0998  val_loss=1.2438  val_dice=0.0324  lr=2.29e-05
7941.8s 3526 [fold4-seed44-CurvatureDynamics] epoch 27/30  train_loss=1.0999  val_loss=1.3377  val_dice=0.0345  lr=1.58e-05
7945.6s 3527 [fold4-seed44-CurvatureDynamics] epoch 28/30  train_loss=1.0992  val_loss=1.2993  val_dice=0.0338  lr=1.03e-05
7949.5s 3528 [fold4-seed44-CurvatureDynamics] epoch 29/30  train_loss=1.0990  val_loss=1.2949  val_dice=0.0331  lr=6.25e-06
7953.3s 3529 [fold4-seed44-CurvatureDynamics] epoch 30/30  train_loss=1.0968  val_loss=1.2980  val_dice=0.0330  lr=3.81e-06
7953.3s 3530 [fold4-seed44-CurvatureDynamics] early stopping at epoch 30 (no improvement in val dice for 6 epochs; best was epoch 24)
7954.3s 3531 [checkpoint] saved fold 4 seed 44 CurvatureDynamics result -> outputs/kfold_checkpoint_curvature_2d.csv
7954.3s 3532 
7954.3s 3533 ===== [CurvatureDynamics] Fold 4/5  |  seed 45 (4/5) =====
7954.9s 3534 lambda=0.20  alpha=0.02  ->  lesion-discrimination AUC = 0.4359  (n=8/8 usable batches)
7955.2s 3535 lambda=0.20  alpha=0.05  ->  lesion-discrimination AUC = 0.4578  (n=8/8 usable batches)
7955.5s 3536 lambda=0.20  alpha=0.10  ->  lesion-discrimination AUC = 0.3962  (n=8/8 usable batches)
7955.9s 3537 lambda=0.20  alpha=0.20  ->  lesion-discrimination AUC = 0.4418  (n=8/8 usable batches)
7956.2s 3538 lambda=0.40  alpha=0.02  ->  lesion-discrimination AUC = 0.4474  (n=8/8 usable batches)
7956.5s 3539 lambda=0.40  alpha=0.05  ->  lesion-discrimination AUC = 0.3959  (n=8/8 usable batches)
7957.0s 3540 lambda=0.40  alpha=0.10  ->  lesion-discrimination AUC = 0.4110  (n=8/8 usable batches)
7957.1s 3541 lambda=0.40  alpha=0.20  ->  lesion-discrimination AUC = 0.4040  (n=8/8 usable batches)
7957.4s 3542 lambda=0.60  alpha=0.02  ->  lesion-discrimination AUC = 0.4119  (n=8/8 usable batches)
7957.7s 3543 lambda=0.60  alpha=0.05  ->  lesion-discrimination AUC = 0.3815  (n=8/8 usable batches)
7958.0s 3544 lambda=0.60  alpha=0.10  ->  lesion-discrimination AUC = 0.3736  (n=8/8 usable batches)
7958.3s 3545 lambda=0.60  alpha=0.20  ->  lesion-discrimination AUC = 0.4591  (n=8/8 usable batches)
7958.6s 3546 lambda=0.80  alpha=0.02  ->  lesion-discrimination AUC = 0.4140  (n=8/8 usable batches)
7958.9s 3547 lambda=0.80  alpha=0.05  ->  lesion-discrimination AUC = 0.4047  (n=8/8 usable batches)
7959.3s 3548 lambda=0.80  alpha=0.10  ->  lesion-discrimination AUC = 0.3870  (n=8/8 usable batches)
7959.6s 3549 lambda=0.80  alpha=0.20  ->  lesion-discrimination AUC = 0.4198  (n=8/8 usable batches)
7959.9s 3550 /tmp/ipykernel_23/1756534611.py:49: FutureWarning: `torch.cuda.amp.GradScaler(args...)` is deprecated. Please use `torch.amp.GradScaler('cuda', args...)` instead.
7959.9s 3551 scaler = torch.cuda.amp.GradScaler(enabled=use_amp)
7959.9s 3552 
7959.9s 3553 /tmp/ipykernel_23/1756534611.py:49: FutureWarning: `torch.cuda.amp.GradScaler(args...)` is deprecated. Please use `torch.amp.GradScaler('cuda', args...)` instead.
7959.9s 3554 scaler = torch.cuda.amp.GradScaler(enabled=use_amp)
7964.1s 3555 [fold4-seed45-CurvatureDynamics] epoch 01/30  train_loss=1.4326  val_loss=1.3435  val_dice=0.0193  lr=3.00e-04 *
7968.0s 3556 [fold4-seed45-CurvatureDynamics] epoch 02/30  train_loss=1.2263  val_loss=1.2578  val_dice=0.0156  lr=2.99e-04
7971.9s 3557 [fold4-seed45-CurvatureDynamics] epoch 03/30  train_loss=1.1946  val_loss=1.2770  val_dice=0.0157  lr=2.97e-04
7975.8s 3558 [fold4-seed45-CurvatureDynamics] epoch 04/30  train_loss=1.1748  val_loss=1.2475  val_dice=0.0143  lr=2.93e-04
7979.9s 3559 [fold4-seed45-CurvatureDynamics] epoch 05/30  train_loss=1.1626  val_loss=1.3252  val_dice=0.0133  lr=2.87e-04
7983.8s 3560 [fold4-seed45-CurvatureDynamics] epoch 06/30  train_loss=1.1618  val_loss=1.3379  val_dice=0.0161  lr=2.80e-04
7987.8s 3561 [fold4-seed45-CurvatureDynamics] epoch 07/30  train_loss=1.1589  val_loss=1.2241  val_dice=0.0168  lr=2.72e-04
7987.8s 3562 [fold4-seed45-CurvatureDynamics] early stopping at epoch 7 (no improvement in val dice for 6 epochs; best was epoch 1)
7988.7s 3563 [checkpoint] saved fold 4 seed 45 CurvatureDynamics result -> outputs/kfold_checkpoint_curvature_2d.csv
7988.7s 3564 
7988.7s 3565 ===== [CurvatureDynamics] Fold 4/5  |  seed 46 (5/5) =====
7989.3s 3566 lambda=0.20  alpha=0.02  ->  lesion-discrimination AUC = 0.3696  (n=8/8 usable batches)
7989.7s 3567 lambda=0.20  alpha=0.05  ->  lesion-discrimination AUC = 0.3850  (n=8/8 usable batches)
7990.0s 3568 lambda=0.20  alpha=0.10  ->  lesion-discrimination AUC = 0.4343  (n=8/8 usable batches)
7990.3s 3569 lambda=0.20  alpha=0.20  ->  lesion-discrimination AUC = 0.3758  (n=8/8 usable batches)
7990.6s 3570 lambda=0.40  alpha=0.02  ->  lesion-discrimination AUC = 0.4107  (n=8/8 usable batches)
7990.9s 3571 lambda=0.40  alpha=0.05  ->  lesion-discrimination AUC = 0.3979  (n=8/8 usable batches)
7991.3s 3572 lambda=0.40  alpha=0.10  ->  lesion-discrimination AUC = 0.4318  (n=8/8 usable batches)
7991.6s 3573 lambda=0.40  alpha=0.20  ->  lesion-discrimination AUC = 0.4202  (n=8/8 usable batches)
7991.9s 3574 lambda=0.60  alpha=0.02  ->  lesion-discrimination AUC = 0.3704  (n=8/8 usable batches)
7992.2s 3575 lambda=0.60  alpha=0.05  ->  lesion-discrimination AUC = 0.4183  (n=8/8 usable batches)
7992.5s 3576 lambda=0.60  alpha=0.10  ->  lesion-discrimination AUC = 0.3611  (n=8/8 usable batches)
7992.8s 3577 lambda=0.60  alpha=0.20  ->  lesion-discrimination AUC = 0.4257  (n=8/8 usable batches)
7993.1s 3578 lambda=0.80  alpha=0.02  ->  lesion-discrimination AUC = 0.3928  (n=8/8 usable batches)
7993.4s 3579 lambda=0.80  alpha=0.05  ->  lesion-discrimination AUC = 0.3647  (n=8/8 usable batches)
7993.7s 3580 lambda=0.80  alpha=0.10  ->  lesion-discrimination AUC = 0.3992  (n=8/8 usable batches)
7994.1s 3581 lambda=0.80  alpha=0.20  ->  lesion-discrimination AUC = 0.3936  (n=8/8 usable batches)
7994.4s 3582 /tmp/ipykernel_23/1756534611.py:49: FutureWarning: `torch.cuda.amp.GradScaler(args...)` is deprecated. Please use `torch.amp.GradScaler('cuda', args...)` instead.
7994.4s 3583 scaler = torch.cuda.amp.GradScaler(enabled=use_amp)
7994.4s 3584 
7994.4s 3585 /tmp/ipykernel_23/1756534611.py:49: FutureWarning: `torch.cuda.amp.GradScaler(args...)` is deprecated. Please use `torch.amp.GradScaler('cuda', args...)` instead.
7994.4s 3586 scaler = torch.cuda.amp.GradScaler(enabled=use_amp)
7998.6s 3587 [fold4-seed46-CurvatureDynamics] epoch 01/30  train_loss=1.3220  val_loss=1.2322  val_dice=0.0177  lr=3.00e-04 *
8002.5s 3588 [fold4-seed46-CurvatureDynamics] epoch 02/30  train_loss=1.1835  val_loss=1.1712  val_dice=0.0132  lr=2.99e-04
8006.3s 3589 [fold4-seed46-CurvatureDynamics] epoch 03/30  train_loss=1.1800  val_loss=1.2366  val_dice=0.0131  lr=2.97e-04
8010.2s 3590 [fold4-seed46-CurvatureDynamics] epoch 04/30  train_loss=1.1751  val_loss=1.1504  val_dice=0.0141  lr=2.93e-04
8014.0s 3591 [fold4-seed46-CurvatureDynamics] epoch 05/30  train_loss=1.1682  val_loss=1.1411  val_dice=0.0160  lr=2.87e-04
8018.1s 3592 [fold4-seed46-CurvatureDynamics] epoch 06/30  train_loss=1.1658  val_loss=1.1652  val_dice=0.0157  lr=2.80e-04
8021.8s 3593 [fold4-seed46-CurvatureDynamics] epoch 07/30  train_loss=1.1591  val_loss=1.2451  val_dice=0.0163  lr=2.72e-04
8021.8s 3594 [fold4-seed46-CurvatureDynamics] early stopping at epoch 7 (no improvement in val dice for 6 epochs; best was epoch 1)
8022.9s 3595 [checkpoint] saved fold 4 seed 46 CurvatureDynamics result -> outputs/kfold_checkpoint_curvature_2d.csv
8022.9s 3596 
8022.9s 3597 [kfold-curv] fold 5/5: loading 16 train/val + 4 test patient(s) into cache...
8137.7s 3598 [SliceCache] loaded + precomputed 16 patient(s), 687 usable slice(s).
8166.1s 3599 [SliceCache] loaded + precomputed 4 patient(s), 174 usable slice(s).
8166.1s 3600 
8166.1s 3601 ===== [CurvatureDynamics] Fold 5/5  |  seed 42 (1/5) =====
8166.8s 3602 lambda=0.20  alpha=0.02  ->  lesion-discrimination AUC = 0.3757  (n=8/8 usable batches)
8167.2s 3603 lambda=0.20  alpha=0.05  ->  lesion-discrimination AUC = 0.3932  (n=8/8 usable batches)
8167.5s 3604 lambda=0.20  alpha=0.10  ->  lesion-discrimination AUC = 0.3897  (n=8/8 usable batches)
8168.0s 3605 lambda=0.20  alpha=0.20  ->  lesion-discrimination AUC = 0.3713  (n=8/8 usable batches)
8168.1s 3606 lambda=0.40  alpha=0.02  ->  lesion-discrimination AUC = 0.4030  (n=8/8 usable batches)
8168.4s 3607 lambda=0.40  alpha=0.05  ->  lesion-discrimination AUC = 0.4127  (n=8/8 usable batches)
8168.8s 3608 lambda=0.40  alpha=0.10  ->  lesion-discrimination AUC = 0.3955  (n=8/8 usable batches)
8169.1s 3609 lambda=0.40  alpha=0.20  ->  lesion-discrimination AUC = 0.3855  (n=8/8 usable batches)
8169.4s 3610 lambda=0.60  alpha=0.02  ->  lesion-discrimination AUC = 0.3908  (n=8/8 usable batches)
8169.7s 3611 lambda=0.60  alpha=0.05  ->  lesion-discrimination AUC = 0.3909  (n=8/8 usable batches)
8170.0s 3612 lambda=0.60  alpha=0.10  ->  lesion-discrimination AUC = 0.4352  (n=8/8 usable batches)
8170.3s 3613 lambda=0.60  alpha=0.20  ->  lesion-discrimination AUC = 0.3621  (n=8/8 usable batches)
8170.7s 3614 lambda=0.80  alpha=0.02  ->  lesion-discrimination AUC = 0.4326  (n=8/8 usable batches)
8171.0s 3615 lambda=0.80  alpha=0.05  ->  lesion-discrimination AUC = 0.3931  (n=8/8 usable batches)
8171.3s 3616 lambda=0.80  alpha=0.10  ->  lesion-discrimination AUC = 0.4054  (n=8/8 usable batches)
8171.6s 3617 lambda=0.80  alpha=0.20  ->  lesion-discrimination AUC = 0.3936  (n=8/8 usable batches)
8172.0s 3618 /tmp/ipykernel_23/1756534611.py:49: FutureWarning: `torch.cuda.amp.GradScaler(args...)` is deprecated. Please use `torch.amp.GradScaler('cuda', args...)` instead.
8172.0s 3619 scaler = torch.cuda.amp.GradScaler(enabled=use_amp)
8172.0s 3620 
8172.0s 3621 /tmp/ipykernel_23/1756534611.py:49: FutureWarning: `torch.cuda.amp.GradScaler(args...)` is deprecated. Please use `torch.amp.GradScaler('cuda', args...)` instead.
8172.0s 3622 scaler = torch.cuda.amp.GradScaler(enabled=use_amp)
8176.0s 3623 [fold5-seed42-CurvatureDynamics] epoch 01/30  train_loss=1.3010  val_loss=1.1396  val_dice=0.0055  lr=3.00e-04 *
8179.8s 3624 [fold5-seed42-CurvatureDynamics] epoch 02/30  train_loss=1.1909  val_loss=1.1668  val_dice=0.0043  lr=2.99e-04
8183.8s 3625 [fold5-seed42-CurvatureDynamics] epoch 03/30  train_loss=1.1813  val_loss=1.1271  val_dice=0.0057  lr=2.97e-04 *
8187.6s 3626 [fold5-seed42-CurvatureDynamics] epoch 04/30  train_loss=1.1703  val_loss=1.0940  val_dice=0.0067  lr=2.93e-04 *
8191.6s 3627 [fold5-seed42-CurvatureDynamics] epoch 05/30  train_loss=1.1673  val_loss=1.1004  val_dice=0.0068  lr=2.87e-04 *
8195.5s 3628 [fold5-seed42-CurvatureDynamics] epoch 06/30  train_loss=1.1628  val_loss=1.0859  val_dice=0.0069  lr=2.80e-04 *
8199.6s 3629 [fold5-seed42-CurvatureDynamics] epoch 07/30  train_loss=1.1619  val_loss=1.0911  val_dice=0.0060  lr=2.72e-04
8203.5s 3630 [fold5-seed42-CurvatureDynamics] epoch 08/30  train_loss=1.1571  val_loss=1.1197  val_dice=0.0064  lr=2.62e-04
8207.4s 3631 [fold5-seed42-CurvatureDynamics] epoch 09/30  train_loss=1.1518  val_loss=1.1042  val_dice=0.0061  lr=2.51e-04
8211.4s 3632 [fold5-seed42-CurvatureDynamics] epoch 10/30  train_loss=1.1533  val_loss=1.0863  val_dice=0.0076  lr=2.39e-04 *
8215.4s 3633 [fold5-seed42-CurvatureDynamics] epoch 11/30  train_loss=1.1458  val_loss=1.1018  val_dice=0.0068  lr=2.26e-04
8219.2s 3634 [fold5-seed42-CurvatureDynamics] epoch 12/30  train_loss=1.1421  val_loss=1.0950  val_dice=0.0069  lr=2.12e-04
8223.1s 3635 [fold5-seed42-CurvatureDynamics] epoch 13/30  train_loss=1.1396  val_loss=1.1094  val_dice=0.0069  lr=1.97e-04
8227.0s 3636 [fold5-seed42-CurvatureDynamics] epoch 14/30  train_loss=1.1388  val_loss=1.0829  val_dice=0.0075  lr=1.82e-04
8231.0s 3637 [fold5-seed42-CurvatureDynamics] epoch 15/30  train_loss=1.1330  val_loss=1.0919  val_dice=0.0071  lr=1.67e-04
8234.6s 3638 [fold5-seed42-CurvatureDynamics] epoch 16/30  train_loss=1.1320  val_loss=1.0937  val_dice=0.0075  lr=1.51e-04
8234.6s 3639 [fold5-seed42-CurvatureDynamics] early stopping at epoch 16 (no improvement in val dice for 6 epochs; best was epoch 10)
8236.0s 3640 [checkpoint] saved fold 5 seed 42 CurvatureDynamics result -> outputs/kfold_checkpoint_curvature_2d.csv
8236.0s 3641 
8236.0s 3642 ===== [CurvatureDynamics] Fold 5/5  |  seed 43 (2/5) =====
8236.6s 3643 lambda=0.20  alpha=0.02  ->  lesion-discrimination AUC = 0.4494  (n=8/8 usable batches)
8236.9s 3644 lambda=0.20  alpha=0.05  ->  lesion-discrimination AUC = 0.3401  (n=8/8 usable batches)
8237.2s 3645 lambda=0.20  alpha=0.10  ->  lesion-discrimination AUC = 0.3841  (n=8/8 usable batches)
8237.5s 3646 lambda=0.20  alpha=0.20  ->  lesion-discrimination AUC = 0.4152  (n=8/8 usable batches)
8237.8s 3647 lambda=0.40  alpha=0.02  ->  lesion-discrimination AUC = 0.3952  (n=8/8 usable batches)
8238.2s 3648 lambda=0.40  alpha=0.05  ->  lesion-discrimination AUC = 0.3750  (n=8/8 usable batches)
8238.5s 3649 lambda=0.40  alpha=0.10  ->  lesion-discrimination AUC = 0.3889  (n=8/8 usable batches)
8238.8s 3650 lambda=0.40  alpha=0.20  ->  lesion-discrimination AUC = 0.4150  (n=8/8 usable batches)
8239.1s 3651 lambda=0.60  alpha=0.02  ->  lesion-discrimination AUC = 0.4429  (n=8/8 usable batches)
8239.4s 3652 lambda=0.60  alpha=0.05  ->  lesion-discrimination AUC = 0.4098  (n=8/8 usable batches)
8239.7s 3653 lambda=0.60  alpha=0.10  ->  lesion-discrimination AUC = 0.4360  (n=8/8 usable batches)
8240.1s 3654 lambda=0.60  alpha=0.20  ->  lesion-discrimination AUC = 0.4505  (n=8/8 usable batches)
8240.4s 3655 lambda=0.80  alpha=0.02  ->  lesion-discrimination AUC = 0.3926  (n=8/8 usable batches)
8240.7s 3656 lambda=0.80  alpha=0.05  ->  lesion-discrimination AUC = 0.4347  (n=8/8 usable batches)
8241.0s 3657 lambda=0.80  alpha=0.10  ->  lesion-discrimination AUC = 0.3705  (n=8/8 usable batches)
8241.3s 3658 lambda=0.80  alpha=0.20  ->  lesion-discrimination AUC = 0.4098  (n=8/8 usable batches)
8241.7s 3659 /tmp/ipykernel_23/1756534611.py:49: FutureWarning: `torch.cuda.amp.GradScaler(args...)` is deprecated. Please use `torch.amp.GradScaler('cuda', args...)` instead.
8241.7s 3660 scaler = torch.cuda.amp.GradScaler(enabled=use_amp)
8241.7s 3661 
8241.7s 3662 /tmp/ipykernel_23/1756534611.py:49: FutureWarning: `torch.cuda.amp.GradScaler(args...)` is deprecated. Please use `torch.amp.GradScaler('cuda', args...)` instead.
8241.7s 3663 scaler = torch.cuda.amp.GradScaler(enabled=use_amp)
8245.8s 3664 [fold5-seed43-CurvatureDynamics] epoch 01/30  train_loss=1.2757  val_loss=1.3579  val_dice=0.0321  lr=3.00e-04 *
8249.6s 3665 [fold5-seed43-CurvatureDynamics] epoch 02/30  train_loss=1.1639  val_loss=1.3645  val_dice=0.0305  lr=2.99e-04
8253.4s 3666 [fold5-seed43-CurvatureDynamics] epoch 03/30  train_loss=1.1503  val_loss=1.2830  val_dice=0.0269  lr=2.97e-04
8257.3s 3667 [fold5-seed43-CurvatureDynamics] epoch 04/30  train_loss=1.1483  val_loss=1.4287  val_dice=0.0276  lr=2.93e-04
8261.2s 3668 [fold5-seed43-CurvatureDynamics] epoch 05/30  train_loss=1.1431  val_loss=1.2730  val_dice=0.0285  lr=2.87e-04
8265.0s 3669 [fold5-seed43-CurvatureDynamics] epoch 06/30  train_loss=1.1395  val_loss=1.3276  val_dice=0.0259  lr=2.80e-04
8269.0s 3670 [fold5-seed43-CurvatureDynamics] epoch 07/30  train_loss=1.1368  val_loss=1.4609  val_dice=0.0314  lr=2.72e-04
8269.0s 3671 [fold5-seed43-CurvatureDynamics] early stopping at epoch 7 (no improvement in val dice for 6 epochs; best was epoch 1)
8270.0s 3672 [checkpoint] saved fold 5 seed 43 CurvatureDynamics result -> outputs/kfold_checkpoint_curvature_2d.csv
8270.0s 3673 
8270.0s 3674 ===== [CurvatureDynamics] Fold 5/5  |  seed 44 (3/5) =====
8270.6s 3675 lambda=0.20  alpha=0.02  ->  lesion-discrimination AUC = 0.3864  (n=8/8 usable batches)
8270.9s 3676 lambda=0.20  alpha=0.05  ->  lesion-discrimination AUC = 0.3688  (n=8/8 usable batches)
8271.3s 3677 lambda=0.20  alpha=0.10  ->  lesion-discrimination AUC = 0.3874  (n=8/8 usable batches)
8271.6s 3678 lambda=0.20  alpha=0.20  ->  lesion-discrimination AUC = 0.3701  (n=8/8 usable batches)
8271.9s 3679 lambda=0.40  alpha=0.02  ->  lesion-discrimination AUC = 0.4040  (n=8/8 usable batches)
8272.2s 3680 lambda=0.40  alpha=0.05  ->  lesion-discrimination AUC = 0.3868  (n=8/8 usable batches)
8272.5s 3681 lambda=0.40  alpha=0.10  ->  lesion-discrimination AUC = 0.4043  (n=8/8 usable batches)
8272.8s 3682 lambda=0.40  alpha=0.20  ->  lesion-discrimination AUC = 0.3871  (n=8/8 usable batches)
8273.1s 3683 lambda=0.60  alpha=0.02  ->  lesion-discrimination AUC = 0.3688  (n=8/8 usable batches)
8273.4s 3684 lambda=0.60  alpha=0.05  ->  lesion-discrimination AUC = 0.3907  (n=8/8 usable batches)
8273.7s 3685 lambda=0.60  alpha=0.10  ->  lesion-discrimination AUC = 0.4088  (n=8/8 usable batches)
8274.0s 3686 lambda=0.60  alpha=0.20  ->  lesion-discrimination AUC = 0.3578  (n=8/8 usable batches)
8274.3s 3687 lambda=0.80  alpha=0.02  ->  lesion-discrimination AUC = 0.3971  (n=8/8 usable batches)
8274.6s 3688 lambda=0.80  alpha=0.05  ->  lesion-discrimination AUC = 0.3927  (n=8/8 usable batches)
8274.9s 3689 lambda=0.80  alpha=0.10  ->  lesion-discrimination AUC = 0.3588  (n=8/8 usable batches)
8275.3s 3690 lambda=0.80  alpha=0.20  ->  lesion-discrimination AUC = 0.4211  (n=8/8 usable batches)
8275.7s 3691 /tmp/ipykernel_23/1756534611.py:49: FutureWarning: `torch.cuda.amp.GradScaler(args...)` is deprecated. Please use `torch.amp.GradScaler('cuda', args...)` instead.
8275.7s 3692 scaler = torch.cuda.amp.GradScaler(enabled=use_amp)
8275.7s 3693 
8275.7s 3694 /tmp/ipykernel_23/1756534611.py:49: FutureWarning: `torch.cuda.amp.GradScaler(args...)` is deprecated. Please use `torch.amp.GradScaler('cuda', args...)` instead.
8275.7s 3695 scaler = torch.cuda.amp.GradScaler(enabled=use_amp)
8279.8s 3696 [fold5-seed44-CurvatureDynamics] epoch 01/30  train_loss=1.3021  val_loss=1.1124  val_dice=0.0022  lr=3.00e-04 *
8283.7s 3697 [fold5-seed44-CurvatureDynamics] epoch 02/30  train_loss=1.1906  val_loss=1.1010  val_dice=0.0018  lr=2.99e-04
8287.6s 3698 [fold5-seed44-CurvatureDynamics] epoch 03/30  train_loss=1.1855  val_loss=1.0966  val_dice=0.0018  lr=2.97e-04
8291.6s 3699 [fold5-seed44-CurvatureDynamics] epoch 04/30  train_loss=1.1854  val_loss=1.0659  val_dice=0.0018  lr=2.93e-04
8295.4s 3700 [fold5-seed44-CurvatureDynamics] epoch 05/30  train_loss=1.1764  val_loss=1.0619  val_dice=0.0021  lr=2.87e-04
8299.4s 3701 [fold5-seed44-CurvatureDynamics] epoch 06/30  train_loss=1.1730  val_loss=1.0611  val_dice=0.0023  lr=2.80e-04 *
8303.3s 3702 [fold5-seed44-CurvatureDynamics] epoch 07/30  train_loss=1.1634  val_loss=1.0941  val_dice=0.0016  lr=2.72e-04
8307.2s 3703 [fold5-seed44-CurvatureDynamics] epoch 08/30  train_loss=1.1597  val_loss=1.0611  val_dice=0.0019  lr=2.62e-04
8311.0s 3704 [fold5-seed44-CurvatureDynamics] epoch 09/30  train_loss=1.1584  val_loss=1.0546  val_dice=0.0024  lr=2.51e-04 *
8314.9s 3705 [fold5-seed44-CurvatureDynamics] epoch 10/30  train_loss=1.1531  val_loss=1.0565  val_dice=0.0022  lr=2.39e-04
8318.7s 3706 [fold5-seed44-CurvatureDynamics] epoch 11/30  train_loss=1.1516  val_loss=1.0685  val_dice=0.0022  lr=2.26e-04
8322.8s 3707 [fold5-seed44-CurvatureDynamics] epoch 12/30  train_loss=1.1484  val_loss=1.0606  val_dice=0.0027  lr=2.12e-04 *
8326.5s 3708 [fold5-seed44-CurvatureDynamics] epoch 13/30  train_loss=1.1476  val_loss=1.1073  val_dice=0.0021  lr=1.97e-04
8330.3s 3709 [fold5-seed44-CurvatureDynamics] epoch 14/30  train_loss=1.1488  val_loss=1.0467  val_dice=0.0038  lr=1.82e-04 *
8334.1s 3710 [fold5-seed44-CurvatureDynamics] epoch 15/30  train_loss=1.1366  val_loss=1.0509  val_dice=0.0034  lr=1.67e-04
8338.0s 3711 [fold5-seed44-CurvatureDynamics] epoch 16/30  train_loss=1.1361  val_loss=1.0574  val_dice=0.0032  lr=1.51e-04
8341.9s 3712 [fold5-seed44-CurvatureDynamics] epoch 17/30  train_loss=1.1321  val_loss=1.0627  val_dice=0.0026  lr=1.36e-04
8345.8s 3713 [fold5-seed44-CurvatureDynamics] epoch 18/30  train_loss=1.1300  val_loss=1.0499  val_dice=0.0032  lr=1.21e-04
8349.6s 3714 [fold5-seed44-CurvatureDynamics] epoch 19/30  train_loss=1.1257  val_loss=1.0510  val_dice=0.0031  lr=1.06e-04
8353.6s 3715 [fold5-seed44-CurvatureDynamics] epoch 20/30  train_loss=1.1238  val_loss=1.0515  val_dice=0.0035  lr=9.11e-05
8353.6s 3716 [fold5-seed44-CurvatureDynamics] early stopping at epoch 20 (no improvement in val dice for 6 epochs; best was epoch 14)
8354.5s 3717 [checkpoint] saved fold 5 seed 44 CurvatureDynamics result -> outputs/kfold_checkpoint_curvature_2d.csv
8354.5s 3718 
8354.5s 3719 ===== [CurvatureDynamics] Fold 5/5  |  seed 45 (4/5) =====
8355.1s 3720 lambda=0.20  alpha=0.02  ->  lesion-discrimination AUC = 0.4070  (n=8/8 usable batches)
8355.4s 3721 lambda=0.20  alpha=0.05  ->  lesion-discrimination AUC = 0.3936  (n=8/8 usable batches)
8355.7s 3722 lambda=0.20  alpha=0.10  ->  lesion-discrimination AUC = 0.4042  (n=8/8 usable batches)
8356.0s 3723 lambda=0.20  alpha=0.20  ->  lesion-discrimination AUC = 0.3751  (n=8/8 usable batches)
8356.3s 3724 lambda=0.40  alpha=0.02  ->  lesion-discrimination AUC = 0.4248  (n=8/8 usable batches)
8356.6s 3725 lambda=0.40  alpha=0.05  ->  lesion-discrimination AUC = 0.4193  (n=8/8 usable batches)
8356.9s 3726 lambda=0.40  alpha=0.10  ->  lesion-discrimination AUC = 0.3973  (n=8/8 usable batches)
8357.2s 3727 lambda=0.40  alpha=0.20  ->  lesion-discrimination AUC = 0.4194  (n=8/8 usable batches)
8357.5s 3728 lambda=0.60  alpha=0.02  ->  lesion-discrimination AUC = 0.3902  (n=8/8 usable batches)
8357.8s 3729 lambda=0.60  alpha=0.05  ->  lesion-discrimination AUC = 0.3941  (n=8/8 usable batches)
8358.1s 3730 lambda=0.60  alpha=0.10  ->  lesion-discrimination AUC = 0.3379  (n=8/8 usable batches)
8358.4s 3731 lambda=0.60  alpha=0.20  ->  lesion-discrimination AUC = 0.3520  (n=8/8 usable batches)
8358.8s 3732 lambda=0.80  alpha=0.02  ->  lesion-discrimination AUC = 0.3557  (n=8/8 usable batches)
8359.1s 3733 lambda=0.80  alpha=0.05  ->  lesion-discrimination AUC = 0.4175  (n=8/8 usable batches)
8359.4s 3734 lambda=0.80  alpha=0.10  ->  lesion-discrimination AUC = 0.4125  (n=8/8 usable batches)
8359.7s 3735 lambda=0.80  alpha=0.20  ->  lesion-discrimination AUC = 0.3948  (n=8/8 usable batches)
8360.1s 3736 /tmp/ipykernel_23/1756534611.py:49: FutureWarning: `torch.cuda.amp.GradScaler(args...)` is deprecated. Please use `torch.amp.GradScaler('cuda', args...)` instead.
8360.1s 3737 scaler = torch.cuda.amp.GradScaler(enabled=use_amp)
8360.1s 3738 
8360.1s 3739 /tmp/ipykernel_23/1756534611.py:49: FutureWarning: `torch.cuda.amp.GradScaler(args...)` is deprecated. Please use `torch.amp.GradScaler('cuda', args...)` instead.
8360.1s 3740 scaler = torch.cuda.amp.GradScaler(enabled=use_amp)
8364.2s 3741 [fold5-seed45-CurvatureDynamics] epoch 01/30  train_loss=1.4375  val_loss=1.2626  val_dice=0.0105  lr=3.00e-04 *
8368.1s 3742 [fold5-seed45-CurvatureDynamics] epoch 02/30  train_loss=1.2301  val_loss=1.2584  val_dice=0.0093  lr=2.99e-04
8372.0s 3743 [fold5-seed45-CurvatureDynamics] epoch 03/30  train_loss=1.1953  val_loss=1.2091  val_dice=0.0102  lr=2.97e-04
8375.9s 3744 [fold5-seed45-CurvatureDynamics] epoch 04/30  train_loss=1.1770  val_loss=1.2771  val_dice=0.0091  lr=2.93e-04
8379.8s 3745 [fold5-seed45-CurvatureDynamics] epoch 05/30  train_loss=1.1718  val_loss=1.2034  val_dice=0.0088  lr=2.87e-04
8383.9s 3746 [fold5-seed45-CurvatureDynamics] epoch 06/30  train_loss=1.1659  val_loss=1.2167  val_dice=0.0095  lr=2.80e-04
8387.7s 3747 [fold5-seed45-CurvatureDynamics] epoch 07/30  train_loss=1.1575  val_loss=1.2109  val_dice=0.0096  lr=2.72e-04
8387.7s 3748 [fold5-seed45-CurvatureDynamics] early stopping at epoch 7 (no improvement in val dice for 6 epochs; best was epoch 1)
8388.7s 3749 [checkpoint] saved fold 5 seed 45 CurvatureDynamics result -> outputs/kfold_checkpoint_curvature_2d.csv
8388.7s 3750 
8388.7s 3751 ===== [CurvatureDynamics] Fold 5/5  |  seed 46 (5/5) =====
8389.4s 3752 lambda=0.20  alpha=0.02  ->  lesion-discrimination AUC = 0.3425  (n=8/8 usable batches)
8389.7s 3753 lambda=0.20  alpha=0.05  ->  lesion-discrimination AUC = 0.3614  (n=8/8 usable batches)
8390.0s 3754 lambda=0.20  alpha=0.10  ->  lesion-discrimination AUC = 0.3492  (n=8/8 usable batches)
8390.3s 3755 lambda=0.20  alpha=0.20  ->  lesion-discrimination AUC = 0.3468  (n=8/8 usable batches)
8390.6s 3756 lambda=0.40  alpha=0.02  ->  lesion-discrimination AUC = 0.3444  (n=8/8 usable batches)
8390.9s 3757 lambda=0.40  alpha=0.05  ->  lesion-discrimination AUC = 0.3389  (n=8/8 usable batches)
8391.2s 3758 lambda=0.40  alpha=0.10  ->  lesion-discrimination AUC = 0.3945  (n=8/8 usable batches)
8391.5s 3759 lambda=0.40  alpha=0.20  ->  lesion-discrimination AUC = 0.3592  (n=8/8 usable batches)
8391.8s 3760 lambda=0.60  alpha=0.02  ->  lesion-discrimination AUC = 0.3355  (n=8/8 usable batches)
8392.2s 3761 lambda=0.60  alpha=0.05  ->  lesion-discrimination AUC = 0.4122  (n=8/8 usable batches)
8392.5s 3762 lambda=0.60  alpha=0.10  ->  lesion-discrimination AUC = 0.3556  (n=8/8 usable batches)
8392.8s 3763 lambda=0.60  alpha=0.20  ->  lesion-discrimination AUC = 0.3672  (n=8/8 usable batches)
8393.1s 3764 lambda=0.80  alpha=0.02  ->  lesion-discrimination AUC = 0.3810  (n=8/8 usable batches)
8393.4s 3765 lambda=0.80  alpha=0.05  ->  lesion-discrimination AUC = 0.3822  (n=8/8 usable batches)
8393.7s 3766 lambda=0.80  alpha=0.10  ->  lesion-discrimination AUC = 0.3721  (n=8/8 usable batches)
8394.1s 3767 lambda=0.80  alpha=0.20  ->  lesion-discrimination AUC = 0.3397  (n=8/8 usable batches)
8394.7s 3768 /tmp/ipykernel_23/1756534611.py:49: FutureWarning: `torch.cuda.amp.GradScaler(args...)` is deprecated. Please use `torch.amp.GradScaler('cuda', args...)` instead.
8394.7s 3769 scaler = torch.cuda.amp.GradScaler(enabled=use_amp)
8394.7s 3770 
8394.7s 3771 /tmp/ipykernel_23/1756534611.py:49: FutureWarning: `torch.cuda.amp.GradScaler(args...)` is deprecated. Please use `torch.amp.GradScaler('cuda', args...)` instead.
8394.7s 3772 scaler = torch.cuda.amp.GradScaler(enabled=use_amp)
8398.8s 3773 [fold5-seed46-CurvatureDynamics] epoch 01/30  train_loss=1.3294  val_loss=1.2332  val_dice=0.0175  lr=3.00e-04 *
8402.7s 3774 [fold5-seed46-CurvatureDynamics] epoch 02/30  train_loss=1.1780  val_loss=1.2011  val_dice=0.0144  lr=2.99e-04
8406.5s 3775 [fold5-seed46-CurvatureDynamics] epoch 03/30  train_loss=1.1662  val_loss=1.1966  val_dice=0.0152  lr=2.97e-04
8410.4s 3776 [fold5-seed46-CurvatureDynamics] epoch 04/30  train_loss=1.1638  val_loss=1.2109  val_dice=0.0150  lr=2.93e-04
8414.4s 3777 [fold5-seed46-CurvatureDynamics] epoch 05/30  train_loss=1.1593  val_loss=1.1991  val_dice=0.0163  lr=2.87e-04
8418.3s 3778 [fold5-seed46-CurvatureDynamics] epoch 06/30  train_loss=1.1572  val_loss=1.2434  val_dice=0.0164  lr=2.80e-04
8422.1s 3779 [fold5-seed46-CurvatureDynamics] epoch 07/30  train_loss=1.1547  val_loss=1.3249  val_dice=0.0139  lr=2.72e-04
8422.1s 3780 [fold5-seed46-CurvatureDynamics] early stopping at epoch 7 (no improvement in val dice for 6 epochs; best was epoch 1)
8423.2s 3781 [checkpoint] saved fold 5 seed 46 CurvatureDynamics result -> outputs/kfold_checkpoint_curvature_2d.csv
8423.3s 3782 
8423.3s 3783 Per-fold-per-seed results [CurvatureDynamics]:
8423.3s 3784 model  fold  seed  psnr_mean  ssim_mean  dice_mean
8423.3s 3785 0   CurvatureDynamics     1    42  25.911951   0.854310   0.320561
8423.3s 3786 1   CurvatureDynamics     1    43  17.924347   0.447216   0.180866
8423.3s 3787 2   CurvatureDynamics     1    44  25.871035   0.807385   0.379690
8423.3s 3788 3   CurvatureDynamics     1    45  14.855831   0.474111   0.206915
8423.3s 3789 4   CurvatureDynamics     1    46  25.658820   0.866746   0.308795
8423.3s 3790 5   CurvatureDynamics     2    42  27.194271   0.842043   0.431156
8423.3s 3791 6   CurvatureDynamics     2    43  25.570770   0.642352   0.314938
8423.3s 3792 7   CurvatureDynamics     2    44  19.063341   0.518111   0.492231
8423.3s 3793 8   CurvatureDynamics     2    45  15.617515   0.491522   0.235130
8423.3s 3794 9   CurvatureDynamics     2    46  20.927090   0.794052   0.474967
8423.3s 3795 10  CurvatureDynamics     3    42  23.926332   0.796221   0.200462
8423.3s 3796 11  CurvatureDynamics     3    43  23.609161   0.727849   0.226822
8423.3s 3797 12  CurvatureDynamics     3    44  23.912536   0.805657   0.200637
8423.3s 3798 13  CurvatureDynamics     3    45  23.636337   0.741700   0.240942
8423.3s 3799 14  CurvatureDynamics     3    46  20.628353   0.638916   0.212360
8423.3s 3800 15  CurvatureDynamics     4    42  26.874531   0.839068   0.498268
8423.3s 3801 16  CurvatureDynamics     4    43  18.339718   0.368953   0.286607
8423.3s 3802 17  CurvatureDynamics     4    44  27.285438   0.838529   0.590270
8423.3s 3803 18  CurvatureDynamics     4    45  14.970260   0.669820   0.401491
8423.3s 3804 19  CurvatureDynamics     4    46  21.454877   0.680992   0.318331
8423.3s 3805 20  CurvatureDynamics     5    42  27.058583   0.617625   0.262097
8423.3s 3806 21  CurvatureDynamics     5    43  18.998245   0.435359   0.265319
8423.3s 3807 22  CurvatureDynamics     5    44  27.751547   0.890640   0.328133
8423.3s 3808 23  CurvatureDynamics     5    45  14.383212   0.760209   0.313415
8423.3s 3809 24  CurvatureDynamics     5    46  20.407626   0.643794   0.342478
8423.3s 3810 
8423.3s 3811 Across-fold x seed summary [CurvatureDynamics] (k=5 folds x 5 seeds = 25 runs):
8423.3s 3812 psnr_mean           ssim_mean          dice_mean
8423.3s 3813 mean       std      mean      std      mean       std
8423.3s 3814 model
8423.3s 3815 CurvatureDynamics  22.073269  4.373168  0.687727  0.15535  0.321315  0.108714
8423.3s 3816 
8423.3s 3817 === Combined k-fold x multi-seed summary: Baseline vs SCL-Latent vs CurvatureDynamics ===
8423.3s 3818 psnr_mean           ssim_mean           dice_mean
8423.3s 3819 mean       std      mean       std      mean       std
8423.3s 3820 model
8423.3s 3821 Baseline           22.746153  3.164376  0.638665  0.168791  0.337051  0.129356
8423.3s 3822 SCL-World          23.990569  3.423681  0.662237  0.183857  0.355038  0.106097
8423.3s 3823 CurvatureDynamics  22.073269  4.373168  0.687727  0.155350  0.321315  0.108714
8423.3s 3824 
8423.3s 3825 [decision check] SCL-Latent Dice: 0.355 +/- 0.106  (k-fold x multi-seed, n=25 runs)
8423.3s 3826 [decision check] CurvatureDynamics Dice: 0.321 +/- 0.109  (k-fold x multi-seed, n=25 runs)
8423.3s 3827 [decision check] CurvatureDynamics does NOT clearly beat SCL-Latent under this protocol (either lower mean Dice, or meaningfully higher variance, or both). Report both variants transparently -- this is itself a legitimate and useful finding for the paper's ablation section, consistent with how Section 6.2 already treats protocol-dependent reversals.
8423.6s 3828 Saved outputs/multiseed_results_2d.csv and outputs/multiseed_summary_2d.csv
8423.6s 3829 Saved outputs/kfold_results_2d.csv and outputs/kfold_summary_2d.csv
8423.6s 3830 Saved model weights, config, results, and full training histories to ./outputs/
8423.6s 3831 Saved outputs/curvature_multiseed_results_2d.csv, curvature_multiseed_summary_2d.csv, combined_multiseed_summary_2d.csv
8423.6s 3832 Saved outputs/curvature_kfold_results_2d.csv, curvature_kfold_summary_2d.csv, combined_kfold_summary_2d.csv
8424.4s 3833 Saved outputs/training_curves_2d.png
8430.0s 3834 /usr/local/lib/python3.12/dist-packages/mistune.py:435: SyntaxWarning: invalid escape sequence '\|'
8430.0s 3835 cells[i][c] = re.sub('\\\\\|', '|', cell)
8430.2s 3836 /usr/local/lib/python3.12/dist-packages/nbconvert/filters/filter_links.py:36: SyntaxWarning: invalid escape sequence '\_'
8430.2s 3837 text = re.sub(r'_', '\_', text) # Escape underscores in display text
8430.8s 3838 [NbConvertApp] Converting notebook __notebook__.ipynb to notebook
8431.6s 3839 [NbConvertApp] Writing 1166125 bytes to __notebook__.ipynb
8433.9s 3840 [NbConvertApp] Converting notebook __notebook__.ipynb to html
8435.3s 3841 [NbConvertApp] Support files will be in __results___files/
8435.3s 3842 [NbConvertApp] Making directory __results___files
8435.3s 3843 [NbConvertApp] Making directory __results___files
8435.3s 3844 [NbConvertApp] Making directory __results___files
8435.3s 3845 [NbConvertApp] Making directory __results___files
8435.3s 3846 [NbConvertApp] Making directory __results___files
8435.3s 3847 [NbConvertApp] Making directory __results___files
8435.3s 3848 [NbConvertApp] Making directory __results___files
8435.3s 3849 [NbConvertApp] Making directory __results___files
8435.3s 3850 [NbConvertApp] Writing 1244636 bytes to __results__.html